4293205205726121|04|28|886
4848100077836019|03|28|142
4848100077716724|03|28|586
5444880155450131|04|27|638
4677851510885593|09|27|932
5598886014221278|02|27|454
5196032151394133|03|27|384
5363470065964442|06|30|425
5299420006355902|03|27|740
4165981544016797|03|27|519
4848100080701929|08|28|240
5599980005771018|07|27|526
4848100065566131|08|26|147
5491862026769271|06|28|646
4773760902227988|01|27|895
4921418012091296|09|27|878
5488093708013177|04|27|258
5363470054172999|09|29|811
4552051007701649|07|26|642
4895040524931413|03|27|774
5520023301891208|05|27|319
5491862022784605|12|26|110
4552051003067631|10|26|085
5239100005053095|07|27|396
5489888807828899|02|27|653
4377660000648046|10|26|354
4303063400268029|10|26|018
5521152700529835|09|28|059
4417707302837488|05|27|936
4283322084165321|11|26|111
5203539125207424|10|26|020
4162026286256517|08|27|526
4621469904333687|10|27|577
5229859330641112|07|27|320
4799689039481384|02|27|012
5520408430801030|07|27|168
4518354294973217|09|27|858
4902970001154272|12|26|937
5407160010148823|02|27|343
5256682105787183|06|26|771
4283322094544226|04|27|223
4766725001958089|08|27|618
5276012791869804|10|26|991
5509890034514736|06|28|826
4303063400557843|12|26|914
4286090162522286|10|26|172
4617729015088736|06|27|939
5179685990919005|07|26|230
5265580025753815|04|29|499
4678515001507409|10|27|810
5148826033267808|04|27|085
4693080245326687|06|26|729
4378410002071543|07|27|269
4034185303111315|09|26|899
4221550010721651|10|26|365
4283322104152689|04|28|342
5180981000146847|06|26|477
5196032155805159|07|27|643
4693080499704753|01|27|585
4165490201208184|12|27|324
5577918800223633|11|26|345
5286677079644059|12|27|017
4693080247989813|10|26|912
5239620009580751|06|26|255
5191670028994794|10|26|158
5196032144522576|09|26|843
5315910008799412|08|28|229
4784489505749092|07|27|177
4546320102778128|09|26|235
4678515001138296|09|26|809
4799689039921918|03|27|293
5203539127241744|10|26|559
4162982202346446|05|27|592
4162026407254607|07|27|424
4895040518587866|02|27|230
4391370013049222|08|26|904
5394111100134277|06|28|486
5491862018549087|10|26|430
4842810350032534|10|26|569
5414963709077364|03|27|645
4162026262436364|06|26|496
4303063006492379|07|27|096
4842810339317709|04|27|972
5423398906158015|07|26|766
5194693010216122|11|26|932
4460320038192578|02|27|663
4218080516285709|11|26|435
4380450182713601|08|26|065
5271739000528384|09|27|083
4552051003785794|10|27|414
4221510482703421|02|27|844
5246891080160489|03|28|568
4685070500177123|10|26|115
4661601040286939|07|27|401
4848100081977825|09|28|809
5179888114993001|02|27|892
5543026020038848|02|27|940
4283322106290099|05|28|078
4162950111987618|11|27|005
5195980458250237|07|26|550
5491862019994555|07|26|677
4283322100604600|02|28|366
4895040479044667|12|27|780
4929136202488005|06|27|360
5577550102532765|11|26|397
4659506530529769|09|27|231
4199560200238059|12|26|135
4799689042311933|08|27|523
4283322083246692|10|26|252
5237362246944175|02|28|675
5464971070653803|02|27|034
5194953735191657|07|27|372
5101860001532047|10|26|337
4773760706147523|01|27|807
4678515001649623|10|27|185
4677853511219731|11|26|786
5196032142198866|07|26|509
5316811127194072|07|30|691
4848100078235625|03|28|674
4784488004127412|08|27|096
5598881005493226|06|26|587
4215844602215570|09|26|896
5497821805296884|02|27|329
4632252047112045|06|28|544
4396910005874551|10|27|497
4799689040055748|03|27|763
4659436046582567|09|27|558
4033754011676215|05|27|758
4632252041803466|01|27|307
4391370030068528|08|27|445
4182308709027444|11|28|939
4293209205898419|04|28|480
5265580018957597|10|26|082
5491862020794432|11|26|338
4628450059501503|03|27|602
4304450803111519|05|27|886
4848100071275040|08|27|020
4303063401061928|05|27|753
4119110093789045|07|27|511
5264711024273395|09|26|307
4632252037984411|09|26|065
4162026268886042|10|26|857
4578890001526050|05|27|311
4848100077485734|02|28|598
4848100068260310|02|27|284
4748441471247556|06|29|508
4182384023370521|09|26|186
4059986092438128|02|28|346
5315910006986896|05|27|393
4375511216903208|05|29|018
5196032142053996|07|26|989
4890120153416590|08|27|692
5137080015312116|07|27|079
4283322098199589|12|27|191
5125711989136107|08|26|591
4693080254243708|11|27|327
4929125161737007|09|26|222
4799691000916257|07|26|794
5363480033020193|01|27|152
5210690278570554|04|27|961
5265580020188579|06|27|134
4628450057809395|08|27|521
4622695260077257|07|27|061
5424587006507282|11|27|156
5203539128298230|10|26|466
4265693005038082|05|27|086
5520380013308917|06|26|028
4303063008470498|11|27|633
4026490003727885|03|27|248
4848100075776001|01|28|310
5363470053214271|07|28|096
5425503300444162|10|27|637
5363470062935676|04|29|839
4119110094017644|06|28|932
4391370027507991|08|26|154
4848100074534765|12|27|291
4283322096056450|07|27|912
4895040466595036|09|27|238
4283322096550213|09|27|952
4417707601454209|07|27|215
5363470078162547|02|30|405
5224407000599213|06|26|847
5521154008104238|03|27|654
4417704016828408|11|26|399
4539716807406437|11|26|219
377965530184950|08|27|8310
4931203103446106|01|27|565
4748440380244894|03|28|462
4375070109876765|03|29|838
379185135647248|11|27|3438
4033752006592231|05|27|637
4902825501180864|11|28|238
4617729012397981|06|26|777
4283322112617319|08|28|064
4678515005138581|09|28|389
4909371201822292|03|27|452
5363470084821102|01|30|834
4283322094763701|04|27|132
4367413441393406|03|27|090
4080020100717043|08|26|228
5520023300642503|01|27|043
5229859195928117|08|26|280
4391370029633431|06|27|003
4658877530828449|02|27|920
4895040565408131|05|27|289
4784870070999438|06|26|980
4119110093296348|07|26|419
4165982714049089|09|27|732
4149313000938903|05|27|981
4552051008262187|02|27|911
4678515006635403|01|29|222
5491862026157279|05|28|871
5521154008278412|07|27|104
4391370028211627|11|26|865
4632252032542990|08|26|749
5256682106987022|01|28|653
5363470006822592|07|27|465
5496272013373480|09|26|405
5520380056486828|01|29|678
4678930093233105|04|27|661
5363470083582887|09|30|257
4596940005159487|07|27|497
5409123050980719|11|26|688
5363470052431413|07|29|409
4902820045731066|01|29|751
4386680039548115|12|26|188
4059986089052734|09|27|331
5355220764691840|07|27|381
4659445313637392|09|27|198
4283322098532003|12|27|299
4770282706652272|10|26|450
4693080252228917|07|27|590
4552051008345081|11|27|071
5222300041735296|09|26|278
4909371203226781|04|27|060
5271731000411315|12|26|972
5577557510124127|06|26|201
5481170000067619|10|28|868
5491862023045964|12|28|947
4199270016219786|07|27|219
5488093708058248|05|27|007
4864183020374709|07|27|979
4799689031087015|07|26|501
4773760110362114|08|27|587
5270691546718022|08|27|161
5213061000642623|10|27|169
4693080249116951|12|26|909
5318260033840543|06|27|893
5226040049533006|08|27|542
5196032142721014|07|26|139
5195980709748047|04|27|478
4895040485248898|01|27|533
5199016633779166|02|27|289
4162960192553205|11|27|430
4848100083297313|10|28|931
4119110094174387|12|28|925
5594100016308420|01|27|078
5491862017955806|07|26|460
5334670018713798|06|26|109
4162026280065203|05|27|897
4580881117167513|03|28|987
4391370027412846|07|26|912
4391370030686436|10|27|264
4059986098394341|11|28|845
4504815001749260|11|26|615
5354564613320841|09|27|472
5363435580575965|07|29|728
4632252044688666|04|28|863
4059986078918630|08|26|786
4693080252818196|06|27|231
4143662399000964|07|27|059
5210690458754903|08|27|544
4386243608288645|09|27|606
4033752006876352|12|27|698
4162950107804082|04|27|075
4162026406582644|12|26|444
4391370016037117|06|27|025
4391370028948509|02|27|121
4659013924905010|12|26|074
4059986086221787|06|27|195
4799689036472790|11|26|032
4460310038692065|09|26|300
4028939112461321|10|26|263
4386759008276120|09|26|570
5210690536411179|07|27|036
4303063401131150|07|27|013
4283322091467553|10|27|125
4848100067635561|12|26|267
4377660101870044|06|27|625
5179820607984007|08|27|283
5318260033716792|06|27|587
4541982336560567|12|26|326
4895040585768183|11|27|196
4628450053448628|07|26|618
5424587006305786|10|27|470
5594056952000829|02|27|522
4706860000301586|02|27|944
5101860004118786|08|27|444
4162960193338192|01|27|608
4199560200130892|11|26|430
5179512402222408|10|26|422
4417708200704523|12|26|699
5229859762394115|01|27|022
4848100073827731|11|27|123
5196032141862934|07|26|920
4848100077373054|02|28|528
5286672224387787|12|27|876
5395937412008471|12|30|000
4025300000489572|06|28|288
4368610230358008|07|27|759
4283322112187461|08|28|501
4966230235813737|04|27|827
4835610450600571|06|26|685
4658594762852035|08|27|619
5242558806060350|05|29|145
5412282118140420|12|26|931
5196032151711542|03|27|685
4539669008442711|07|26|683
4546260063675113|08|26|148
4162026265218892|07|26|238
4162027901002914|09|27|784
4748441520068441|01|28|948
5424587005587558|05|27|879
4848100077906028|03|28|283
4895040557654783|03|27|858
4895040548322144|12|27|050
4580030824060443|06|26|560
5286673564290854|12|27|225
5354564682015306|11|26|465
4200490004042001|10|29|879
4119110094380471|06|29|042
4677845105247367|02|27|446
4165490067864252|01|27|944
5239100004926903|06|27|780
5196032146216862|11|26|336
4632252032496312|08|26|116
4902827059938511|07|29|258
4552051007929224|12|26|832
4417706505800491|08|26|744
4632252040077211|06|27|535
4766715002437498|08|26|891
4632252042485321|01|28|718
4162950169481563|02|28|357
4221820001728605|06|27|360
5424587006693421|11|27|610
5239760969000828|09|29|608
4848100067410288|11|26|039
4895040547071288|11|27|332
4678515009129503|06|29|654
5327501016905202|02|27|503
5221843150239445|11|26|219
4111460900126099|12|26|717
4645831102446268|12|26|718
5229859234791112|11|26|195
5509890034642453|06|28|066
4632252050738843|08|28|634
5520380054888249|01|27|642
5440443855326988|09|26|218
5363470094053076|05|29|537
5196032145972606|10|26|486
4283322093297420|01|27|384
4283322090533637|10|26|524
5491862024211177|03|28|210
4259450301624620|07|27|808
4570662800298670|07|27|684
4848100069097448|04|27|109
4678515010866473|09|29|357
5138929900190442|09|26|604
4160210828164221|06|26|566
4799689030225392|07|26|049
4050163002415799|02|27|956
4283322097669996|11|27|138
5424821057124618|07|26|458
4848100065957181|09|26|488
4570662800305731|07|27|671
5229859767737110|04|27|539
4283322091694214|10|26|423
374689015161001|08|27|5976
5521154007594587|04|27|188
4335876447371080|02|27|922
5286674935142535|12|27|546
4632252040139441|07|27|409
4283322083218295|10|26|330
4934719903173050|09|26|681
5286670641493576|12|27|954
5210690366837378|02|28|084
370197788481014|09|27|3806
5509890034445469|06|28|328
4119110093639018|01|27|958
4029236620754589|06|26|607
4628450053144524|09|26|021
4632252041089793|11|27|121
5210690436178894|03|27|825
4162960134852145|09|28|395
5488093700539500|12|26|505
5270697173483442|07|26|809
4786791029233182|07|26|841
5239100003530516|06|26|094
4766701004171863|01|28|839
4622869004626931|08|27|209
4567230000761825|12|27|255
4799610234869413|08|26|446
4315812158775015|09|28|361
4283322104914484|04|28|321
4895040538300399|08|27|678
5224407001187380|12|26|689
4553570288286110|09|26|215
5165260056315104|03|27|243
5306380014234658|08|27|027
4386759011106256|10|27|369
4550530069028217|10|29|487
4346765026789142|04|28|365
4364800000153846|08|27|320
5318260033777638|06|27|792
4842810530446364|04|27|029
4619840111402354|05|27|723
5222300044344146|06|27|577
5196032157781887|08|27|199
4895040528578368|05|27|461
5520380050873385|11|27|360
4162960199931057|04|28|818
4799689037608012|12|26|987
5191670041624915|05|27|695
5264710002177453|03|27|846
5265580025948761|04|29|290
5395937614846975|12|30|000
4162960110965358|10|27|748
4934719903612396|05|27|352
4165490125483095|06|27|628
5354569720001051|09|26|327
4848100075901104|01|28|937
4119110094319115|05|29|604
5363470068601389|12|28|030
5196032140824810|06|26|321
4799689035946778|10|26|562
4199560400295099|03|27|209
5125711386151105|01|27|961
4391370030797084|11|27|387
5286673994377305|12|27|727
4895040495158228|03|27|949
4565982031623828|07|27|685
5423398905514390|06|26|310
5199013212310422|03|27|062
4283322101287629|03|28|458
4283322109838829|07|28|085
4165986441150789|05|27|890
4726428696853033|10|29|270
4265884038294053|09|26|063
4848100077594337|02|28|827
5407160009733304|09|26|888
5265580021632765|12|27|264
4391370029141484|04|27|712
4261055002852747|03|27|304
5363470069961212|12|29|219
5395937614713837|12|30|000
5243010195802108|01|27|812
4162026261885165|06|26|880
5498341640473415|10|27|619
4365230024462990|09|29|325
5156998060019557|09|26|281
4848100067860441|12|26|940
4283322096598154|09|27|094
4895040548505532|12|27|666
4632252047794727|06|28|608
4162960193830529|01|28|457
4504819000026274|02|27|833
4222435000659302|05|27|909
4621469903802831|04|27|942
5521154005644186|09|26|955
5379920222748114|06|27|261
5355768048357661|12|29|283
5488093708830737|10|27|282
4678515005300892|09|28|468
5273515354806529|08|27|437
5222220003300345|06|27|642
4678515005220751|09|28|468
4155759655413231|07|29|512
5488093708206045|06|27|418
5273515980337121|07|27|536
4921426800621737|08|26|589
4585813600221866|10|26|122
4391370029830748|07|27|622
4162960147376363|10|27|543
5363480019545643|06|26|785
4221550012110655|01|27|642
5412889008322460|08|27|723
4539716806894922|08|26|148
4283322095211676|05|27|893
4895040498137872|07|27|681
5402565000257779|12|26|741
5491862027046133|07|28|696
5488093918193041|04|27|792
5399816151510440|06|28|074
3563420004656123|06|26|838
5468486990257441|11|27|459
4748440900180644|11|29|453
4283322081230052|08|26|345
4848100076227194|01|28|162
5264711026615023|08|26|249
4921428010832567|02|27|429
5203539121208210|12|26|876
4293205200952219|09|29|368
4693080252804840|06|27|224
5222301143074394|09|26|817
5149210010787121|12|26|134
4766711002508263|02|27|852
4835518240418495|03|27|607
5286674862644347|12|27|656
4162950167026089|02|27|546
5520380054852260|01|27|276
5315910008511320|07|28|212
5264310285687151|04|27|633
4693080245142951|09|26|908
5196032141633210|06|26|012
4799689039440810|02|27|448
4748440350224223|09|28|691
5214330271610158|08|28|869
4450930003368375|07|27|927
4162026273507575|01|27|542
5400670337188978|02|27|758
5218220333217157|01|27|122
4283322092198231|11|26|753
4632252034081476|10|26|072
4632252044020647|04|28|546
4678515005630033|10|28|473
5520380055627026|01|28|409
4182384023675051|01|27|722
5196032147822718|12|26|145
5363470095035395|02|29|068
5125712046697107|04|27|921
4076612000856503|12|26|759
4472111100111190|03|27|862
5256682106806248|01|28|757
4050167000268092|12|26|324
4724290010078222|06|27|424
5411800104791509|06|26|283
4002712000966671|06|26|184
4770282708177047|08|27|216
4799689030358367|07|26|635
5521154003363185|01|27|934
4649950001003701|08|26|631
4391370028567010|12|26|087
4215042300105009|12|27|227
5276690031113180|10|27|461
4748442211038735|02|28|244
4579920000742066|10|27|916
5420891100722035|10|27|811
5414963504988773|12|27|755
5256682106335578|12|26|422
4293821658812000|03|27|063
4363240021774414|05|27|694
4621469904042528|07|27|229
4799689035051249|10|26|834
4678700001839727|08|26|727
5271731000337031|03|27|991
4693080252298530|09|27|045
4089041091149732|04|27|459
5222301144849802|11|26|517
4162026406894387|03|27|399
4788671304308776|09|27|551
4862829846361294|02|27|477
4283322081865311|08|26|541
4848100075838058|01|28|039
4678515001647619|10|27|485
5520408891542222|06|27|424
4748443140308843|10|28|333
4678515004922126|08|28|462
4632252042022249|01|28|845
4748440600227802|01|28|119
4162026276060135|02|27|333
5395937413612180|12|30|000
4165987030820501|02|27|328
5520380055497875|11|27|696
5243021323094005|09|26|611
4619541040852228|01|27|374
5318260016753077|05|27|551
5491862024027979|03|28|603
4546321039746311|08|27|615
4766711001854817|09|27|199
5520380056806223|05|29|022
5265580021270582|10|27|916
4678515011522687|10|29|925
4162026265213984|07|26|853
5224404001222960|12|26|372
5354567942017988|07|26|737
4895040515100341|12|27|492
5460682000374469|10|26|967
5394111171334897|02|28|518
4058883956303426|12|26|573
5256671010028940|01|28|814
4693080254152057|05|27|957
5273513368408622|04|27|421
4748443290249003|11|27|634
4283322088348170|06|26|644
4417704017838893|04|27|120
4831380002075417|12|26|526
4602870152008231|04|27|966
4417706507153527|06|27|144
5210690506766578|09|27|950
5363470072406833|03|30|565
5400419010991435|10|27|865
5363470072991206|09|26|418
5167949470134160|11|26|101
4678515003098076|02|28|886
5211182010826576|07|26|460
5300490251537733|02|28|448
5363470094248569|12|29|646
5464971270537350|10|26|648
4283322091669208|10|27|224
4632252041616587|12|27|130
4632252049584944|07|28|151
4693080251434326|08|27|665
5284973259400350|11|29|232
5480950051431116|06|26|952
5363470054368894|07|30|149
4848100079789711|05|28|785
4835850012924685|08|26|588
5203150005064644|12|26|211
5243120031129465|01|27|614
5404920102611878|06|26|951
4504815001850845|01|27|450
5460150032058906|07|26|411
4693080253378794|11|27|974
5598881005744453|07|26|473
5222301149489885|03|27|656
4417704017858669|04|27|844
4902820002756601|03|28|901
4524041849506525|11|26|795
4585570036235890|11|27|416
5257204000352523|08|27|412
4119110104534208|04|29|958
4572040000402376|12|26|439
5196032139682997|06|26|153
5224404001566051|11|27|509
5271739000415871|05|27|852
4342301301012564|11|26|030
5460150032240173|02|27|178
4512950200756426|11|27|690
4616993282806128|06|26|883
5536914029131723|08|29|184
4165987008176217|07|26|474
5286672055968259|12|27|431
4015840001858814|07|27|317
5363470057916707|06|28|616
5354563703035285|09|27|038
4535740090051944|09|27|496
4325650271172134|11|27|566
5315910007996860|04|28|457
5239100003640026|08|26|746
4162950168614198|01|27|585
5218220321483001|07|26|789
5491862017170992|07|26|916
5407160009961202|11|26|394
5525349340551650|09|27|690
4162960134382168|12|27|505
5203539150110329|10|26|542
4572685000737781|09|27|875
4283322098347022|12|27|704
5326780010962325|04|27|702
5289438100022527|11|27|518
4013673101818103|08|26|722
4381060101337736|12|26|757
4162960159134916|03|27|000
5199010448604842|11|28|751
4632252045857476|05|28|091
5286673207804848|12|27|370
4162960137378627|07|27|907
4215849103830157|07|27|564
5436232801802028|11|26|523
4417708200319033|09|26|366
5326780010903675|03|27|111
5196032149190692|01|27|099
4162026271447394|12|26|878
4162026270937981|11|26|862
4673093502609079|02|28|996
4895040555223888|02|27|554
4162026278042966|04|27|280
4265869213824840|01|27|030
4147463002843635|10|27|530
5306380011967862|03|27|678
4787480094022469|01|27|572
4693080248692879|09|26|165
4377213813325616|04|27|120
4162960101073881|07|27|953
5196032142835855|08|26|197
5402563006415491|11|26|032
5315910011133831|04|29|742
4552051007923318|07|26|991
4480602689330045|04|27|559
4835850013014817|10|26|821
4678515010664845|08|29|030
4895040528618438|05|27|974
5195980386882622|06|26|367
5196032142932371|08|26|906
4283322105194987|04|28|227
4748440470430403|11|27|705
4628450056701627|09|27|627
377361773191003|10|27|1830
4067701694087128|03|27|081
5520380017846789|09|26|024
4570662800300930|07|27|195
4909371202763388|04|27|401
4902820011007236|08|29|335
4848100067299186|11|26|478
4231798800617765|04|27|031
5196032142842851|08|26|536
4770282707334334|01|27|976
4283322095864995|07|27|783
4292530130355337|11|27|957
5102669016313866|01|27|322
5488093708559401|08|27|634
4748440287562927|06|30|388
5455122903296722|09|26|669
4799689038031743|12|26|861
4546384837824938|05|27|242
3564580003699231|09|27|174
5239100005556154|11|27|500
4160210829413585|07|26|339
4215042339731338|07|26|662
4605170026392789|04|27|500
4799689038002777|12|26|235
4050167000704393|11|27|058
4799689031404178|08|26|429
4592476649028071|03|29|638
5468486990184330|10|27|470
5491862023029653|12|28|428
4283322095974067|07|27|123
4748441600332022|09|29|137
4283322096453723|09|27|546
4712958980026660|11|26|177
4909371202348271|03|27|840
4283322089538928|08|26|636
4162960172302235|12|27|462
4162026271501398|12|26|765
4283322098336611|12|27|586
4848100068996251|04|27|273
4773760706185689|10|26|484
4093448850505018|07|27|268
5270693834228334|07|27|664
4848100078738065|03|28|956
4119110104368680|09|28|769
4766701005050835|04|27|405
4283322115275016|09|28|788
5203150005129397|06|27|200
4147918328065684|04|27|388
5270695879988847|06|27|878
5264711012783934|08|27|533
5363470070922799|10|30|812
4552051004254097|10|27|944
4693080251560120|09|27|469
5315910010169679|01|29|368
5548274033822981|09|26|897
4773760111420796|05|27|880
5521154008241410|04|27|408
5267270026999249|09|27|456
5224404001281115|03|27|979
4162960138817920|11|27|681
5188690476408100|04|27|358
4059986090580095|11|27|584
4632252050741094|08|28|639
5371762850458238|03|27|800
5196032143980528|09|26|939
5400419007877845|05|27|753
5243120031102553|11|26|719
4283323002054399|01|27|422
5464985319492302|06|26|554
4147524243323248|08|26|683
4283322081880732|08|26|279
4580040002894497|08|26|295
5273513269817004|09|26|524
4748442810064298|01|28|692
5210690457333089|07|27|080
4119110094441554|08|29|772
5171162901499673|08|26|390
4632252049434389|07|28|074
5196032151905128|05|27|922
519603213971752|06|26|022
4162950105407201|06|26|010
4794460001127180|11|26|428
5402563006219547|08|26|493
5210690265785348|03|27|753
4766725001831831|01|27|815
4617729013721007|12|26|919
5188690453314107|07|26|229
5286677945237484|12|27|372
4553570622199102|10|27|154
5222300041467981|09|26|347
4050160248215009|01|27|473
4162026268776896|10|26|967
5419190422198724|07|27|367
4364380007494980|09|27|014
4848100081734192|08|28|937
4365000850014995|02|27|786
5210690256906853|01|27|943
4632252038852047|01|27|430
4645160103414954|10|27|851
4283322095698724|07|27|382
4693080252367236|03|27|462
5196032141605184|06|26|735
5165260053944708|01|27|672
5363470027870927|08|27|084
4391370014488247|12|26|824
5424820968268845|06|26|189
5522283004725875|12|26|062
4165490162847749|10|27|590
5196032151540305|03|27|000
5210690507308669|10|27|709
5520380057164838|10|29|024
4628450059293705|07|27|001
4391370013727728|10|26|477
5224408000635494|06|27|719
4693080498827225|01|27|363
4417707601416570|04|27|813
4504815001850522|01|27|077
4283322094311253|04|27|116
4059986077623314|08|26|491
4283322115213389|09|28|286
5241695501594688|11|26|088
4902208237815733|02|27|498
4218080517905669|10|27|472
5405425005492904|11|27|868
5405425009987263|06|27|616
4509351002677180|12|26|994
5210690419336808|11|27|716
5363470055655190|08|29|743
4943517662087464|05|28|552
4374500004440201|01|27|120
4732560011082492|09|27|727
4799689041208221|05|27|603
5414963803399144|09|27|373
4201920150046082|03|27|469
5402563006251094|07|26|386
5452352135408307|07|27|332
4417704018826020|08|26|431
4213630012496906|12|26|308
5521020909740885|03|27|210
4678515001681253|10|27|921
4678515010172658|08|29|589
5464985151740073|10|26|671
4921428010671320|07|27|335
4059986095898310|08|28|938
4570663762392014|06|27|989
5363470074354940|05|29|490
4703500002941871|02|27|822
4909370204551205|12|26|234
5286676026875394|12|27|106
4312260051439078|03|27|780
5203650603545886|09|26|519
4784489505924950|01|28|199
4848100069891881|05|27|164
4556333067954755|06|26|341
4628880001858256|04|27|886
4303063008537098|11|27|792
4678515000818039|07|27|657
4799689040116698|03|27|918
5488093801755096|07|26|243
4678515004649364|07|28|125
4628450039071320|06|27|921
4220768801377241|03|27|585
4283322102650130|04|28|952
5196032147083972|11|26|121
3564580003449108|06|27|339
4391370027897830|09|26|591
4773760900963329|09|26|241
4633874600030592|02|27|404
4553570432711138|08|26|356
4748444380036284|11|27|203
4632252034044748|10|26|750
5520380014880310|06|29|465
4165490088026154|02|27|282
4165986429354700|02|27|104
4921599011038337|09|27|831
5210690285783257|04|27|464
5210690435520047|02|27|143
4162950149317978|10|27|383
4546320160730110|02|27|155
4383751000462033|12|28|659
5520380056920339|07|29|834
4848100076557806|02|28|856
4162960300128742|06|27|861
5243250305566843|12|26|750
4286090145669501|05|27|903
4221550011578662|11|26|015
4283322095230841|05|27|727
5199014938936359|02|27|686
4386759009803898|07|27|852
4645160101995871|05|27|170
5363480047291707|06|28|126
5210690376963917|03|28|533
4632252043338313|02|28|890
5598881007167737|07|27|411
4726428275562369|07|26|163
4748442720081135|02|28|975
5414963714686514|07|26|641
5466091001845192|10|27|153
5196032145882243|10|26|038
5196032145062762|09|26|563
4943517661523337|01|27|897
5528290001425957|06|27|501
4117080020469783|11|26|143
5196032153595273|06|27|570
5379920220235106|06|27|391
4017040002135894|05|28|067
4611588866367508|10|29|755
4895040577355171|09|27|798
5196032146876343|11|26|306
4524041879364936|03|27|558
4417704017905783|05|27|293
5394111170384786|03|28|940
5401274301930520|07|26|049
5363470065530110|10|28|460
5521154007959392|12|26|290
5272895137558303|04|27|123
4678700001470200|12|27|321
4259456200905440|08|26|266
4375990002170299|06|27|851
4632252032496205|08|26|402
4509351002764384|04|27|514
4784489505868082|01|28|725
4677845105230173|01|27|273
5577550106735422|02|27|755
4632252042802129|01|28|397
4386759011045264|10|27|570
4842810350005951|09|26|166
5414963809564519|06|26|619
5203152070226637|12|26|218
5434491000498465|03|27|682
5400126102216841|07|27|421
4363452800145555|06|27|762
4628450056717169|10|27|177
5400690050135006|06|26|831
4632252041011805|11|27|271
5239100004231684|01|27|225
5577550107210904|02|27|231
5210690258215675|02|27|388
5210690406632532|08|28|214
5196032150026785|02|27|247
4748442050246340|09|28|170
4182382027185085|10|26|132
5167940300043747|08|27|921
4895040545500957|10|27|600
4649950000670963|08|27|528
5129722021580281|12|27|741
4283322081508853|08|26|013
4162026278362745|04|27|664
4770282803070808|09|26|596
5271739000525844|08|27|744
5315910008687393|08|28|249
5198931810633641|12|26|451
5229859769052112|05|27|540
4902820010335265|09|29|659
4460310038870943|08|27|638
4162950178540433|11|27|420
4508963270038027|09|26|505
5284973246589828|08|29|621
4693080401867631|06|27|962
5210690337861531|10|27|065
4628450053606001|09|26|673
4585570033052462|01|27|705
4311702016513001|08|27|662
4678515006605778|01|29|609
4632252044994262|04|28|510
5363470056166080|03|29|588
4792471281151222|01|27|726
4283323001108444|11|26|305
5400419010893102|09|27|481
5224407001283528|06|27|175
4766765001985153|06|27|320
4632252043216998|02|28|295
5229715303962895|09|27|370
5229859763219113|02|27|817
4162960161002572|11|27|908
4283322095136550|05|27|697
5389200059806501|12|26|867
4165987308250241|12|26|486
4215042339069697|06|27|256
4283322100578200|02|28|311
4417708201882583|09|26|379
4848100075988473|01|28|737
5210690429404851|02|27|099
5363430296552028|12|28|054
5394111171127549|02|28|935
4312260051746084|09|27|964
5210690467611169|09|27|834
4165989201844005|08|26|780
4552051008623065|03|27|488
4059986083045015|01|27|759
5395937616382102|12|30|000
5315910011864849|07|29|221
5224407001236955|06|27|091
5286674801372596|12|27|841
4119110093382213|09|26|617
4005360037396913|11|26|890
4524198802657982|08|27|484
4002712001255116|02|27|875
5521154009568993|12|26|292
5239100004038774|11|26|085
4162026406294745|10|26|769
5395937716111997|12|30|000
5196032154261479|07|27|477
5210690448347065|05|27|784
4628450007794796|10|26|286
5472310392608106|10|27|996
4005360031332914|05|27|725
5256682105738251|10|26|718
5491862018923316|10|26|230
4391370027779053|11|26|075
4617729004292547|06|27|439
5491862017666833|07|26|052
5222301151829218|05|27|912
4218082406386886|07|26|869
4552051008577568|12|27|114
5229859766642113|04|27|559
5407169199871956|10|26|326
5522283004507760|08|26|377
5273514897663976|08|26|956
5286670588037774|12|27|034
4162026287694062|09|27|354
4632252033824314|10|26|692
4678515000551028|04|27|252
4504811001461147|02|27|868
4693080252660846|08|27|131
5270694005659604|07|26|385
5210690459728773|08|27|665
4632252037743114|08|26|907
4628450058455933|12|26|223
4616800035344929|04|27|519
3569890004499332|09|26|685
5357780044637721|07|27|178
376317400621961|11|27|3823
4283322090905942|10|27|819
4695210532611297|02|28|906
4848100078531791|03|28|303
5521153304253673|12|26|429
4842810530340435|10|26|890
4059986076739962|08|26|754
5257206000205262|08|27|275
4283322096244106|08|27|016
4693080249130614|11|26|070
5315910012120803|08|29|135
5213061000604367|08|26|384
4165987310749008|02|27|902
5224406000780989|06|27|081
4661601038766306|05|27|137
4304450802851032|10|26|374
4628450057295967|07|27|521
4303063400128306|08|26|656
5448830407789022|03|30|955
5243736602525599|08|27|051
5414963714993027|06|27|308
5427136001152699|07|27|002
5589366625009488|08|26|550
5199017626918605|06|27|095
4895040579229051|10|27|076
5188310032258499|10|27|327
4162330874114025|12|26|570
5196032145123770|09|26|901
5577557196434253|08|26|325
5472310221649107|10|26|256
5363470036868466|05|27|087
4283322100084142|01|28|264
5455122801191165|09|27|899
4748443170191598|01|30|523
5432480001810911|09|26|810
5589572070073867|07|27|510
5273511906941559|11|26|586
4046110000101506|10|27|724
4546320141440110|09|26|576
5530021988744151|04|30|453
4199560200322283|01|27|912
5224406000565638|09|26|183
4221820001860358|08|27|782
5315910007735276|01|27|246
5243010206497112|09|27|413
4632252038463779|11|26|430
4093448850497109|03|27|394
4628450050057562|04|27|894
4678515005211909|09|28|159
379186170190995|05|27|9232
5556910029007132|04|27|383
4417704017973369|05|27|829
5196032149010395|01|27|959
5509890032205121|08|27|771
4748440450311631|11|27|625
5496272099802279|01|27|220
4678515003606357|03|28|053
5522283004949194|06|27|934
4770282707228486|01|27|246
5363470029336828|06|27|363
4632252045951295|05|28|992
5424587005695609|06|27|566
4374500004450622|02|27|132
4564070155586939|03|27|225
4659446911359181|03|27|661
4842810530326467|10|26|261
5102669018126290|02|29|071
4617850099072394|09|26|339
5100465000245459|08|28|620
5363470064947331|06|30|243
4283322101632832|03|28|888
5199011241142477|02|28|930
5355220724820836|07|27|334
4162950108303498|06|27|223
4842810350053217|12|26|379
4848100075195343|12|27|614
5354560901239818|07|27|678
4162960394378260|01|30|496
4162950140694326|02|27|139
5286673101370482|12|27|627
5520380056955038|07|29|332
5363470093851876|07|30|265
4617729007338198|07|26|749
5210690338849014|10|27|367
5414963802732337|04|27|387
5556780107785606|12|27|274
5395937512196408|12|30|000
4391370027791165|09|26|886
5210690445778874|04|27|515
5210690376259886|03|28|460
4316573050115135|06|26|624
4902820052531417|06|29|341
5273513869217266|08|27|902
4303063003364365|02|27|599
5196032151751787|03|27|213
5229859762501115|01|27|236
5407160005789847|10|26|465
4417704016557189|09|26|528
5400419009305738|12|26|434
4585813600222658|10|26|766
4570662800151754|11|26|423
4417704016269462|08|26|369
4283322084071016|11|26|392
5196032145104135|09|26|679
5509890035628980|07|28|460
5447580915841135|03|27|050
4628450054236246|12|26|007
5344511005200886|11|26|805
5363470004535097|12|26|512
5162400085652373|10|27|659
4304518708019720|10|27|940
4283322103814859|04|28|574
4693080253049270|10|27|829
5162400020159625|11|27|014
4748440287567900|07|30|389
4632252031791556|08|26|745
4183580620202103|07|27|644
4748440830199276|06|29|491
4025300000486362|06|28|531
4160210836736333|02|27|447
5196032156337764|08|27|850
4848100076586771|02|28|188
4632252044732753|04|28|679
4659231188032020|08|26|940
5264711039491529|04|27|557
4799691000916919|07|26|461
5395937513630611|12|30|000
4748461099657002|10|28|856
4524190605793015|07|27|075
4842810731494874|04|27|747
4645160102003675|05|27|079
4002153010776752|08|27|192
4283322105814576|05|28|869
5286679557854903|12|27|291
376314855447000|05|27|3764
4304450803072752|04|27|159
4748440020009400|06|27|820
5395937716033514|12|30|000
5196032146850785|11|26|448
4029886036040500|09|26|666
4546320221015113|03|27|927
5363470028377187|02|27|813
4770282702795745|06|27|238
5363470069952005|01|29|578
4678515003027349|02|28|279
5598882029085071|08|27|614
5363470086017592|01|30|908
4283322098553355|12|27|005
4658858800347203|03|27|473
5401918010658059|06|27|017
379185135510081|03|27|1137
4842810530472006|06|27|931
4748444910016608|08|29|347
4693080247261163|12|26|582
4293209200268493|12|29|563
5162400041828752|06|27|814
4509351002728892|02|27|347
4848100076040951|01|28|438
5491862020014716|07|26|005
5363470074486858|05|28|442
5226040026219108|12|26|891
5413750298418690|01|31|404
5365104025268374|06|27|902
4183580633180106|08|27|703
5363431022437955|11|27|252
5425503300364568|01|27|052
4848100070958778|07|27|883
5402565000941273|02|27|334
5256682106902344|04|27|202
4848100068009873|01|27|293
4632252038763145|12|26|854
4218080317674184|09|27|028
5194693010277223|01|27|531
5195980245590226|12|26|238
4748442560269493|09|28|969
4632252032260767|08|26|458
5414963809938903|01|27|531
4375515679234001|10|29|945
5196032140326212|06|26|496
5210690528961678|05|27|615
4539669013833094|08|27|872
5125712138152102|10|27|639
4748440870081004|01|28|794
4524192005772847|08|26|128
4848100071551689|09|27|689
4893960176101985|05|27|703
4147671000323950|07|27|133
5409260667577098|01|27|604
4147465004796836|02|27|839
4678515001932011|12|27|282
4628450056805378|04|27|848
5243120031164793|04|27|735
4283322109953057|07|28|806
5203539129152600|10|26|504
5363470096947978|07|29|421
4848100079862617|05|28|105
4386759010053160|08|27|049
5354563112021157|12|27|379
5355220705046963|09|27|817
4218082415477668|06|26|774
4190311010204215|06|27|546
4943517662116834|04|28|711
4182384023805872|03|27|314
5354567983162024|05|27|832
4283322097448979|11|27|248
5363470064498111|08|30|336
4213890059116896|04|27|745
5598881007375504|08|27|990
4162960311507124|09|27|782
5363470019082663|09|27|571
4848100079104044|04|28|369
5312280200094597|01|27|704
4215042339698917|10|27|426
377446520362005|10|26|4069
5509890032206327|08|27|836
2228061851535884|08|27|648
4799691000955362|09|26|483
4628450056600159|08|27|440
5210690435762284|02|27|662
4799689031107086|07|26|374
4304450803311119|09|27|186
4678515005995493|11|28|785
5196032148780329|01|27|426
4890120140526121|09|27|359
5210690266772907|03|27|526
4895040525764284|03|27|793
4691970044541837|11|26|514
4748441890547685|08|29|779
4799689041462455|06|27|403
4693080250171044|08|27|794
5242556158007052|06|26|516
4691970059415901|04|27|995
4799689038781818|01|27|701
4216890331081469|06|27|163
4693080250039217|08|27|185
4799606480483628|07|27|175
4512970101334495|06|26|379
5264711021824661|08|26|497
5149504004996064|10|27|757
4799689038934334|01|27|461
5491862023624131|02|28|598
4283322102607197|04|28|307
5363470013355305|06|27|792
4375990002153683|12|26|688
4848100077586390|02|28|326
4693080254555309|07|27|822
4987590002821642|12|27|908
5239620012695257|07|27|390
4283322097291502|11|27|092
5167170013654644|10|26|558
4632252032621273|08|26|907
5273516827208202|10|26|220
5210690557692376|03|27|140
4050099000036213|09|26|427
4162960124814592|02|28|552
4770282707730739|04|27|038
5520256741740011|09|26|720
4786830000716565|09|26|979
4539669012119800|12|26|392
5363470089032598|05|30|197
4283322097557399|11|27|831
5286672235233749|12|27|001
4632252042909452|01|28|452
4162960170187141|09|27|487
4539716807309359|10|26|747
5480205808866654|10|26|932
4909371200574639|01|27|077
5239100004860441|06|27|742
4628450053403433|05|27|531
4693080254342807|08|27|562
4119110093590096|01|27|524
4126118530048009|07|27|745
5210690367252338|02|28|872
4895040485395004|01|27|674
5498520512546685|07|26|293
4160210849418622|12|27|671
4283322103855977|04|28|795
5521154008081634|03|27|020
4221550012511191|04|27|319
4678515005991682|11|28|070
4677851518473160|04|27|131
4799689035524401|10|26|080
4555966000724974|12|26|444
5203539128618411|10|26|799
4539669014321446|10|27|408
4221820001449236|03|27|151
4218080317655670|08|27|922
4283322091032001|10|27|797
4016130302775738|03|27|080
4411283700008656|12|26|782
5222301148827960|04|27|543
5289190008062184|11|26|162
5222220002179872|09|26|514
5241250960145877|07|27|506
4283322091050102|10|26|509
5210690495092192|03|27|798
5488093806579715|09|26|013
4341760000603794|03|27|014
4678515006394449|12|28|939
4165983415061332|05|27|923
5363470073823937|11|29|328
5196032149892396|02|27|345
5177900011211296|02|27|656
4848100070218025|05|27|573
4391230613205659|03|28|374
5432483009574612|11|26|869
5210690317799883|07|27|357
4678510330108813|04|27|025
5464970244591287|05|27|015
5521154008209458|04|27|018
4183590469034103|08|26|520
5363430416793163|02|30|605
4417708201108617|07|27|098
4188984900896813|02|27|172
4553580499853103|12|26|393
4693080248316347|12|26|231
4182384023216427|07|26|058
5491862025767979|05|28|250
5491862022779456|12|26|169
4293820802646009|05|27|250
379185135600387|09|27|5966
4848100079498263|05|28|795
5344420400303099|06|27|792
4165490143330369|08|27|777
4640053099697192|10|26|581
4162026285603305|08|27|351
5196032148394550|12|26|961
5210690506685687|09|27|251
4050163000808086|08|26|992
5598886014363534|02|27|185
4283322099846238|01|28|825
4162026604265992|01|27|664
5577550108206679|03|27|163
5301280123690003|06|27|599
4748442110090910|11|27|625
5387208251630944|04|27|180
4032658882867954|08|27|037
5520380054550823|09|26|763
5365101704337355|10|26|710
4766711002647335|08|27|516
4391370028935068|02|27|140
4283322108235043|06|28|334
4665182202357343|07|27|520
5363470058663183|01|30|449
5318570010125795|12|26|919
4162950108206097|06|27|289
4553880130211103|06|27|952
5222301145756923|11|26|331
4258608002386994|07|27|107
5271739000515654|08|27|899
5229859770097114|06|27|346
5407160009775107|09|26|625
4283322093755211|03|27|976
5199015491164362|06|27|477
4504819001394556|08|27|474
5256691001487988|06|26|311
5264711031402532|07|27|535
4391370000409603|03|27|353
4059986094703685|06|28|139
4799689040281385|03|27|660
5598881005574314|06|26|214
4678515006774285|02|29|482
4141700005616740|06|26|751
4059986094843572|06|28|642
5400691175012310|05|27|363
5509890036937372|09|28|582
5196032141045472|06|26|539
4183580522909102|07|26|811
5363470091786348|03|29|815
4311701772193008|03|27|938
5401274301323189|08|26|417
4221820001026554|08|26|686
4693080404949998|09|27|660
4303063500288463|09|27|298
4283322104514334|04|28|810
4678515002355410|01|28|626
5224404001676173|08|27|855
5162400072425346|03|27|357
4504815001445273|08|26|324
4895040559766296|05|27|063
5196032148377662|12|26|408
4693080246247890|06|26|064
379185138527801|11|27|9702
4895040537218337|08|27|418
4162950180926760|03|27|983
5196032153642182|06|27|369
4016132600027788|05|27|907
5101860002482903|09|27|822
4092170389123763|11|26|952
4632252038117508|10|26|419
4386759009736338|07|27|732
4546320695633110|02|27|947
4921428010636950|07|27|309
5196032143493431|08|26|545
5343996228447805|07|27|887
5363340048225445|01|27|082
4283322093747531|03|27|856
5265580025273582|01|29|024
5395937614706732|12|30|000
5102669010907986|03|32|086
4895040559874116|05|27|179
4155759656409527|09|29|241
5522283004803649|03|27|030
4693080252715483|06|27|776
4391370027538186|09|26|098
5363470090632279|07|29|632
5488093801791836|03|27|433
4023961957083569|03|27|787
4514570059294432|10|27|047
5137920049458262|08|27|343
4628450060141125|10|27|722
4966450100264119|09|26|441
4895040526018672|03|27|226
4165490079995722|01|27|448
4628450047441739|10|26|539
5520380055705830|02|28|459
4941114190912090|04|27|192
5536361462764281|04|30|563
4119110093952494|02|28|218
4616993283876922|06|26|019
4283322083253557|10|26|583
5211182010006856|04|27|903
377388977261001|03|27|0735
4514561800240964|06|27|441
5264711020013126|06|27|379
5171162901620328|01|27|084
4165982711250243|04|27|363
5370850000708627|04|28|755
4520172400013058|07|26|252
5157132801551665|07|27|406
4552051008055417|04|27|386
4119110103982994|05|27|351
4386759009933877|08|27|956
4585460015139737|08|26|686
4628450045129278|07|26|071
4165980044851356|10|27|142
4895040546296472|11|27|933
4700110103602381|07|27|296
5354562706478815|07|27|824
4592023221212895|06|27|297
4119110094056949|07|28|022
4835850013211033|01|27|488
4335888456255104|06|29|906
5253460009222638|06|26|921
4335878644044635|01|27|736
4119110062027674|06|27|635
5401918010650221|05|27|978
4895040555376488|02|27|969
5120899004318712|04|27|056
4539669012432971|09|26|208
5264711014940474|08|27|100
4312260051488810|09|26|264
4477578786739350|09|27|505
4689571631001468|10|27|749
4766775000625650|07|27|134
4055472004430978|07|26|530
4165982400901395|04|27|452
4895040507565758|10|27|841
5410600003841491|01|27|062
5491862027090784|07|28|625
4585460016138399|02|27|016
4149313001279034|07|26|553
5556910050764783|12|27|726
4165490141605564|08|27|588
5286675841033262|12|27|074
4147465001347658|11|26|641
4895040506070529|09|27|471
5369077266157785|06|27|247
5239351001625010|07|26|901
4283322100364452|01|28|347
4381038850875551|10|27|383
4658595678617040|02|27|147
5432487770155717|07|26|226
4838346044007984|09|27|578
5496272050978100|06|27|426
4512490000262374|06|27|985
4659433807387534|11|26|234
5162920012706752|11|30|268
5179640010496120|08|26|804
4691510011377003|08|26|442
4693080249998168|12|26|509
5183230102219582|09|26|221
4160211522410597|08|26|578
4693080250301971|06|27|265
4300920101717070|05|27|050
5273511165009437|01|27|126
4149313000046707|12|26|974
4628450049630024|10|26|084
5306380015068485|12|27|077
5363032012489434|07|26|103
4501721340054003|09|29|455
4524198802570011|04|27|464
4693080251527459|04|27|462
4596950007223991|07|27|335
5400420032690237|06|29|463
4258800000090179|02|27|817
5598881006180368|11|26|404
379855939451001|11|26|4026
4199560200158448|11|26|844
3564580003344903|03|27|312
4580561194289527|08|27|867
4695210302497141|10|28|030
4640053098939157|06|26|089
5369077265626178|09|26|581
5472310285977105|06|26|916
4726470029858511|08|26|592
5196032148337989|12|26|859
5498341640274516|07|27|384
5210690527614492|05|27|397
5222222802461831|06|27|653
4096750147667684|07|27|927
4119110093552310|12|26|757
5326101301848158|11|26|517
4628450058288573|03|27|053
4591560209868082|09|27|363
5256682106400976|02|27|427
4165986700960548|07|26|914
4585560033319342|07|27|792
4386759008687870|12|26|044
5363470076102941|12|27|257
4501710000001016|04|27|412
4283322099958371|01|28|001
4628450039503140|05|27|616
379186330622945|01|27|8215
5286671163102561|12|27|618
4504815001343593|08|26|940
5236120168954007|11|26|104
5118910002988960|07|27|400
5264711008875140|07|26|468
4417704015907161|07|26|136
5327501027618364|05|27|865
5491862017388958|07|26|451
5409474062300036|03|28|101
5523389012764019|05|27|779
4165989612810371|02|27|285
5354564630136048|03|27|761
4119110104741563|12|29|564
5256682106650935|08|26|178
4661601036482807|03|27|131
5289190003376522|07|26|870
4165980033649969|02|27|681
5273511138427922|04|27|704
4617729014622444|04|27|556
4678925155309157|08|29|878
4751440353756308|03|27|796
5276690099323432|09|26|691
5210690366371246|01|28|945
4165980032123321|02|27|265
4392268780901402|12|26|553
5462844464443903|03|27|480
4363240021607416|01|27|550
4628450059228693|08|27|618
4553570214933108|12|26|823
5264711013482163|04|27|472
4693080248647832|12|26|173
5400670337200476|03|27|449
5520380057058998|09|29|011
5498460025055538|07|26|802
4921428010804400|09|26|426
4265884036003506|08|26|990
5180981000116964|11|26|965
4632252050709646|08|28|644
377361168671007|11|26|4020
5369077350172682|07|27|540
4693080249068335|08|26|373
4632252044269525|04|28|156
4837915065275075|12|26|552
377965530188605|08|27|4358
4524041837991556|06|27|862
4580070109211527|08|28|559
5433115004225837|12|26|813
4481960011766420|12|27|003
5421252002650296|07|27|267
4984086031233696|04|28|648
4119110094019715|06|28|904
4162027900919027|07|26|804
4632252039225466|02|27|776
4303063004906800|04|27|817
4895040507084057|10|27|971
4835850013501540|05|27|159
5588601803036593|09|27|994
4363240021869370|07|27|802
4017047712002231|10|28|532
5520380056186873|09|28|893
5520380055233924|07|27|398
5239100004149720|12|26|313
4632252039354431|03|27|449
4934684001416761|07|27|380
5434491000119301|05|27|044
5210690534829257|06|27|234
4384370503112695|10|26|053
5354568801052314|07|27|569
4659024660914025|11|26|119
5286670612492664|12|27|196
4619840111477208|07|27|061
4119110104150310|11|27|158
5363340035265271|09|28|531
5210690267017955|03|27|497
5264711037293927|02|27|455
4751410872577808|07|27|715
5425503300347126|01|27|245
5270696565737258|04|27|570
5222301154163128|07|27|037
5168590101524301|11|26|139
5522532051200962|10|26|555
5551530500032030|04|27|116
4162026278753109|04|27|687
4289697002128376|03|27|490
5392802800518387|11|26|578
5520380050439732|12|27|748
4165490044610489|10|26|956
4033430001019415|10|26|679
4799619490793233|12|26|140
4649950000558978|09|26|649
4693080247958180|09|26|746
4119110062031312|07|27|279
4325650270919964|06|27|274
4283322100693413|02|28|669
4201840021641202|10|26|711
5493111173090984|12|27|939
4726473075068746|08|26|556
4632252038319716|10|26|874
5363470052017170|10|28|000
4440540593810869|11|27|657
5246893906395372|09|26|937
4003618780270383|05|28|606
4693080247214279|12|28|092
4689580350020922|03|28|904
5464971613447440|05|27|458
4304450802643611|06|26|826
4748442150182700|03|29|220
4585813600412762|07|27|683
4286880083054785|12|26|139
377361337221007|04|27|2545
377359747231004|04|27|5805
4304636301744617|05|27|797
4201940050788534|08|27|035
377361583161006|08|27|1687
4391230651803951|05|28|326
4541070102032605|05|27|335
5401918010618558|01|27|905
4397720474428667|06|27|026
5196032148398106|12|26|899
4335878644028687|01|27|908
5240406602331512|11|26|498
5363470077024839|01|30|682
5354568510075168|11|26|079
5265580024457186|10|28|852
5120433390795786|08|26|621
5265580024878845|12|28|645
4038790000123236|10|26|679
5405455007004035|04|27|447
376317400119560|06|26|4108
4283322098967530|01|27|499
4382890003139197|01|27|297
4216812111175899|10|26|180
4705380348226487|02|28|550
4677450300364024|04|27|654
4258502340520291|09|28|546
4632252037531675|08|26|936
5520380055852442|05|28|518
5265580020077947|05|27|873
4165983704325638|12|26|273
4165980034822821|03|27|522
4147463005597782|12|26|911
4335876449671693|06|26|817
5576526606932447|10|26|609
4848100068758040|04|27|177
5425503300401642|02|27|618
5264310259952888|09|27|209
5229859772855113|07|27|637
5420114003156338|10|26|238
4539795609940439|10|27|774
5401842172276270|12|26|506
4659420203184524|08|27|072
4632252037328148|07|26|295
5273516356869416|03|27|606
5491862025651504|05|28|861
4183590468163101|07|26|086
4119110093951520|02|28|081
5404920102659414|08|26|440
4050167000323442|11|26|232
5162924988106971|02|30|911
4119110093696653|03|27|973
4477640292320115|10|26|545
4221030289595581|01|30|385
4147463005737107|05|27|087
4218700011319923|12|32|614
4165490121931436|05|27|840
5289393678385014|12|26|454
4265882013752673|01|27|883
5355220709596484|08|27|314
4283322092932290|01|27|858
4693080246636662|08|26|792
4165490078977903|01|27|836
4611990432536428|10|27|970
4283322092049657|11|26|775
5488093915863083|11|26|790
4848100079669251|05|28|837
4119110104425670|11|28|218
5509890033246249|03|28|624
3563930012072477|04|27|411
5599110262850566|07|26|818
5460150032169547|11|26|276
5488093700778330|09|27|824
4165983414278978|04|27|829
4596950005165111|09|27|726
4628450004668985|01|27|815
4283322107276709|06|28|243
5522533050045010|10|27|359
4895040499629455|08|27|770
5162925967480857|01|30|171
4628450052729580|01|27|269
5120429991620852|06|28|225
4165988002157492|11|26|170
4404605070770896|12|26|183
377361040381007|09|26|4262
5363470075647318|07|30|185
5516192842690217|08|27|254
5120433390889381|02|27|541
5166400180005044|06|27|870
4165982708192499|01|27|460
4835850013188256|01|27|933
5354568062554446|08|26|303
4165490082314929|02|27|825
5598881005878640|08|26|972
4835850014228267|12|27|345
5318010057087483|09|26|909
5491862022842288|12|26|388
4632252041495008|12|27|917
5400126102245246|08|27|885
4628880001824738|02|27|751
4390620040038528|10|26|783
4632252039601591|04|27|403
4315811708844016|12|28|906
4628450036160589|04|27|084
4632252042341987|01|28|637
376317600696896|08|27|5972
4033752061509773|09|26|309
4129470904337881|01|27|983
4165986428025657|01|27|974
4066699929739847|02|28|619
4966230015064329|01|27|585
5196032141200283|06|26|642
4355840101489328|08|26|573
4546239094439111|03|27|848
5521154003549353|02|27|287
4165981535297372|01|27|977
5326569008161002|02|27|203
5270697086573776|07|27|451
4693080253706382|09|27|001
4628450006134317|02|27|695
5405455008274827|07|27|066
4218082416713087|02|27|189
4166445502395881|07|26|840
5425503300267266|10|26|942
5239100700431844|01|27|841
4119110094228563|02|29|286
5395932024525947|06|26|490
5196032156616225|08|27|500
5516192852574087|08|26|315
4770282708242940|08|27|554
4799689032809540|09|26|092
4218080316910118|03|27|640
4119110094093272|09|28|566
4628450052012979|03|27|162
4726428425161005|10|26|298
4215844603580428|04|27|021
5273515219993363|12|26|587
4391370005636861|06|26|735
5509890032018342|06|27|717
4547182030069254|11|26|022
5491862020437537|09|26|144
4415242797906251|09|27|986
4165980029083454|01|27|876
379855703491001|08|26|9193
4984531254010016|04|28|802
4628450051800895|09|27|778
4659016065981021|08|26|294
5253031510069485|11|26|155
5520380013934019|04|27|558
4283322114197898|09|28|347
4119110094403422|07|29|349
4596610014738809|09|27|204
4693080249873601|09|26|647
4119110090001568|09|27|316
4137190311584731|03|27|985
4283322100267176|01|28|536
4748440700101592|01|28|757
5210690487900386|02|27|647
4283322112796840|08|28|067
4555969000694411|06|27|345
5167170011997797|06|26|995
5129722024709101|04|27|213
4199560100835467|06|31|268
5401918010682281|08|27|173
5354565802272800|09|27|051
5488093707973090|04|27|414
4628450013367694|01|27|158
4766711002466306|11|26|514
4524041887207622|11|26|395
5354561502727219|09|27|375
5222301139830296|07|26|121
4218080507341404|01|27|835
376201070561030|09|26|0676
4693080245303116|12|26|287
5354569109603519|10|27|909
5271731000527409|06|27|190
3564580003548347|07|27|582
5590970008587346|08|27|072
5210690298716302|06|27|468
4119110093992573|04|28|876
4119110052816862|07|26|659
4283322098885674|12|27|526
4258502387903327|10|28|111
5182179003690956|12|27|926
5270692467940090|04|27|516
4216040015123126|12|27|134
5575561901192521|08|27|804
4283322096456569|09|27|257
4893940173986703|02|27|229
377361521491002|05|27|5105
4585570038963010|04|27|379
4693080403803691|01|27|392
4165980022263632|10|26|391
5129722013557776|05|27|836
4596950005701360|10|26|655
4293209206739018|06|28|211
4165980041104700|06|27|411
4417706507435700|08|27|223
5516192846381169|01|27|575
4518421243091779|01|27|727
5243552030836254|09|26|951
5576618362379028|01|27|993
4842810731386716|12|26|338
5520380056591387|03|29|507
4770282706279423|06|26|965
4165984601144080|09|26|744
4119110104582512|06|29|568
4848100079048266|04|28|773
4570663601309500|11|26|837
4921418013445236|05|27|760
5196032142680525|07|26|743
4365000035175935|10|26|784
5210690216817513|06|26|673
4550857468409437|06|27|357
5167947901145839|06|27|867
5224407001202304|08|27|930
4658658130775010|12|26|897
5520380055078048|05|27|965
5377070102209258|02|27|253
4165983416733012|06|27|851
4748445112478462|11|28|186
5523438414839190|08|26|457
4119110094322747|05|29|600
4677851518079223|02|27|535
4213131100418308|11|26|675
4218080317626994|08|27|827
4375070109617730|01|29|971
4628450056051882|07|27|465
5167947980115745|03|27|394
5520380054916768|02|27|691
4677450107511264|08|27|696
4093040261001115|04|27|679
4145610322037973|02|27|607
5425503300359709|05|27|909
4693080253844431|10|27|855
4693080247602051|12|26|773
4038750100589439|01|27|427
5521154003582990|03|27|268
4265884038243886|08|26|234
4165490157455581|12|27|801
5176509900592962|03|27|687
4658652904144016|02|27|283
4524190605661188|11|26|920
4119110094048078|07|28|200
4283322099140459|01|28|297
5354569103846569|07|27|777
4283322097464679|11|27|778
5210690288996922|05|27|098
5240406602411355|06|27|168
4165490106774652|04|27|561
4293209209107833|11|27|699
4330280858332100|07|26|177
5149161231918872|07|27|389
4890850010504887|08|26|668
4182100000483214|08|27|149
5425503300482980|09|27|117
5200489021709086|11|30|979
4895910102391901|08|26|117
4165490101739403|03|27|440
5166400657002763|08|27|725
4848100079156051|04|28|850
4165490145757197|09|27|264
5289460015312009|10|27|382
4632252041471629|12|27|369
4382890001248404|04|27|980
5400419009786655|04|27|366
4514570019458358|04|27|279
5491862017374198|07|26|791
4119110090900397|09|29|533
4165490074006889|01|27|374
4929136240806002|09|27|867
4693080401829680|08|27|038
375516193620046|07|26|9391
4147464004206227|02|27|348
4119110094085617|09|28|901
4539793680719632|11|26|565
4188871875418766|11|26|183
5504900004276003|06|26|305
4748443460084040|02|28|252
5120899002649852|10|27|785
5318570001959517|07|27|071
4196480001555721|12|26|937
4201920150797981|02|27|640
4921418013077088|09|26|422
4842810238313692|07|26|677
4119110093662481|02|27|940
4313930101286393|10|26|096
4119110104541278|04|29|169
5244740261283432|11|30|283
4283322104728173|04|28|139
4017040006097249|12|28|155
5408047615301007|12|26|114
4628450050499897|12|26|450
4162960147740485|07|27|106
4893285058030858|10|27|987
4147633795821531|03|27|247
4119110104454787|12|28|636
5190188653837155|08|26|199
4902817107168773|06|28|002
4628450050827543|08|26|818
4283322097512105|11|27|145
5576618303472148|08|26|376
5520380056361013|12|28|526
4165983420736456|11|27|092
377361717641006|08|27|7533
4182382040667705|09|26|730
5162400063266048|04|27|330
4423740090003015|07|27|631
4693080496576170|01|27|532
4693080403572064|12|27|522
4321140100217387|11|26|616
4218082406903029|10|26|940
4355840207410806|11|26|395
4271260113296101|12|26|298
4365434108000037|11|28|962
4619541042580314|03|27|677
4218080308100439|06|27|862
5210690245270791|11|26|333
4524190603732320|05|27|076
379873579371009|07|27|7825
4935410000450364|12|26|095
5363470051326184|03|29|419
4165490064674209|12|26|847
4628450037090140|06|27|491
4580980102491670|12|27|694
379879172471013|06|27|1814
4602870163007891|06|27|659
4848100078549520|03|28|542
4628450055940549|04|27|889
4013673102729705|09|26|447
5589366642041357|03|27|960
4199270015487657|04|27|788
379185134044447|10|27|3146
4165981203683796|02|27|530
4628450035832709|07|27|247
4748441930081224|02|28|855
4111460900936323|07|27|537
5264711006676250|06|27|333
5592430000714503|09|26|023
4165490078355647|01|27|773
5326105304532933|11|26|317
5497778057641037|09|26|033
377391314654003|03|27|6566
4386759008286111|09|26|855
4119110094390421|06|29|843
4524190605657913|11|26|415
4524192000244800|05|27|694
4239850000625494|07|26|341
4293209200037377|12|29|089
4439137248953849|10|26|550
4165989613781753|02|27|383
4017040558147301|09|27|309
5162400038400805|05|27|295
4842810731473001|01|27|476
5523330191303633|06|27|159
5267206311835920|10|26|050
4678515005708599|11|28|469
4149313001210203|03|27|111
4687862808239714|09|29|383
5210690466111559|09|27|376
5407160009708868|08|26|745
4283322117769552|10|28|806
4085652078896303|06|27|705
4066559983596592|05|28|777
4732528555117545|08|27|959
4678515011054186|09|29|265
5577550109574992|04|27|036
5331120314018362|12|27|618
5402565001021562|10|27|346
5395937527691021|06|26|002
376397511871002|04|27|4773
4265693005862259|08|27|229
5491862018258739|10|26|134
5505680584076713|06|28|584
4162960186503992|05|27|683
4726428274261336|06|26|593
4292530174410170|11|28|234
5264710314705348|07|26|841
4585560030128878|03|27|378
4714390010758807|07|26|831
4182384024014144|05|27|395
5318260032515021|03|27|156
5354567305557612|10|27|045
4705980653791551|06|29|300
4513180010120626|03|27|493
5516192832766068|12|26|202
4147465002473552|04|27|837
5286676743727290|12|27|336
5199010877361823|10|28|423
5434582301681468|02|27|302
4119110003777551|11|27|632
4543133241157606|05|27|298
5229859758651114|10|26|448
4280990334972960|07|26|441
5280413753460141|06|30|981
4895040508930753|11|27|854
4293209200824758|03|29|853
4748442700251732|04|30|858
4272779481093724|09|26|141
5354563704212081|11|27|290
4218082416444576|12|26|256
5196032155598226|07|27|505
4693080253950139|05|27|333
4524192006158327|06|27|310
376201428864029|11|26|2198
4596610015596271|08|27|884
5355220700135332|09|27|902
4162960161558565|08|27|218
4059986093287268|04|28|934
5162400085125271|08|27|090
4391370013191925|08|26|132
5420116501672054|09|26|574
5318260028985931|09|26|808
5433115004481489|05|27|724
4726428427357221|12|26|538
4678515009029240|06|29|547
5355220830994061|09|27|061
4149313000094491|03|27|655
4895040508402712|10|27|918
4966450010576966|10|26|075
4050163000737160|08|26|520
4628880201187373|12|26|360
4748440330324010|05|30|650
4460310038669691|07|26|900
4677851509297768|01|27|442
5410600000472720|03|27|802
5419190420897723|04|27|973
4552969501730469|07|27|802
5299420004878103|11|26|979
5200969413945091|01|27|424
4050163001343158|09|26|391
4119110104128407|10|27|947
4341760002910569|01|27|763
5400419009413771|01|27|991
4838341422027373|02|28|286
4119110104211773|01|28|995
4119110093681929|03|27|969
5216009512908880|05|27|777
374680215481000|06|27|1848
4501721373947008|11|29|482
5210690527726957|05|27|947
4632252038144650|10|26|301
4596610002374021|11|26|870
4784489506044436|03|28|257
4283322089511644|08|26|892
4693080401352956|01|27|415
5426400001938429|05|27|145
5548275013778937|10|26|896
4165981550364909|04|27|399
5331126305014328|07|29|452
5265580020511507|07|27|641
5265580019043736|10|26|812
4693080254218999|05|27|516
4921819650400626|07|26|145
5521154008290334|10|27|454
4283322116419514|09|28|418
5300500003107039|11|27|820
4784489505177328|10|26|265
5488093806798513|11|26|873
4848100065682805|08|26|532
5188690448326109|06|26|711
4311701763056008|11|26|488
4349210301595911|06|27|118
4966230236486061|10|26|411
4221820001325253|01|27|840
4678515008877458|06|29|547
5264711012022689|01|27|263
5299307924663964|09|27|000
5361489014671595|08|26|542
5521159002351651|06|26|381
5196032147915736|12|26|663
5299305014339453|09|27|852
5354567930250427|06|26|878
5434582303953436|01|27|182
4696740001655697|07|26|693
5521154008247946|09|27|133
5401842172006966|08|26|633
5243256004900225|05|27|961
5354563109492346|10|27|316
4693536500208365|05|27|158
5520380056936087|07|29|901
5276698452213223|01|27|266
5421252003451868|11|27|117
4119110093661277|02|27|185
4709480100000108|12|26|767
5516192862130656|09|27|975
4632252033986667|10|26|855
5189660124818777|06|27|714
4929125183325005|12|26|633
5455126210084317|05|27|799
5516192866200950|01|27|053
371595007395734|08|27|3037
4632252034816343|12|26|352
4381038821939072|01|27|551
4611990452021897|11|27|895
4580297100049560|05|28|332
4895040479001097|12|27|341
4283322091081867|10|27|027
5110988967039100|12|28|782
4632252043214688|02|28|600
5162928616472184|05|30|886
5577557194867884|06|26|635
4998180093954341|07|27|974
5167949770039648|11|26|251
4201940051128177|08|27|410
4221498690043949|06|27|594
5264711003151406|04|27|941
4165984933787879|07|27|385
5413750382311975|05|31|444
4596610011751953|07|27|489
4155759654817150|05|29|381
4165987639130591|02|27|566
4628450055698071|07|27|217
5229859236920115|11|26|934
5498341640238958|05|27|051
5594100029187860|07|27|850
4658858800185868|05|27|944
5420891100689341|08|27|204
4119110094367288|06|29|130
5520578442763368|11|27|897
4259450301227275|10|27|348
4766710001134469|08|26|888
5361430714019453|09|27|589
5520380057060465|09|29|601
4693080499060180|12|26|831
4283322090014430|09|26|603
4028743400531328|12|26|881
4165981802032577|01|27|641
5327930029998807|07|27|002
4283322103897243|04|28|833
375511290982290|04|27|6074
5520380055716068|02|28|218
4966040519305205|07|26|201
5167170019566453|04|27|324
5239100003779519|09|26|931
5577550104020355|11|26|581
5230670042368556|07|26|155
4119110094197479|01|29|910
4553570324161103|08|26|628
4149313001318774|08|27|428
5421252002831987|12|26|439
4839318996317140|01|27|771
5520380012064768|12|27|525
5433115004076891|08|26|922
4693080250322571|03|27|001
5242260000006830|01|27|348
4628450053559341|05|27|947
4375990000600958|07|26|330
5129722024068771|08|26|155
5107375160234974|07|27|406
4568350057870193|02|27|091
5496272048260140|10|26|267
4632252050724801|08|28|131
376317400340331|12|26|4405
4549259020960326|10|26|978
4677853510968072|09|26|647
4165981546744081|03|27|274
5264710316690886|02|27|462
5129722013167717|09|26|400
5268873001027032|09|26|207
5162400018070909|08|27|362
5521154007873866|11|26|565
5520380080703917|11|26|200
4221820001655204|05|27|727
4375511854944001|09|29|262
5177224480957200|06|26|410
4748441861124308|12|27|663
5363480046111831|06|27|928
4751450080963408|05|27|555
5520380003185135|10|27|972
4693080251817611|08|27|443
4780970042798175|08|30|269
4552051003474050|06|27|721
377390703971002|02|27|5618
4300920600536476|06|26|896
5299307920819230|07|26|445
4640053099217488|07|26|460
4165987047486569|07|27|637
4844411102590933|12|26|760
4165981564073074|09|27|816
5401620000845080|09|26|124
4093381140776265|12|26|185
4017041578028679|07|27|836
4678515003463122|03|28|812
4687862804172919|05|29|691
5273516226906059|01|27|259
5120433391018956|08|27|648
5523438415169969|04|27|779
4748441250193591|03|28|649
4632252041779732|12|27|435
4748440950185105|04|29|240
5286674926495710|12|27|074
4228205251960095|08|27|849
4391230510122247|10|27|106
4165980035065818|03|27|498
5425503300270799|04|27|212
4364380002767497|11|26|600
5246891006977636|01|27|729
5271731000520032|06|27|827
4580280100870268|01|28|992
4182384023232820|07|26|766
4658657251911016|07|27|796
4119110003863344|10|28|662
4799689032860246|09|26|998
5320920032956394|01|28|128
5264711022372082|08|26|458
5265324000163736|07|26|526
4311701603189001|03|27|665
4628450045384782|08|26|718
4848100075506960|12|27|738
4632252052499154|10|28|775
5520380054751702|11|26|071
4201840016182535|06|26|927
5162400032933173|11|27|132
4617729018147075|10|27|745
5354562710718446|12|26|235
5401842170285745|11|26|411
4580561234899624|08|28|811
5363470093090673|01|30|346
4844410109393838|10|26|807
4119110104453326|12|28|128
5498341640569717|12|27|654
5138929900304183|03|27|677
5210690389395149|06|28|635
4844410104917193|08|26|129
5153290520554404|07|26|020
5129722025028584|07|27|743
5162400048501410|03|27|977
5520380057144210|10|29|696
5243736312765105|12|26|266
5498341640021339|03|27|469
5498341643773712|04|27|942
5101860003717828|05|27|327
4165987042148321|05|27|182
4751450186590402|09|26|191
4182384023940729|04|27|100
4848100075620746|12|27|953
4628450051307776|04|27|909
5395937527686500|06|26|749
5193112050531366|09|27|985
5256511001099445|12|26|502
4213630007825721|08|27|665
5365101647893308|08|26|262
4705380481845259|01|28|206
5420891100661563|06|27|409
4632252037153314|07|26|636
5315910010140944|01|29|160
4096750143292552|06|27|981
4265693006771772|12|26|208
5588601802929145|03|27|523
4556330072594105|06|26|967
4902827056846113|12|29|091
5425503300357141|04|27|191
5171162802088732|02|27|714
4909371601771719|03|27|539
4265884038425160|12|26|503
5198930660245944|05|27|558
5273511535276401|07|27|447
4335888405859857|10|26|777
4183580592832101|05|27|054
5193112060154225|06|26|701
5210690236473842|10|26|372
4165983706457173|02|27|753
4119110093597604|01|27|300
5289460004831449|06|27|249
4374500004394853|11|26|023
4890160102805113|02|27|848
4693080249456118|06|26|807
4935310195461103|11|26|162
4514600000015980|02|27|799
4611990462651196|07|27|353
4216812112887674|02|27|922
377360988371004|06|26|5058
5162400010989700|05|27|218
4508980001385279|11|26|955
5520422100290192|09|26|365
5520040003366412|03|27|865
5343996251746719|06|26|597
4799320350034574|05|29|741
4723120174410104|12|26|508
4658877530227543|11|26|616
5363470073931086|11|27|220
5520380056500206|01|29|562
5199013349225808|10|26|307
4539669013520923|06|27|936
5536360611062993|03|29|761
4283322096083678|08|27|632
5162400072272581|07|27|322
5286673053087316|12|27|187
4748443070116927|01|28|245
5520578240312699|10|26|104
4165987305294424|11|26|114
5264711026552499|07|26|105
4165980307740031|10|27|491
5137920045414269|04|27|247
5241695502147429|06|26|241
4557440411547067|10|27|413
5395937422619838|06|26|276
5404786540699712|09|26|577
4599144102444630|07|26|067
5520380054742933|11|26|923
377361623741007|07|27|9213
4546385083946598|06|27|207
4628880201102729|11|27|075
5265323000212337|11|27|748
5167947300822954|07|27|689
4628450054156659|05|27|626
377910322082244|07|29|4837
5363470084356547|11|27|514
4748442480152928|11|27|022
4283322116558899|09|28|220
5408059001478737|08|26|840
4283322104490212|04|28|675
5226887984471554|06|26|421
4119110094206700|01|29|357
4543612188301624|02|27|320
5409120056928908|08|26|145
4659422744417272|05|27|560
5516192874488910|01|27|055
4016131302815342|06|27|203
4162950129806784|04|28|520
5267770457327554|05|30|971
5177225000153626|06|27|878
4693080248043701|11|26|141
4596610001645090|02|27|293
4687853100505738|07|27|278
4284250001549245|01|27|225
4215042305467008|07|27|430
4677851517608931|12|26|268
5354569101529662|07|27|122
5196032143825699|09|26|293
4391230579646482|12|27|750
5363470077347107|12|27|624
5401844190350566|06|26|871
5425503300219119|01|27|031
5400126201085733|06|27|098
5520422100449228|07|26|311
4165490106384163|04|27|016
5188690468939112|01|27|126
5598886015336034|06|27|817
4355840209182171|12|26|191
4617729008362056|05|27|981
4508963238904245|06|26|373
5167170013922884|02|27|792
4548892022287800|01|27|506
5405455008570414|04|27|383
5401274301261785|08|26|227
4580267100323513|11|26|250
4293200009184700|10|28|383
4693080497984696|10|26|623
5520380055279554|08|27|272
5460220000258299|06|26|613
4677851518162698|02|27|411
4661601043623526|10|27|130
3569890004687902|01|28|545
4165989619335794|05|27|275
4628450056747240|11|26|292
4580070108881197|04|27|833
5363470008519824|09|27|917
5400697003101902|12|26|466
5273514173647701|03|27|684
4726428474424296|12|26|503
4283322082045764|09|26|716
4292530142591358|01|29|941
5199015551003716|12|26|402
4147524230884590|06|26|807
4645160102624108|05|27|404
4165981539783369|02|27|615
4377486009378611|06|26|283
5588601802732424|07|26|966
5199012796326507|09|29|909
4693080251661720|04|27|929
4966230850040673|02|27|664
4693080248255115|09|26|594
5520380054483447|08|26|512
5363450716181919|12|27|474
5520252380740016|06|26|962
5522891103701009|05|28|837
4147524117739487|06|27|170
4632252049382141|07|28|622
5228315632000672|11|28|002
4799689038817737|01|27|086
5157054070026742|12|26|548
5300490341936218|04|30|417
5521771106354413|11|28|915
4265884038442298|12|26|341
4165490117062576|05|27|776
5498341643435965|06|26|629
4784489506412567|07|28|333
4580493002568340|06|26|147
4693080401136300|03|27|609
4293209292609687|10|28|837
5161052178002445|10|29|197
4693080245386194|11|26|206
371786389601019|08|26|3964
5264711007080676|08|26|189
4766705004991634|02|27|057
5363470059614086|03|28|035
4386759010170972|08|27|764
4678515008412488|05|29|255
4929153137350002|09|26|691
5286895709709882|10|26|325
4265882013754166|01|27|901
4165490163121631|10|27|392
4848100074229598|11|27|640
5354569131663440|03|27|666
5556910032068725|12|26|338
4165490147591313|10|27|858
4165980033434313|04|27|351
4162960195281564|09|28|789
4450930002975972|11|26|440
5363470013499038|06|27|642
5447290211967168|09|26|553
4998180023913995|03|27|548
5363470069286131|07|29|462
4998180029796881|05|27|122
379186330646159|10|27|1217
4632252040906591|11|27|283
5354563405872167|11|27|574
5256681006455585|06|27|934
4280990334670648|08|26|786
4693080246400663|11|26|005
4386280037256231|03|27|871
4611990444401132|08|27|897
4907341000500300|11|26|442
5354569191586879|07|26|471
5363470024838166|08|27|444
5400670337218114|05|27|614
4162026407062414|05|27|455
5577550101599476|09|26|348
4286090140120955|01|27|846
4585570035526109|08|27|190
5363430502272627|03|29|603
4632252038067984|09|26|687
4640053099363175|08|26|616
5286670411296761|12|27|723
4283322089172231|07|26|795
4165987060069482|08|27|167
5498341691615120|04|27|968
4847948889331541|05|28|344
5363470067370333|07|28|099
4693080251464992|10|27|255
4596811021400850|11|29|835
4645160102762965|05|27|146
5224404001548505|07|27|597
4693080249833506|06|26|754
4265884038264114|08|26|687
4693080252242140|10|27|197
4632252040554623|10|27|514
5423809900301526|06|27|380
4895040507137947|10|27|436
5491772200453024|02|27|932
5425503300390357|12|26|760
4645160100820641|08|26|948
5420891100629487|04|27|129
5264711026720088|02|27|999
4283322099005777|01|27|948
4119110094474308|08|29|901
5356664458977412|07|26|817
5363470099941887|12|28|394
5351776760638022|03|27|501
376914187941008|12|26|6411
4162029200839574|09|26|479
4122110000607673|08|26|050
4165980035591623|03|27|894
4218080316687443|01|27|430
5265323000104831|11|26|978
5424587005343507|03|27|403
4632252039801381|05|27|937
4712270012914917|04|27|731
4766730020585319|01|27|045
5226150901029595|07|26|336
4543140226049864|05|27|081
4355840205706759|10|26|827
4165983708449962|05|27|128
4848100066426780|09|26|329
4165980045136757|11|27|479
377360437932000|07|26|3791
5204165185528696|09|26|592
4218080306754302|09|26|249
5354569700176576|07|27|856
4165981524934035|11|26|207
5376267522697523|10|26|494
5286673282507092|12|27|658
4315813268204003|06|29|980
4182384023275787|08|26|668
5354568081587211|12|26|894
5387208250496818|01|27|293
4763678604495814|04|27|877
5253031520622133|07|26|794
4258950001076535|07|26|475
4543135496739707|07|27|434
4838340196011118|12|28|140
4640053099452531|09|26|564
5520380056827971|06|29|966
5447290214451558|07|27|536
4162960166745514|10|28|443
4162960180284904|01|27|233
5256691001245915|07|26|516
5289460005286296|01|27|326
4182384023409543|10|26|886
5273512204718442|01|27|030
4659505052532045|08|26|689
4191880101410245|09|26|528
5273512338484515|03|27|834
4628450051013184|12|26|104
4766715002569258|05|27|532
5363470045768616|08|27|224
4218080515929687|09|26|759
5239100003741808|09|26|313
5363470060911711|09|29|250
4693080247173756|12|26|141
4751441282517100|09|27|011
4693080404736346|12|27|778
4183590259681113|02|27|729
4165987310077160|02|27|198
4890222034288899|03|27|233
4799689038286693|12|26|784
4119110104222531|02|28|632
4611990465396898|07|27|020
4377660101522116|06|26|383
5264082466131800|09|26|031
5236497981072633|08|26|059
4048346708285047|03|27|030
4365230023298908|11|29|825
5520380056519602|02|29|287
4514570057558150|09|27|832
4748440287528951|02|30|083
4283322102574769|04|28|436
5321962044617399|05|30|959
5425503300246450|02|27|524
5363430452909020|12|26|467
5271739000434187|03|27|027
4365000125006180|10|27|434
4292530199499646|12|27|684
5400419010718390|09|27|438
4283322097508244|11|27|983
4929151798002003|07|26|957
4628880202229190|05|27|220
4712958900584475|07|26|832
4691513041843648|09|26|957
4343016020001438|11|28|905
5106310005221382|03|29|500
5188310032237675|10|27|545
5498341643819127|07|26|743
4902820046099307|12|29|342
4206570000097028|04|27|336
4893080030801108|06|26|946
5229859215123111|10|26|637
4391230610946164|04|28|116
5156998080340702|05|28|476
4386759008072255|07|26|231
4848100082250925|09|28|616
4283322099061804|01|28|015
377361409211001|03|27|0157
5363451065290673|12|27|212
5354569403231629|11|27|433
4693080251100224|04|27|142
4678940050484112|12|26|683
5192600597949241|09|27|045
5242240138778005|12|26|316
5129670813156663|05|27|684
5401842171996316|07|26|204
4119110053067804|12|28|008
4391370027602982|08|26|278
4218082400978910|02|27|019
4165987314393589|04|27|794
4315812588316000|11|28|246
5196032146106477|10|26|765
5408058902062855|08|26|431
5408046000681015|12|26|829
4386290000754450|03|27|524
4524192006004216|03|27|790
4121510009393293|12|26|747
4218082407280799|12|26|981
5268873001428545|02|27|674
4799689038571011|01|27|356
5363470051303159|09|28|606
5123088819025723|11|27|264
4678940053971131|07|27|859
5363470037686503|08|27|701
4404536263199660|07|26|582
5419190419774719|01|27|872
4386280037665092|05|27|708
5354567018425891|10|27|191
5315910010920477|04|29|731
4119110094285324|04|29|444
4596950008912428|04|27|386
4966230236525173|04|27|181
4837915073100471|07|27|336
5162400048038439|05|27|915
5491862026991685|06|28|958
4678515007844590|04|29|029
5243120030983482|12|26|746
4784488002203660|02|27|422
4784489505642123|01|28|831
4941200117932772|11|26|938
4524190603193150|07|26|746
4693080245108580|10|26|940
5129722024165775|09|26|991
5570420579305060|03|27|065
4283322100178753|01|28|576
5129722024285870|11|26|841
4165982709270450|02|27|136
4632252040307329|08|27|488
5365104645998335|07|27|008
4162026268751303|10|26|759
5120433390948344|05|27|546
4283322124266717|11|28|775
4283322093775045|03|27|252
4934981088362961|09|26|002
4706860000290078|11|26|654
5363470065071941|11|30|444
5598881006864987|05|27|803
4367740065436669|11|26|501
4799689036546601|11|26|568
4659015777290036|05|27|230
4011380500965657|02|27|741
4784489506055259|10|27|593
5498341643633619|10|26|145
4020054100149744|03|27|552
4265884038351184|10|26|168
5509890033244822|03|28|174
4215707500029437|01|27|169
5334670019110333|06|26|354
5404888006772221|02|27|779
4214079010374724|12|26|410
5463180001365492|05|27|115
4391370000645883|03|27|631
4693080246061614|08|26|938
5520380054629486|10|26|105
5264711033709199|05|27|318
4017043737003213|09|28|181
4283322094521182|04|27|671
5192984213806906|09|27|652
5239450130103442|08|26|949
4165490130112960|06|27|027
4033020086285708|10|26|103
4563060206465549|11|26|241
4696560501437408|07|26|076
4462918452910942|08|26|374
4678940120057104|05|27|030
4283322104271828|04|28|830
4693080245352022|11|26|060
5286672201242427|12|27|986
4693080497235982|01|27|353
5273513258479170|08|26|525
5129722013439025|03|27|083
4679131050668743|03|27|224
5577550106767888|02|27|063
4524192008259248|10|27|214
4218080317317552|06|27|900
4147463003724206|11|26|896
5520009701078272|08|26|245
5516192899323092|12|26|820
4693080252825068|02|27|256
5432930000237516|10|26|853
4093388882016172|09|27|062
4619840112483924|06|27|009
5196032141319612|06|26|675
4585460015039572|07|26|224
4799689035930574|11|26|390
5521154008377941|06|27|554
4265884038188701|06|26|876
4552051008418771|07|27|353
4889079110582055|06|26|201
376317400224295|09|26|9344
4632252050407456|08|28|175
4693080247366467|11|26|669
4155759436764225|11|26|703
5129670905672965|05|27|490
4165983707608568|03|27|088
4799321936002648|09|27|176
5289190000234781|11|26|993
5289430600327548|11|26|587
4848100072641133|10|27|433
4312260050009542|10|27|739
5363470075288592|02|28|113
4165983408557106|01|27|821
4659439313747707|11|26|098
4213630016795741|09|26|776
4732560010378412|01|27|227
4842810339395770|10|27|028
5523570035195170|08|27|988
4147463005729807|08|27|646
4693080249102514|12|26|745
5289190008352502|02|27|770
5592022153436842|07|26|697
4504819000442943|03|27|106
5425503300322764|03|27|759
4218080502297841|09|26|719
4283322100798659|02|28|684
5256682101810294|03|27|202
5315910006932536|05|27|648
4119110094318414|05|29|367
5483682002174589|02|27|808
5491862018024404|07|26|456
4391370027025770|07|26|322
4283323004765307|03|28|949
4375511032570017|08|29|689
4341760021487607|06|27|305
4017040238021280|07|29|514
4628450051709443|11|26|672
4700110102665678|12|26|955
4696560514471808|05|27|341
4165490089830828|02|27|007
4693080253208538|07|27|872
379185134029000|10|27|3182
5315910008935925|09|28|393
4162960110663995|09|27|915
5488093707602418|09|26|223
5455122806056389|07|26|631
4633834900585133|08|27|155
379873952211004|12|27|9074
379186139031595|11|26|4356
5264711026254088|07|26|864
5126300000009110|01|28|936
5433115004204949|03|27|993
4165983411698442|02|27|721
5210690357469025|01|28|145
4628450052074037|09|26|853
5491862023331422|01|28|528
5120433390843297|11|26|909
5326105305968979|05|27|914
5221843150668650|11|26|097
4162026406585688|12|26|472
4693080403181395|08|27|355
4508960000076400|09|27|163
5477180706795195|11|26|579
5210690429815692|02|27|041
4660570126225452|06|28|395
4391370027322623|07|26|418
5224404001375511|06|27|909
4693080254855493|05|27|543
4693080245912650|11|26|807
4844410108521322|10|26|626
5196032150620314|03|27|558
4799689034338480|10|26|162
5522960000393705|06|26|003
5126000033350487|07|30|655
4119110094495311|09|29|374
4693080247264597|06|26|394
4539669013156645|04|27|969
5210690269590587|03|27|585
377361236681004|12|26|7694
4162026276872729|03|27|586
5273513927038373|03|27|447
5393710001417516|10|27|940
4119110093268651|06|26|847
4165989616797608|04|27|536
5256118806135299|01|27|795
4693080248057842|11|26|232
4182384023619364|12|26|836
4260138405554010|10|26|118
5523330102157193|12|26|793
4842810350082828|01|27|082
4119110094217137|05|29|446
4028939113253909|09|27|808
4799689032445261|09|26|051
4365000330554578|05|27|918
4628450005720389|05|27|494
4162950108400690|06|27|368
4165490113312785|05|27|289
4628450051457001|10|26|333
5450890003337639|09|26|248
4377486959473388|06|29|462
5354560310262203|07|26|135
5548274037359956|06|27|485
4628450050354407|03|27|425
5464985906693494|08|28|514
5196038000221062|08|27|112
5243120031082722|10|26|940
4748441471236245|04|29|929
5318260032503555|03|27|340
4835850013048138|10|26|855
4386759009430502|06|27|866
5520380057191534|10|29|360
5315910006991813|06|27|599
4391370028515969|12|26|531
4693080249299906|11|26|689
5318260021166547|03|27|089
5162400018149562|05|27|295
5549603336806078|03|27|539
5203539127221571|10|26|577
5289438224838238|01|27|977
4165983418187035|06|27|705
4283322098011917|12|27|039
5196032154824995|07|27|395
5410701031592963|11|27|527
5488093708516146|08|27|724
5491862022237943|11|26|590
4552051008125707|08|26|532
4405639794023885|10|28|085
4059986081551386|11|26|306
4303063002705808|01|27|291
4693080252189929|02|27|341
5402565000680921|01|27|613
4283322107165985|06|28|662
4748440460458570|06|29|716
4659221386119026|07|27|625
5273516727800876|06|26|506
5129670907542331|10|27|338
4842810350063513|12|26|043
5129722013300250|12|26|112
4659424087255319|12|26|771
4835850012898186|08|26|184
377169784552000|04|28|9949
5210690345577335|10|27|575
4182384023819204|03|27|660
4215844601872660|07|26|323
4165987655996487|06|27|120
4705320020218873|06|26|925
4107090204557297|08|26|306
4406123000137127|04|27|321
5210690467171131|09|27|968
4659221126414018|07|27|557
4059986076382607|08|26|749
5520372009439806|08|27|788
4921418005912029|11|26|548
4149313001487801|07|27|098
4628450053400769|03|27|816
4165981531711707|12|26|386
4799689038865991|01|27|646
4924775130026406|01|27|010
4966040512677469|08|26|371
5170670001037327|10|26|865
4304450802797797|09|26|134
4093448000213927|07|27|524
5577550106649680|02|27|748
4417704011123029|07|27|637
5280413752248083|05|29|103
4645160101468598|05|27|453
4386280042851257|03|27|636
4119110094416952|07|29|333
5521154008269775|05|27|624
4119110062067217|07|27|442
5162400026880604|06|27|677
4848100079643116|05|28|496
5242556296007527|09|26|607
4934719904152533|01|28|024
4147463003793417|07|27|367
4165981555902307|05|27|913
4524190605647096|10|26|275
4966230339497387|12|27|667
4162960159186809|07|27|425
5326103312388307|01|27|107
5379920189206106|08|26|371
4165986408135443|08|26|509
5432482610041011|06|26|412
4693080250883150|05|27|105
4426608908438847|05|27|552
5168590166741253|05|27|782
5239100700520703|07|27|563
4893960185846794|09|27|673
4546320279802115|03|27|419
4218082417198510|05|27|273
4439137249289755|10|26|589
4524192008331153|11|27|250
5196032139749796|06|26|910
4149313000309923|09|27|166
4201840026745347|07|26|635
5520380054733486|11|26|358
4835850013443404|05|27|032
4709480100415470|09|27|680
4693080251504573|03|27|785
5520380056985266|08|29|146
4386280015612785|06|27|590
5265580022251458|12|27|423
5264711039689221|12|26|783
4059986085216655|04|27|365
4693080251773731|04|27|734
4693080251874828|08|27|209
5196032141855193|07|26|258
5488093700618197|03|27|624
4304450802860686|11|26|860
4363240021685750|03|27|773
4160210842381264|07|27|093
4386680026014105|10|26|333
4439137242409368|02|27|944
4726311966306983|07|27|197
5509890030861784|09|26|875
4659024581725021|09|26|193
4038393400111768|11|26|254
5178016300254043|09|27|609
4628450059263831|04|27|090
5210690389782007|06|28|455
4505030111852405|02|27|456
5129722024581617|02|27|765
4524041800651195|06|27|391
5162400012480435|03|27|765
4165989615883706|03|27|431
4870330002184430|04|27|790
5570420579578088|03|27|902
4552051008581784|06|27|407
5520380055609123|12|27|964
4773760600262196|01|27|631
5240406602339002|12|26|525
4059986079279909|08|26|241
4693080252556127|05|27|651
4450863100935004|05|27|701
4187306404110742|11|26|093
5203650606347801|08|29|746
5137920048189397|08|27|540
4218080316732454|02|27|822
4035622613963000|11|28|983
5523021640808310|09|26|026
5405455003978067|11|27|001
5488093801506663|07|26|772
4377485656885415|07|29|314
4165490047575978|11|26|878
4556330078940500|11|26|193
5354563100860699|03|27|872
4165980044153852|07|27|222
5196032144481617|09|26|343
5239100004170130|01|27|459
4017046414014882|05|28|109
4218080301721777|06|27|428
4628450008444680|10|26|703
4265884036830858|07|26|154
4628450054538476|06|27|016
4017040799004790|05|28|373
4839318993354096|07|27|460
5210690366114141|01|28|684
5210690489367915|03|27|020
5157217002675700|04|28|748
5432930000584305|01|27|392
4349220202033375|12|26|344
4346755966918108|07|26|718
4412859821276311|11|26|824
4210060003255587|12|27|182
4678940048636120|10|26|835
5464985103042164|08|26|207
5318260029105893|09|26|961
4553570617215103|01|27|632
4693080497451506|01|27|656
5264711036262345|02|27|778
4391370028667596|01|27|826
4617950101271362|10|27|416
4854645152269388|05|27|545
5273511135339955|12|26|172
4166445506895928|04|27|370
5264089266124448|06|26|452
4693080254205152|08|27|726
4119110094303564|04|29|167
4573288800151086|06|26|781
377361084841007|08|26|0887
4182384024385148|09|27|842
4628450046544772|10|26|227
4611530077109048|10|27|004
5149504003377407|06|26|956
4283322108932243|07|28|641
4165987046620812|06|27|832
5124400297834162|06|29|486
5210690229477511|09|26|212
5286676074948838|12|27|404
4628450013875084|04|27|326
4052640310826195|08|30|976
4574920032711910|08|27|218
5355909310582525|01|27|211
5120899003895561|09|26|983
5395937524103491|06|26|021
4283322091623015|10|27|106
5213061000576136|03|27|784
4617729013844601|01|27|904
4553880077978128|06|26|874
4748440180453851|11|29|801
5401918010612866|12|26|179
4283323002349260|03|27|918
4966230338621466|10|27|675
4659427504684011|08|26|611
5326102319209292|08|26|767
4835420003219097|06|26|837
4645160100335079|08|26|627
4518421243974362|03|27|113
5210690465888306|09|27|878
4766761001157109|04|27|349
4693537000078472|11|27|550
5170414673752685|05|28|084
4105862100028058|02|27|718
4119110093925557|01|28|798
4678710000626652|03|27|319
5199017638769699|06|26|832
4293209205751428|04|29|471
5224404001184012|01|27|490
5315910008394644|07|28|256
5436232801807258|12|26|083
5520380054800061|12|26|577
4119110094299861|04|29|953
5363470087278565|12|30|320
4966040520880139|09|27|409
4377660000183135|06|27|976
4119110103927577|02|27|688
5488093801470076|06|27|183
5464971947105524|05|27|638
4512490911009294|08|26|154
376533852901004|04|27|1112
5480205809843116|11|26|172
5536361602304147|09|29|896
5128670000114849|08|26|426
4693080248918845|12|26|110
377361565931004|08|27|6195
4659508529034140|06|26|583
5419190419057818|12|26|111
4632252032526985|08|26|885
5363470055749324|06|30|926
4726473090924246|07|26|556
5363470072429819|04|29|857
4417706506182584|11|26|202
4105041901029215|07|26|712
4182384023936420|04|27|209
5229859311426129|06|27|035
4501720998778004|06|29|050
5420891100620510|02|27|167
5271739000618805|08|27|799
4386759003083604|05|27|142
4693080247309129|08|26|619
4040243181326570|06|27|408
4842810350048571|11|26|434
5236125750606824|06|27|946
5363470006070812|07|27|682
379387571787005|08|26|4056
4645160101031388|08|26|744
5365101666933340|09|26|910
4909371601730079|03|27|101
5178010201874165|06|27|165
5243120031231204|07|27|533
4293132783497885|10|26|450
4636650003965387|10|26|430
5400419010657234|09|27|702
5491862022191140|11|26|053
4693080497572202|01|27|496
4040099950915971|10|27|743
4119110094544894|10|29|384
4283322096405020|09|27|975
5196032140420932|06|26|729
5196032153062837|06|27|939
4283322094727243|04|27|683
4119110094518690|09|29|203
4165983417545456|06|27|117
5536680040425176|12|27|561
4349565300104241|04|27|275
4909371202237813|03|27|028
4198642470285027|08|26|101
4693080249215548|11|26|347
4862698918733916|02|28|342
4033752006081698|06|26|922
4748670200576600|06|26|719
4660570099296662|06|27|929
5331120047079905|01|28|268
4553570458687121|07|26|205
5326569000093831|08|26|300
5381491211624431|08|26|971
4157365087666756|02|27|797
5291170702308154|08|27|322
4966230235275853|11|26|851
4748468380062008|11|28|765
5268873001898036|07|27|765
4396910007597168|08|26|665
4165981517615088|11|26|693
4213630001526390|09|27|373
5401918010607478|11|26|712
4628450058846594|01|27|420
5286671175763244|12|27|894
4218082410358277|10|26|546
4417708200155825|07|26|127
5326103310108046|06|26|017
4119110094218903|01|29|981
4165989616574700|04|27|960
5241250911033057|11|26|865
4966230239819888|11|26|827
4693080249242286|10|26|462
5301280114806006|05|27|346
4199270016160576|07|27|423
5264711027687260|10|26|217
4220768803974177|09|27|714
4628450057271893|08|27|998
5401842172191735|06|26|998
4864183020390309|09|27|757
5363470087077520|02|28|458
4628450050344630|08|27|799
4591554018599343|03|27|212
5351440542218237|04|27|343
4283323002219331|02|27|135
4848100074444999|12|27|815
5273513401660031|03|27|873
5363470095744228|10|28|820
5598881007121239|06|27|004
4265884038810312|07|27|806
5577550105389379|01|27|472
5520380016775450|09|26|183
4283322101985685|03|28|927
2305407279022854|05|27|239
5286675583061109|12|27|868
5498341640745721|05|27|854
4628880100076958|08|26|149
5267778434933907|04|30|674
5241930094694003|06|29|193
4283322098297136|12|27|634
4596610008328971|01|27|286
4162960158607573|09|27|379
5313290770711966|01|27|105
5195980623676100|10|26|979
4505350018651316|08|27|003
5253030016109589|06|26|730
5400419008972579|07|26|046
5516192874922439|11|26|406
5413750904481736|03|31|249
4693080253112599|06|27|902
5454200220477927|08|26|082
5193112060299541|06|27|919
4137190308135984|08|26|652
4035620209288006|08|28|757
377390242931004|01|27|2757
5200484021128494|05|30|145
5521910573827689|09|26|753
4119110103838535|11|26|399
4611530072117137|10|27|278
4119110104442394|10|28|419
4265693005573005|04|27|639
4009936928576006|04|27|379
4693080496676491|01|27|920
4632252045488355|04|28|129
5253185054119526|03|29|191
4541190996196611|10|26|325
4799320040169491|09|28|794
4512490000126439|09|26|490
4165980039571803|05|27|581
5286672350344735|12|27|975
4645160103072653|05|27|653
379862039031006|01|27|4491
377361501581004|04|27|9405
5411450031695512|11|27|853
4524190603624501|03|27|453
4628450051518380|01|27|191
4834420775044799|07|26|042
5256682106795490|03|27|301
5363435531922035|11|26|998
4315811297816011|12|28|194
5520380054672684|10|26|387
4141700002599840|05|27|284
5286670083596225|12|27|117
4895040486329192|01|27|556
4165987038349776|04|27|047
4119110094430110|07|29|830
4397720057912707|04|27|442
4645160100227573|08|26|485
4283322091615516|10|27|595
4335877899019177|05|29|659
4617729017385023|09|27|706
5363470092691299|05|30|207
4417708200064175|06|26|491
4017040545005034|10|28|904
4628450059027962|07|27|701
4439137211577161|11|26|177
4693080252145459|02|27|426
4611199679020886|11|26|498
5536361060666920|03|30|101
4165980603260940|09|26|291
5425503300406609|10|27|221
4283323003725484|12|27|713
4480600495666420|07|26|924
4283322100846623|02|28|077
5157073228841976|03|27|991
4283322101531349|03|28|220
5179821142916009|08|26|040
5210690506005464|09|27|108
4578285783180004|07|26|795
4119110094381545|06|29|376
4119110103941917|03|27|872
4096362013286431|10|26|331
4165983709880090|06|27|854
4283322097892184|12|27|961
5354567018035872|11|27|412
5149342588015344|06|27|672
4265884038754445|06|27|500
5595890049379104|07|26|462
5203539127681840|10|26|065
5276698430920394|01|27|068
4693080246843714|09|26|550
4265884038278171|09|26|261
5546370231644839|10|26|302
4799612497106038|09|27|294
4165989616282676|04|27|415
5520380056518117|02|29|146
5167947990596959|05|27|968
5408062000731783|10|26|180
5408059002500901|08|27|474
4265693006991354|07|27|547
4283322101456182|03|28|586
5210690229219467|09|26|016
5354563101032009|10|26|109
5180981000332397|10|26|561
4377484854817551|02|27|782
4842810350025454|10|26|776
4293820822110002|07|27|861
379143800562002|06|26|5779
4890850010365628|01|27|215
4417708200785951|02|27|289
5286675191351538|12|27|419
4283322101877973|03|28|033
5402565000982574|03|27|179
4628260504121926|08|26|773
4119110094382642|06|29|907
4580170008574221|02|28|317
4611230000015855|09|30|571
3563420004982214|07|27|749
4794460003718739|09|27|716
5520001900167360|10|27|271
5363470053939802|11|28|112
4665428803332205|06|27|243
4509351002755440|04|27|803
4693080248914281|10|26|075
4199270015585088|04|27|146
4059986096760493|09|28|005
5331120020157991|10|28|284
4539660000533755|09|26|008
4565982031622630|07|27|858
5224407001277827|11|27|020
5521632021740013|03|27|330
4384213001284717|06|26|342
5521154008135588|10|26|395
5203539128783207|10|26|817
4677853507004212|05|27|030
4315810054496017|08|29|608
4162026405928186|08|26|780
5125711998352109|09|26|526
4155759654808878|05|29|785
4450930003261786|05|27|117
4283322090520568|09|26|968
4890850010562174|06|27|599
4748446001124118|02|29|628
4183580557178102|03|27|808
5265324000153646|01|27|807
4658652753196018|10|26|988
4902820010843581|06|29|573
4122110001112756|01|27|767
4640053099363308|08|26|233
4006822012839166|01|27|182
4693080250524317|03|27|348
5520465111178500|12|28|871
4799617980007106|02|27|682
4412859814723626|10|26|503
4147635304792400|06|29|139
5196032144803018|09|26|757
4283322082224799|09|26|158
4165980033674108|02|27|600
4596610019178563|07|27|857
5196032142521653|07|26|613
4632252044766447|04|28|831
4835420003557090|03|27|643
5429332615242822|07|27|187
4984017052895626|01|27|863
5520380055620930|12|27|070
4155759435552076|07|26|668
5424160480777738|12|26|526
4556330122011407|08|26|088
5264711025298961|07|27|361
4693080252280801|10|27|014
5221843134074389|07|26|325
4524192002744443|07|26|352
4213666800135470|02|27|760
4283322081489336|08|26|998
4162960169720878|07|27|278
4201940050603543|03|27|158
5455122903941053|07|27|537
4283322094870019|04|27|829
5331124024000199|09|27|459
4848100079850026|05|28|963
4402740047954141|07|27|213
4382890003574187|04|27|696
4628450059188467|12|26|201
4293209208770722|05|29|920
5196032146535261|11|26|972
4632252038325895|10|26|518
5320920029128544|05|27|040
4693080248652550|06|26|653
4343011616000555|07|29|849
4283322108092147|06|28|811
5498540000886880|08|27|737
5520380056385889|12|28|674
4220768686687367|07|27|824
4035620718288000|06|29|186
4053382800931867|10|26|000
5264711002646380|07|27|594
4147465002399617|11|27|871
5264711014841664|07|26|872
4693080250765886|10|27|373
5184460010854878|08|27|946
4799614703234356|07|26|182
4748441827918389|04|28|827
377361723501004|09|27|2150
5398302002107299|07|26|125
4611990428452515|09|27|309
4165987312444327|03|27|698
4553570410996123|06|26|745
4162960131006893|12|27|291
5521154008284147|05|27|058
4632252039914184|05|27|268
5188316809417762|07|27|889
4218082408895868|12|27|205
4059986099471023|01|29|101
374614364153003|08|26|1952
4678515003929395|04|28|801
5129670811656334|08|26|542
5239756845757557|03|27|066
5369076252324979|12|27|814
5425503300258448|12|26|229
4160210832234424|10|26|270
4119110003645980|09|26|010
376201246171003|09|27|7015
5243120020030799|02|27|456
4375513226128016|07|29|125
4165980025528643|01|27|920
5498341643703925|12|26|463
4283322081460360|08|26|982
4165987314691818|05|27|130
5395937524062093|06|26|922
4693080251864118|09|27|553
4017044074007809|12|28|104
5125711336586111|06|26|639
4183580614790105|07|27|637
5196032146008137|10|26|565
5521632021115943|02|27|990
4580160117640492|09|26|533
5402565000675061|10|26|1394
4628450050685214|08|27|848
4412859962033372|03|27|021
4096750147447541|12|26|973
4389760041750045|04|29|711
4365000035382226|08|27|375
5576920057754535|06|26|109
4712270052075579|06|27|971
4412859525811009|02|27|901
4766725001769999|08|26|797
4645160100695746|08|26|826
4119110094171490|12|28|853
4839318997956417|07|27|975
4378410000740669|08|26|066
4005360032900966|07|26|083
4584401117305371|05|27|198
4934550005946444|10|27|234
4748323000369756|10|29|576
4283322100903598|02|28|086
5520380055786947|03|28|530
4678515003630266|03|28|142
4504819000975330|05|27|613
4119110093829742|09|27|873
4286090192998167|09|27|996
4799689030430158|07|26|122
5221845050793264|09|26|989
5400697008113316|12|27|027
4391370014515783|12|26|621
5523527021926810|11|27|833
4632252043010789|02|28|592
4165984930896467|06|27|757
5491862019041258|10|26|221
4363891530125611|08|27|329
4893960048685249|10|26|088
4283322094357579|04|27|917
4391370028384945|12|26|053
4848100075948642|01|28|861
4580270103522560|06|28|259
4162960133198219|07|27|435
4218082415519915|06|26|878
4165980014027532|06|26|886
4391370014786582|02|27|774
4691513022854168|09|26|690
5407319525984011|05|27|166
4579410002424913|08|26|380
5179821141602006|06|26|605
4678515009382482|06|29|407
4706860000259610|10|26|094
5208130000662563|07|27|543
4848100079546285|05|28|405
5520380012276487|02|28|552
5536913795158969|07|29|373
5526305701593839|07|27|440
4929409593693008|01|27|645
4632252032027497|08|26|499
4677851516505161|07|26|251
5354562706691151|07|27|669
371787292181008|10|26|0998
4391370029922719|07|27|856
4162070020164108|07|27|437
4137180312597022|05|27|707
5420891040280441|05|28|286
4220768800523373|04|27|022
5172526826981578|07|26|870
4632252033951091|10|26|603
5536360492512678|07|27|708
5446700118740311|03|27|705
5520380013581018|07|26|003
5597550027969148|06|27|490
4837419026146384|09|26|829
4585560030093338|04|27|957
4693080254385723|02|27|853
4693080245513474|12|26|640
4693080246490458|10|26|167
4709480100227677|05|27|545
4890120100894188|05|27|787
4632252037742918|08|26|449
4524041879811407|09|27|497
4693080252447061|06|27|006
5199010298751917|05|29|694
4182120096472236|10|26|719
4272771622039880|11|27|923
4514570052708602|02|27|356
4678940068321140|04|27|685
4283322110129812|07|28|091
5434582300512060|10|27|154
4632252040639390|10|27|472
4119110093593793|01|27|451
4283322102414735|03|28|780
4283322103642722|04|28|115
5242558886117757|03|28|830
4748461265159007|04|29|406
5184673000037557|04|27|749
4316573027697439|06|26|575
5570420500672059|08|26|693
4732560010243277|09|26|476
4592430100809677|10|26|536
5472310274262105|08|26|057
5125258000263205|09|27|710
4182384024141194|06|27|184
5199011998674854|02|29|419
5520380056904960|07|29|536
4628450054451753|04|27|204
4591782001796176|11|26|493
5354564952017487|03|27|661
4848100065196004|07|26|051
5400126602556159|06|26|958
4693080253660506|08|27|036
4842810350051666|11|26|988
440664806828373|09|26|915
4693080248831675|08|26|131
4147465004895133|08|27|940
5345070205594340|10|26|009
5301210121889018|05|27|658
4628450059310459|12|26|087
5502098247629187|01|30|086
4608885904969732|10|26|186
5256681006559840|10|26|424
4165490028224000|07|26|316
4786689964532917|10|26|300
5286672666005798|12|27|572
4678515010756807|08|29|079
4556333092491211|10|26|259
4640053099199348|07|26|306
5405455001456686|11|26|834
5400126102145784|11|26|373
5210690548672776|12|27|890
4451331054383331|08|27|284
5257990000543406|02|27|075
5363437175654197|12|28|387
5256682107004330|05|27|144
4119110094246342|03|29|027
4837915029994456|08|27|012
5400220000788496|06|26|294
5193112050437317|07|27|123
4283322114648338|09|28|077
5239351001859536|10|26|606
4477570016487223|08|27|246
4628450056613236|02|27|314
4165987022376207|12|26|722
4934719903699153|07|27|967
4921819652296832|05|27|063
4378410001821120|04|27|850
4628450050336131|10|27|865
5222300200187172|04|27|656
4924775800015200|08|26|960
5162400044306533|06|27|191
4693080252561143|03|27|639
5210690318402461|07|27|691
4335888407243597|01|27|964
4693080254599182|02|27|299
4213630004616818|11|26|831
5363470093110463|06|29|267
5183240001104249|03|27|954
5401844210328451|09|26|055
4283322105539330|05|28|569
5102669041005545|07|32|063
4215042339780038|12|26|283
4909371200804416|01|27|417
5315910008366154|07|28|643
4303063002978702|02|27|692
5210690288259313|05|27|000
5354568032528330|09|26|783
4693080403750231|10|27|348
4160210836165038|01|27|438
5521154008098356|03|27|330
4165981549033599|04|27|082
377361629531006|06|27|0065
4165981505717235|06|26|967
5491862023142142|01|28|028
4386680097347103|11|26|835
5273513779884122|01|27|879
4355840102175389|09|26|765
4799689035446779|10|26|755
5402563006268254|07|26|225
4835850013939823|09|27|098
371593002863566|12|26|2991
5577550110258569|05|27|643
4386680098656106|01|27|123
4221550011193348|12|26|818
5442340100142848|05|27|974
4218080300355460|11|26|911
5273514221847675|03|27|303
4579730839060014|03|27|782
4602870144007689|02|27|893
5170404636739937|07|26|557
5520380080722453|04|27|153
4726473068759459|07|26|205
4929157700117003|06|27|727
4751610110013397|11|26|444
4617729001230847|07|26|481
4162950121550752|05|27|756
5198931550329665|02|27|773
4147463000158085|03|27|332
5182179003311892|12|26|867
5256111150363724|10|26|657
4640053099532530|09|26|055
4283322095886642|07|27|401
5120899003900502|09|26|533
5256682105741388|10|26|737
4838347384000639|01|29|872
4689576095004650|06|28|232
5213061000540256|02|27|532
5496272003727869|02|27|748
4659221147071011|02|27|924
5239100004708269|05|27|259
4628450056134050|03|27|328
5400000212622471|11|26|681
4162950185968643|08|27|188
5161050169041950|04|29|368
5410600003801867|01|27|842
4102020054750028|09|28|923
5286672565982287|12|27|279
4632252044195902|04|28|051
4147524545430428|03|27|634
4160210835305122|12|26|942
4799689038964612|01|27|607
5425503300498192|07|27|471
4763674858548218|01|27|845
4283322096225766|08|27|439
5200487736045861|08|30|206
5181231481759638|03|27|031
4632252043342729|02|28|194
4283322116994383|10|28|512
4748440891166446|11|27|876
4848100069547129|05|27|447
5577550106811025|02|27|822
4147671606595027|07|26|366
5522532051245397|04|27|115
5520400540843952|10|26|936
4213330029066616|08|26|996
5343996297712733|11|26|901
4397725802335161|05|27|866
4258700100773106|08|28|336
5400419010555925|08|27|571
4693080254580596|05|27|347
376201751892043|03|27|8333
4028151009492605|07|28|584
5463180000699198|07|26|485
4165986405030225|06|26|660
5521152701086694|04|27|580
5354569108086757|09|27|356
4840990103515712|07|26|182
5523021640929298|08|27|380
5222301142190035|09|26|742
4552961700349944|08|26|240
5120433390756291|06|26|912
4047457514231702|07|29|270
4693080401653973|03|27|748
5520380056147909|09|28|287
4693080400909285|08|27|087
5239450336286579|10|26|393
5491723000224941|12|26|797
4033752006634884|06|27|858
4667261358034506|12|26|273
5520380050660725|03|28|973
4504815001805260|01|27|929
5455126215032774|05|27|018
4165987030605753|04|27|251
5264711014635710|01|27|317
4524041839842021|10|26|741
4509351002660129|11|26|687
5167947340230283|03|27|684
5509890037179040|10|28|046
5295450016663932|05|30|267
5491862023464637|01|28|512
5264711005986197|05|27|733
4450930001461032|05|27|952
5492840377395200|04|27|266
5271739000362057|06|27|332
4693080248836120|12|26|884
4501720117253004|10|29|040
5327501024596001|04|27|112
4165983408968170|12|26|753
4147527779293818|05|27|442
5460150032106556|09|26|221
4678700001266707|11|26|091
5289460011585970|08|26|763
4165490127332878|06|27|065
4539669008438362|07|26|926
4512970113397886|09|26|278
4659507573910072|05|27|799
5354568082637221|10|26|605
4661601242767629|07|27|279
4916989610051350|09|26|695
4799689042374956|08|27|697
3567773109385808|06|27|018
4265882011733907|06|26|935
4935310180446101|07|26|144
4165490074930385|01|27|469
4304450803059734|03|27|390
5549046502286065|11|27|050
4003590048153224|04|29|640
4297554812292282|08|27|622
5577557195886719|07|27|569
4596300073198026|08|26|736
4902820044145920|12|28|903
4512970101715610|12|26|203
5464970571978685|04|27|051
5594444466236602|06|27|119
5410600000338467|12|26|467
4182384023198443|07|26|366
5400419009630010|03|27|933
4396540009354985|01|27|053
4165490056119924|11|26|955
5102669015341066|11|26|926
4417708200518493|10|26|863
4391370030341867|09|27|663
5496272012064932|02|27|867
5243256004676239|07|26|756
4524192006380319|09|27|170
4848100066513538|09|26|852
4617729016405061|08|27|145
4283322102795224|04|28|971
5496272065335122|06|27|455
5195980297517911|10|26|595
4658592473484122|10|26|201
4611990426519638|09|27|480
4632252042129507|01|28|831
5447580916113427|06|27|590
5409120046513000|09|26|646
5520578037286007|11|27|839
5203580005218503|06|26|580
5177530003724095|08|26|459
5521154008103115|03|27|909
5446700140750007|07|27|380
4835518240220875|07|27|349
5520380013312505|06|26|061
4283322105056442|04|28|768
4283322081385906|08|26|548
4835850013409041|04|27|524
5270692865319137|01|27|875
4842810730233463|08|27|198
4628450052961175|06|27|998
5203539125102211|10|26|084
4705380338701010|10|28|116
4632252044828379|04|28|951
4862698915165856|12|26|397
4524190604069912|12|27|612
5365101602968343|07|26|553
4786791020093486|02|27|574
5363470096892273|10|28|656
4335888459036709|03|27|095
4659446154403357|11|26|735
4367412775747096|03|27|164
374680693021005|06|28|2937
4165490088095589|02|27|431
5180981000299927|08|26|701
5188690804932102|05|27|109
4628880201212833|12|27|959
4147463003445513|09|26|709
4628450052095164|09|26|373
4922360006430545|04|27|088
4539328800252634|07|27|483
5260990221125269|06|26|644
4033754011621245|07|26|828
5222300041008256|07|26|187
5520380019742309|05|27|470
371775866493008|11|26|2440
5354569760444377|12|27|737
4678700002265302|08|26|609
5363470077453848|05|28|598
4165984903329462|06|26|868
4160211300055929|03|27|618
4628450051909639|02|27|194
4162026286007167|08|27|765
371773848673003|06|27|8251
4632252039684753|04|27|587
5264711006256657|09|26|530
5521154008155008|03|27|807
5387208251922473|05|27|233
5491862022266389|12|26|209
4693080252903089|05|27|187
5520380054829995|01|29|580
5193112050907913|07|27|288
4119110094453708|08|29|208
5391574005180724|01|27|781
5256511000967295|09|26|114
5310801017621108|10|26|682
5242555959023821|08|26|375
5460220000422861|07|26|559
4591560166206110|05|27|343
4693080252070491|10|27|616
4929136219971001|07|27|298
5536360557003167|05|29|685
4552051803505012|02|27|756
5499490516462215|08|26|814
4693080250793706|03|27|077
4632252038755950|12|26|026
4355840208644908|12|26|964
5523389009466008|02|27|309
5400126100061553|09|26|031
4050163000675915|08|26|343
5363470004482407|03|27|841
4215359402125457|05|27|232
4022750157928041|05|27|806
4844410111170414|10|26|028
5491862020385801|09|26|299
379183953234959|06|26|9523
4890870012377512|08|26|919
4799689032838317|09|26|659
4628450051701630|01|27|276
4748443260174728|11|27|985
4119110094053839|07|28|313
4034090002860594|07|26|313
4539669014435600|10|27|958
4895040567359704|06|27|190
5491862025039866|04|28|498
5203539140579146|10|26|268
4080020105354453|08|27|608
4741315255829143|09|27|890
5239100700612203|09|27|379
4514570001390551|07|27|559
5421190185011334|10|30|438
4215042339696010|07|26|133
4165989602250885|06|26|529
4165983411061377|02|27|314
4835850013636205|07|27|272
5477330021540848|10|27|605
4784489505134915|01|27|237
4546384825569958|10|26|252
4678510520184590|06|27|911
5402565000991757|06|27|709
5460150032542743|01|28|615
5362790000236908|06|27|500
4799689035270955|10|26|820
4553880081240101|08|26|315
4693080250440332|07|27|312
5271731000612987|07|26|043
4806320157524646|06|28|803
4006822012632728|03|27|244
5421240034706764|04|27|608
4659444105940882|07|26|081
5583311112940395|10|27|487
4748469270052000|02|29|756
4628450054890547|10|27|082
4693080254302686|10|27|523
4693080250450521|08|27|653
4165490078884877|01|27|255
4265693006729168|01|27|322
5224404001696262|07|27|786
4119110093780390|06|27|064
5495336134000503|11|27|197
4966040500469226|06|26|227
5162400070369751|12|27|894
5420891100571846|07|26|772
5213934668231675|10|26|703
377988081193246|06|27|9920
4628450008896756|09|26|203
4691510011122409|06|26|324
4839318988472994|08|27|762
5271731000139197|06|26|983
4632252049086965|07|28|766
5264310268476069|09|26|261
4661601032423805|10|26|542
4784489505197326|10|26|100
4374560001394330|03|27|253
4365000350013026|01|27|228
4303063401205533|09|27|686
4580800005150035|07|28|483
4365000035266833|06|26|458
4016131302332330|02|27|596
4119110094381073|06|29|387
4119110094218978|01|29|470
4693080245641457|06|26|561
5315910009602854|11|28|982
5391509003395296|06|26|892
4165981561857545|07|27|687
5491862022697732|12|26|212
4693080254083930|05|27|735
4391360003681001|02|27|939
5363470061974205|04|29|967
4921599010716214|04|27|032
4848100072336429|10|27|103
5520380014554808|11|26|083
4162960318240778|08|27|992
5312280200088508|06|26|082
4283322098579426|12|27|019
5516192802826777|10|26|260
4283322103725360|04|28|618
4632252042622584|01|28|988
4580090108494338|11|26|559
4773760706382062|06|27|452
4835850011964518|08|26|429
5576920054736444|10|26|879
5276690041059779|02|27|460
4162960312422018|06|27|231
5446700127702385|04|27|798
5599396267001939|04|28|666
376317400133504|07|26|3840
4693080248952455|07|26|363
5264711033451628|01|27|895
5407168508454736|01|27|546
5286675675873759|12|27|994
4632252051350283|08|28|646
4693080245873951|06|26|973
4311951044306462|07|27|693
5425503300299988|08|26|543
4890160091193802|12|26|241
4391370029580541|06|27|080
4138419990175357|07|26|293
5491671118896839|07|28|148
4645160103262494|10|27|192
5270696611483865|11|27|790
4640053099238658|08|26|408
4748468551606005|03|29|859
4201920150839403|02|27|335
4907331908678050|06|27|948
4028939117454057|06|27|756
4283322115529909|09|28|935
4722640013903945|07|27|796
4524192006838407|09|27|442
4909371400159090|01|27|619
4315813440740007|08|29|719
5588601802710693|06|26|514
5264711032990659|06|26|225
4321340005285147|12|28|092
4129750699964837|04|27|112
4283322110907035|08|28|723
4628450047702270|09|26|091
4628450055662077|02|27|325
4831510300003782|08|29|065
4611365619716889|11|26|378
4300920601893223|11|27|878
4890168105440911|12|27|548
5101860002802894|11|26|323
4628450006754692|05|27|134
4391370029258692|04|27|854
4799689031103184|07|26|184
4552051802643137|11|26|888
5137080004156318|06|27|778
4895040567978339|07|27|915
4770282803494099|02|27|952
4645160101419559|05|27|452
5461122067308737|06|27|059
4366880061332115|05|27|393
4283322094385729|04|27|136
5256682106774305|03|27|891
4283322103869028|04|28|993
4573288800137614|03|28|508
4017040275036340|03|28|384
4386759008141936|07|26|218
4596950003409511|04|27|922
4283322094012182|03|27|941
377361051391002|09|26|6122
3563930001511840|06|26|513
5286673184909339|12|27|828
4165986427865434|01|27|125
4283323001246756|04|28|344
5318260031136183|01|27|471
4645160102247777|05|27|142
4658285013624915|10|26|006
5264392688300822|06|26|379
5264711034649451|03|27|277
5498460000271316|07|26|763
4584401017902756|04|27|503
4022750102876683|09|27|517
5326105305084033|12|26|059
4580030755682249|11|27|739
5210690249044457|12|26|997
4628880001842862|09|27|259
4162960123299464|08|28|299
4299200777911478|12|26|556
4160210829211658|07|26|220
4073520259853001|12|29|051
4460310037591193|10|27|539
4632252049050490|07|28|769
5363470097543545|06|29|856
4162960318355931|09|27|763
5102669016253146|12|26|302
4391370028947923|02|27|908
4628450054417366|10|26|185
4119110003714042|03|27|956
5210690555284317|02|27|796
4265884038206933|07|26|227
4325650270300660|06|26|230
4119110104261182|04|28|380
4165989602117845|06|26|185
5264711006762100|07|26|535
4596950008549527|04|27|563
4617003752054941|08|26|791
5264310238262763|11|26|956
5404786540671695|08|26|969
4628450048870191|10|26|705
4283322116106061|09|28|941
377360907871001|06|26|1944
4726428476779028|02|27|361
4119110003658603|10|26|654
4165983703073114|10|26|533
4677853511187318|11|26|441
5520380054452806|07|26|656
4395907014325741|12|27|535
5264711030871620|12|26|497
5597421159439195|06|29|402
4126118247037006|05|27|723
5522283004417150|08|26|815
5363437708829274|09|27|165
5354569109130315|09|27|558
4367730057366859|06|26|400
4283322088483514|06|26|303
4283322089049389|07|26|460
5488093806605353|09|26|946
4258608002385327|06|27|584
4596610016477265|07|27|929
4628450052968121|03|27|009
4183590513104100|05|27|996
4006121001305051|03|27|897
4677853511974640|05|27|561
4632252034315262|11|26|336
4119110094201933|01|29|850
4165986442699479|05|27|053
5265580020233243|05|27|820
4292530161675918|09|27|045
4147524114224384|09|26|031
5273516023852878|09|26|321
4693080254841501|07|27|035
5167947950428789|11|26|372
4628450059478942|12|26|616
5167942700151351|08|27|605
4391370028382899|12|26|930
5210690476156701|11|27|567
5253460001153161|10|26|874
4935435500010459|08|28|814
5520380055708420|02|28|736
4035620681481004|06|29|955
4119110093954763|02|28|235
5577550107506517|03|27|434
4417704016977635|12|26|238
4033752061510656|09|26|492
5403034235699080|08|26|821
5520380056908052|07|29|003
4591560121507354|11|26|206
5521573048872936|10|26|022
4165989609921454|12|26|488
5548274114629305|10|27|991
5289437483777087|06|27|764
5502094810862008|09|27|568
5210690257089998|01|27|084
5452354668012449|01|27|092
4693080250722549|11|27|156
4921110203745596|06|27|490
5129722024918405|06|27|809
5371780009557411|04|27|089
4017043324006108|04|29|202
4539669011085192|07|27|906
4570662800342833|09|27|647
4659435672133216|06|27|452
4842810730061609|12|27|708
4096750147332727|09|26|345
4546321034803117|06|27|658
4565982031607425|05|27|766
4862698919453761|05|28|346
5521632022136153|06|26|932
5272893196425167|11|27|193
5345070289033413|12|26|487
5210690527951167|05|27|286
4552051008709500|11|27|104
4165983710078189|10|27|344
4902820012887503|02|29|905
4293205205191664|03|28|509
4556333008087145|08|26|217
4941114190917453|09|26|841
4119110003697304|01|27|083
4006822040751821|09|27|620
5405455002366033|05|27|714
5405455003995582|08|27|715
4665730000006882|06|27|937
4162026284645042|07|27|515
4553570377351114|12|26|865
5509890035855393|07|28|732
5354563703262749|10|27|712
5520380056187020|09|28|439
5354567012436910|09|27|749
4552710511405084|10|26|386
5425503300589560|01|27|703
5496280010817698|07|26|568
4658592848368042|03|27|356
5354563720421542|07|26|471
5429910210866754|10|26|564
4162026279448279|04|27|278
5365101876249370|02|27|834
5407166330265296|10|26|452
4552051008249572|06|27|517
4890870012097383|08|27|019
4271245449231609|10|26|078
4280902065944514|07|26|154
4283322098273301|12|27|362
4929102966730008|07|26|739
5520380003221146|12|28|764
5129670904776593|03|27|133
5162400041078523|09|27|050
5239757907273582|09|26|818
4006822012775964|07|27|144
5363470061643354|06|29|823
4504819001633862|08|27|034
5592403337170806|05|27|789
4660570094308306|05|28|865
5167944090184489|04|27|703
4751420314467302|06|27|639
4005360034439518|03|27|651
4890168054597703|06|26|089
4799689030380593|07|26|579
4596228918252486|11|26|109
5240406602445502|08|27|717
5363470088133991|12|27|356
4147465004882487|04|28|900
5203539128144103|10|26|311
5354564661818324|08|26|152
4848100080298355|06|28|833
4386759006514670|07|27|045
5222258826000072|12|26|178
4441114465278701|12|29|784
4678515010214302|08|29|197
4726428694644079|08|29|421
4504815002205783|04|27|139
4213890008958737|12|26|841
4005360034404041|10|26|963
4165987044431386|06|27|988
4293821640101009|12|27|626
5356740167525526|10|26|965
4628450056423354|02|27|842
4165982712430810|12|27|814
5196032141876934|07|26|814
4119110093514195|11|26|587
4902460101768973|01|27|351
5264711013059128|08|26|047
4848100066175981|09|26|444
5265323000132014|10|27|011
5210690264822563|02|27|412
4165981545986709|03|27|982
4315813212185001|05|29|296
5268523000119427|03|27|475
4165981556218281|09|27|236
4283322090591866|10|26|445
4632252050139869|08|28|828
4987931100110506|12|26|445
4417707601359325|11|26|123
4658877530348539|12|26|195
4617729018250770|11|27|236
4059986095723096|08|28|324
4283322104861719|04|28|608
5253360310220745|09|26|621
4520130005095110|09|27|073
4119110094085369|09|28|031
5157160100638909|12|28|342
5162400084731038|06|27|003
5414963810087633|03|27|909
5203539121823133|10|26|242
4218080317498311|07|27|267
4147463003333081|06|26|401
4504815001722689|11|26|783
4732528511085026|08|26|619
5199018037483551|10|27|471
5222300200179716|03|27|113
5194690007288262|07|27|259
5363433527022183|03|28|996
5355905305188237|06|27|366
4160210313361845|01|27|232
4902820028101337|03|28|399
4223223297933807|01|27|796
4693080251027211|02|27|295
5425503300217378|05|27|822
4182384024032559|05|27|636
4386759008107127|07|26|179
5405455000472734|04|27|747
4596950000338630|04|27|956
5257990000514985|01|27|045
4162026275616432|02|27|200
5354563111857288|11|27|176
4165982701993083|09|26|501
4553880091752103|06|26|425
5226040025645006|11|26|916
5460150030473313|11|26|320
5203539129514221|10|26|536
4028155504964927|08|28|261
5523438415506459|09|27|610
5199012148583995|09|29|474
4221820001120795|10|26|718
5491862023004565|12|28|094
4835610448309285|10|26|577
4162027103783212|06|31|514
5213950000362598|09|27|163
5520380051241996|07|26|775
5354567030053937|12|27|209
4052032420384564|10|27|146
5399816151453682|01|28|470
5455122806272952|03|27|154
5363433146058832|05|29|508
4162026267655455|09|26|844
4677853511375509|12|26|114
5491862024603266|04|28|857
4126118280484008|09|27|135
5363470089119544|07|30|059
4772890011886522|04|27|524
4283322100522240|02|28|695
4059986076727991|08|26|951
4909370601196018|07|26|611
4293821687302007|11|26|777
5363470006430495|09|27|013
4293209209639082|03|29|057
5196032146896002|11|26|751
4621469903848107|04|27|787
4848100080006030|05|28|847
5496272007646784|10|26|770
5404786540168395|06|27|504
5365101915419364|03|27|693
5239620012728769|05|27|129
4848100068337431|02|27|432
4844410115982855|01|27|677
5224404000918444|10|26|521
4397721655953606|01|27|484
5468486990373982|02|28|100
5521154008506028|08|27|500
5106310099033719|11|28|880
4907341000722128|11|26|324
5363470073579299|05|29|856
4283323000887535|07|26|098
4659352416774306|09|26|009
5199016581987845|04|28|800
4119110104386211|09|28|187
4632252033807574|10|26|278
4417704016350387|09|26|022
4693080403242825|09|27|767
4009936870254016|10|26|471
4512950200565298|04|27|523
4748442510082509|02|28|265
4748440580019088|08|27|259
4693080250234552|04|27|983
4848100069582258|05|27|756
5213061000660674|07|27|363
4693080252819996|09|27|074
3562700124767210|10|27|948
5189660287065646|01|27|266
4864183020570637|10|27|526
4391370028299358|11|26|805
5286672682045760|12|27|325
4693080495903821|01|27|933
4552051008166586|12|26|952
5363470053447293|02|29|802
4552051803984696|03|28|497
4391370029342595|05|27|733
5239620011489488|07|26|143
5488093808002039|11|27|597
5363470094224693|04|29|425
4293209204798552|12|27|633
4283322096977960|10|27|621
5395937614750698|12|30|000
4259450301595663|01|27|347
5423398906035635|10|26|755
5354567042328798|12|27|863
4565982031606708|04|27|134
4895040578109221|09|27|282
5264711004109379|06|26|090
5315910009445833|10|28|538
4677853511037505|09|26|101
5407169901227471|03|27|703
4028155503127302|05|29|452
5400697003071501|12|26|682
4678515000579185|05|27|225
4693080498138441|12|26|382
5404920102556040|06|26|348
4834422055002166|06|26|129
5126766002996290|04|27|483
5488093708089912|05|27|976
4050167000270197|12|26|717
5246150881141804|07|26|903
4895040539954194|10|27|306
5321962134442328|02|28|538
5210690497055411|06|27|829
5243010201001109|07|27|168
5198932510463297|11|26|911
4301380100523202|06|26|211
4283322098239179|12|27|080
5271739000657423|09|27|960
4678515004550893|06|28|793
4677853510964733|09|26|898
5210690487828975|02|27|351
5343996249760566|06|26|186
5354564008054310|11|27|296
4678515008103855|04|29|455
4303063400640854|01|27|071
4546320060841124|07|26|743
4061591000190419|01|27|391
5491862017145135|07|26|862
4909371602440579|05|27|187
4693080495772622|01|27|100
4162950152245363|10|27|112
4966230239953737|12|26|166
4895040555955562|02|27|021
4628450055263991|08|27|574
5295450011721669|01|30|172
5419190420225222|02|27|101
4405639752564250|09|28|473
4784489506506798|06|28|896
5196032141373494|06|26|981
5239100005254552|08|27|827
4748443070172649|08|29|044
5521154008512364|07|26|963
4417708201041800|06|27|018
4621469903337754|07|26|493
5395937614684459|12|30|000
5516192893983297|06|26|522
4165490110580384|04|27|371
5521153303142356|10|26|209
5196032158246526|08|27|049
4617729013193108|10|26|470
5468486990417052|06|28|477
4678515006090260|12|28|110
5224404001860017|11|27|537
4580881115756119|12|27|623
4546320060303125|07|26|343
5395937616428327|12|30|000
4481656993747822|05|27|771
4504812001574251|02|27|416
4748441861247992|12|27|787
4165987038041886|04|27|871
4848100082806130|09|28|523
5243010195969105|11|26|397
5394111170754806|11|27|710
5239100004226940|01|27|712
5363480012579193|08|30|737
5264711013824182|04|27|995
4016360111617009|12|26|194
4002712001244904|02|27|205
5498520512460879|11|27|267
4632252039905075|05|27|027
4693080250118045|02|27|471
5265580023977804|07|28|737
5221843131058898|06|26|677
4033752001075570|09|27|363
5273513055004502|06|27|813
4283322083782696|10|26|727
4213630018203363|10|27|011
4293209209747299|11|28|691
4391370029859531|08|27|764
4693080251637118|05|27|268
5286674437825629|12|27|420
5491862025471929|05|28|098
4391370028437032|12|26|684
4504819000195111|02|27|820
5125712055213101|05|27|821
4553570619987105|06|27|354
5414963406367902|09|27|633
5196032142827241|08|26|572
5326569000100743|09|26|800
4693080249624061|10|26|083
5509890031890931|05|27|493
4417704016869170|11|26|884
4524192005898014|11|26|846
5196032151520182|03|27|190
5183240000055103|10|27|410
4349220202047581|04|27|124
4553570428373117|07|26|489
5210690386956018|05|28|453
4002712001004845|08|26|105
4524192009034632|11|27|290
4693080245527508|06|26|782
5447580915897640|04|27|928
5496272067291653|03|27|649
5222301143520479|10|26|859
5271739000324636|11|26|808
5196032156597953|08|27|014
4678515010017028|07|29|523
4796121175885841|03|27|132
5210690489400211|03|27|233
4890168142247303|07|27|158
4556333003341836|08|26|951
4931200603689128|08|26|380
4283322096401730|09|27|108
4693080497124590|01|27|379
4460310038770317|02|27|204
5203539127640002|10|26|712
5196032144916372|09|26|024
4293132613843530|06|26|469
5246891080214179|09|28|199
4524198802608589|06|27|414
4524192006143014|06|27|775
4546320288442119|05|27|853
5521154008251559|11|27|033
5521154005580521|10|26|897
5363470068829931|04|30|095
4573289900014091|02|27|767
4546320294273136|06|27|827
4283322089891160|08|26|215
5351440542311693|03|27|861
4198349971782128|11|26|602
4166464315664987|12|26|984
4283322109646719|07|28|299
4283322109845865|07|28|624
4050160301734003|08|27|990
5213950001009503|06|27|526
4834422055180392|06|26|773
4539669014510436|11|27|610
5265580022246128|12|27|440
4165490105566778|04|27|765
4748441340263248|09|28|435
4283322094517214|04|27|675
4628450057081904|03|27|785
4218080506923848|10|26|960
4770282803484330|02|27|349
4570662800206806|01|27|052
5404920101521714|06|26|103
4909371202692215|03|27|886
4678515006602627|01|29|553
5520380055848283|04|28|301
4632252034635909|11|26|903
4365020207784702|08|27|089
5509890032348657|10|27|789
5210690439963656|04|27|907
4119110104364275|08|28|234
5577550102841448|11|26|530
4848100065419661|08|26|214
4382890001813629|06|26|737
4678515003898616|04|28|866
4632252038316258|10|26|553
4632252051335433|08|28|246
5195980031022111|01|27|144
5363470025757423|08|27|042
376317601197282|06|27|4086
4580207100171157|07|26|094
5498341643454024|06|26|186
4552051008165133|03|27|224
5203539131093420|10|26|152
5455122800876519|10|26|740
4283322099389882|01|28|324
4460310038796569|04|27|776
5196032148472984|01|27|538
5395937413511580|12|30|000
4283322100861283|02|28|278
4848100078018526|03|28|623
5548274040143215|02|27|172
4162960172618333|07|27|531
4773760705837835|07|26|990
4417708200145537|07|26|774
5125712094313102|07|27|460
4033752006465917|02|27|249
4417704012400160|12|26|389
5363470085668940|06|28|707
4848100075929964|01|28|356
5343996222424560|07|27|480
5286675432842519|12|27|641
4687862800576576|03|28|228
4748440980026477|06|27|505
4182301005480870|07|26|735
5188310026245635|08|26|448
5199014476667259|03|29|720
5424587005318202|03|27|495
5455122800818016|09|26|438
4693080499372072|01|27|125
5199014955730842|05|27|454
4450930005319129|09|27|658
5196032141318556|06|26|181
4182384024370132|08|27|120
5196032145538860|10|26|956
5491862026419141|05|28|771
5363480000904940|08|29|536
4518421239214740|06|26|105
4441114463535227|12|29|153
4215042339744521|08|26|271
4165984020786933|06|27|410
5186528484828418|11|27|247
4162026270351928|11|26|321
5264310231932933|07|26|873
5354568570442308|07|26|782
5239756840719586|07|26|713
5488093708142331|05|27|254
4848100067477543|12|26|879
4578890001433976|09|27|112
4391370027676614|08|26|141
4632252031739662|08|26|341
4748441200204498|05|28|382
4539669013546688|06|27|823
4895040507172944|10|27|914
5394111172931006|03|28|641
4013673101849868|08|26|854
5196032140849643|06|26|609
4092167784592360|10|27|470
5577550107721181|03|27|434
4035620397137007|12|28|007
5516192882300834|02|27|263
379186139161012|09|27|1016
4297554812240299|08|27|224
4600312464867378|12|26|412
4617729014676622|04|27|661
4074238181520031|08|27|643
4391370027154075|06|26|150
4059986097687281|10|28|393
4162026282726877|06|27|605
4895040565757644|06|27|371
5363470023815181|04|27|748
5457861480491390|04|27|587
5210690385263978|04|28|267
5253030016838443|08|26|317
4632252048932367|07|28|305
4283322112568793|08|28|047
4665180010654349|03|27|733
4628450051855576|02|27|249
4182384023937519|04|27|386
5455122806369782|05|27|096
5509890032818972|01|28|949
376317400475442|05|27|6482
4210060003008499|11|27|424
5464985046265385|12|26|294
4842810731439085|02|27|565
4632252041072237|11|27|819
5454200051601025|10|26|306
4283322102177332|03|28|101
4678515008416877|05|29|604
4902970001109185|10|26|448
4748443910047316|03|28|578
4162950119766410|06|27|015
4748440425512511|08|29|371
5407160010415503|10|27|935
4417704017717840|10|26|299
5491862025263284|04|28|637
5354569100784169|05|27|818
5528290000220508|01|27|305
4283322084162682|11|26|150
4160210712576472|01|27|887
4585813600465737|09|27|603
4693080249030251|11|26|471
4966230235311500|05|27|217
5399816151505473|06|28|322
5356663471777312|06|26|017
5371760230385881|05|27|176
5196032145260051|10|26|692
5243551022467227|10|27|700
5488093800421278|07|26|976
4162960127788777|04|28|426
4909371600059843|01|27|215
5270696379586834|11|26|671
5363436515334577|06|27|432
5264711034022352|07|26|157
5264711034109415|05|27|906
4848100076451224|01|28|071
5491862025293737|04|28|289
4283322083581858|10|26|447
4693080247638196|11|26|798
5363470093125438|08|30|770
5363470033188272|05|27|142
5242423011465433|04|27|424
4283322098400912|12|27|810
5446700096804253|08|26|580
4553570620624101|07|27|373
4165490200177422|11|27|025
4617729012875663|08|26|588
4628450050467415|02|27|098
4149313001546747|10|27|302
4658656849520016|06|26|768
4182384023599889|12|26|151
5404920102660289|09|27|865
4059986089916854|10|27|597
5433115003724947|07|27|420
4283322081862466|08|26|834
5400419010081666|06|27|477
4909371400415559|01|27|643
4580936014507540|05|28|154
4417704018137477|06|27|650
4304450802924201|12|26|309
4165490107624963|04|27|918
4543612182858728|07|27|288
5516192876953093|03|27|723
4661601042996006|09|27|575
5286673602757088|12|27|348
4283322100894490|02|28|335
5521153304244946|12|26|649
5196032152783656|06|27|393
4283322089825317|08|26|145
4509351002651060|10|26|871
4504819001999123|09|27|376
4799689030637414|07|26|322
4215848725841675|12|26|470
4187306417570593|05|27|951
4890120142380857|02|27|581
4665183396882328|08|27|916
4162950123299879|04|27|699
4504819001635628|08|27|686
5402563006461271|09|26|666
4265882013769586|05|27|431
5210690388352422|05|28|895
5414963709348146|05|27|564
5455122806589991|08|27|357
4283322096548696|09|27|729
5229859778320112|11|27|214
5210690355468466|12|27|812
5273516775960531|02|27|641
4391370028563829|12|26|330
4126118541989001|08|27|011
376317400084095|06|26|5635
4162950139188728|09|27|445
4895040569606334|07|27|544
4895040557438096|03|27|068
4678515000921288|08|26|454
4628450059210667|02|27|618
4147465001122002|02|27|641
4848100067616520|12|26|604
4628450049462717|10|26|239
4632252034833124|12|26|359
5196032140267929|06|26|110
5363470071310523|09|28|064
5286675823505956|12|27|869
4375070109826752|03|29|982
5363432827696498|08|27|376
4059986092936857|03|28|676
5464970384051746|07|26|883
5196032144151939|09|26|265
5491862022553224|12|26|748
5273515238793869|03|27|047
4283322081638627|08|26|906
5388114514366541|09|26|580
4693080248851053|06|26|306
4283322097323164|11|27|116
4417704017443504|03|27|105
4391370030360339|09|27|506
5203539130670228|10|26|508
5327501125317810|09|27|780
5362680102983707|10|28|411
5402565001151906|10|27|822
4632252040646759|10|27|927
4119049100364931|10|26|628
5221845056564917|03|27|375
4899939985442842|08|27|833
4059986096793536|09|28|258
5210690278515518|04|27|911
5363431430558731|03|27|881
4748441170440346|11|27|406
4283322102580808|04|28|941
4799689038839558|01|27|200
4505030112613517|05|27|434
4546320261419126|12|26|333
4283322098175654|12|27|232
5210690344798908|10|27|003
4165490139872739|08|27|646
4013673102463206|08|26|967
5229859198620117|08|26|748
5577550100989686|09|26|112
4632252033978748|10|26|814
4585813600346648|04|27|591
4848100079128571|04|28|140
4417708200543988|10|26|875
4162950126602970|08|27|854
5270691490352208|05|27|731
5199018185236868|01|29|729
5354569104293357|07|27|701
4283322089804809|08|26|078
4016134700221840|12|26|149
4693080248419380|11|26|354
4391370013650755|10|26|340
4028939117936806|11|27|775
5188285234220705|03|27|625
4059986095674687|08|28|396
5318260009425816|05|27|060
4259585002516557|10|26|235
4162960132667453|07|27|216
5289434282720038|10|27|240
379863448761001|08|27|1409
4215848725233147|09|26|331
4645160100256655|08|26|801
5193112060154035|06|26|177
5196032140699196|06|26|926
5210690288281556|05|27|415
5509890033370643|03|28|007
4283322090900307|10|27|749
5265580023906894|07|28|111
5363470063156116|03|29|689
4092167699882898|07|27|228
5196032152046856|05|27|774
4283322092763927|12|26|268
4162026284944346|07|27|963
4325650270524632|10|26|287
4162026275419373|02|27|544
5239100004292447|02|27|442
5264310201395368|08|26|963
4391370030693218|10|27|762
4283322090892736|10|27|705
4813880028794109|09|26|311
5243021245549003|06|26|934
4760734038243016|06|26|846
5196032144928500|09|26|249
4283322082048305|09|26|058
4165984926352905|04|27|562
5203539140023954|12|26|519
5286670944429780|12|27|087
4417704018842548|06|26|357
5270693651539755|12|26|022
4391370029425879|05|27|158
5239100300155363|09|27|626
4101202008332928|02|27|021
4378410002028147|07|27|212
4890230016594069|07|27|893
4265884038977699|10|26|911
5264711020088615|09|27|434
4848100070136375|05|27|444
4799689034096039|10|26|108
5516192877248725|03|27|907
5460150032267655|03|27|629
5306380010431670|09|26|422
4632252047727123|06|28|560
4628450037526705|06|27|240
5363470058427274|02|28|660
5239620004626757|06|27|610
5239100003695871|08|26|450
4799689030702929|07|26|413
4899939990114386|03|27|276
4632252042660485|01|28|144
4784488009532855|09|26|142
4162950166253767|05|28|787
4934719903283818|12|26|295
4165987039863114|04|27|246
4748444380039114|11|27|529
377361302631008|02|27|9455
4580561227182921|06|28|306
4162960161868808|09|27|269
5196032146918079|11|26|652
4632252046911165|06|28|214
4987134508834468|02|28|854
5463180001191658|03|27|379
5210690526009934|03|27|445
4693080253437582|09|27|881
4265884038397211|11|26|300
4283322099340562|01|28|968
4632252044678923|04|28|187
5464971222803272|10|27|070
5491862018706844|10|26|873
4628450060912079|10|27|917
4059986074645534|07|26|255
4059986093952440|04|28|857
5210690508608745|10|27|124
4363240021330548|06|26|414
5363470060118358|10|29|821
5318260031199686|01|27|726
5210690285641455|04|27|607
5520380056793942|05|29|333
4293205205689923|04|28|576
4283322090556117|10|26|888
4162950112642873|09|27|046
5224407001007638|03|27|168
4283322094246871|03|27|963
5210690325955873|08|27|998
4848100077379424|02|28|333
4283322112301401|08|28|770
4141700007278929|03|27|627
4293205204338175|07|29|373
4895040507826317|10|27|386
4283322095099626|05|27|388
4546320120510115|09|26|326
4890168054507611|07|26|983
5363430194629100|12|26|939
5400126201138201|12|27|772
4303063000881593|10|26|314
5239100004553764|04|27|266
5196032147568170|12|26|438
5222301148774337|03|27|338
4391370028714547|01|27|312
4221550012267976|09|26|684
4748440270127506|01|28|814
5521154008600458|01|27|706
4628450055338124|07|27|499
4602050010613007|01|27|873
5260397444046001|07|27|336
5520380055497636|11|27|947
5203539126967240|10|26|857
4693080251185217|07|27|673
4059986082757446|01|27|383
4215042309604002|08|26|457
5394111171413196|07|27|231
5400697010821864|01|27|796
4890120112080016|11|27|820
4677851518403498|03|27|958
5407160009944620|11|26|314
416202627850092|12|26|881
5577559604893377|07|27|232
5210690489894314|03|27|786
5236508453772821|04|28|651
4658877540388301|08|27|381
5363470011318065|08|27|504
4693080250610272|04|27|075
5488093707974908|04|27|295
4678515005205836|09|28|032
4585818000094045|03|27|855
5464970322687593|10|26|206
5196032151474687|03|27|349
4506940021415060|01|30|737
4283322095626881|06|27|644
5265580024283178|09|28|941
5239100004143871|12|26|519
5395937717725480|12|30|000
4799689038783475|01|27|924
5363470058837639|07|29|160
4579730826356086|03|27|113
4162026405615262|06|26|238
4391370028113088|11|26|515
5129722013590355|05|27|755
5299420009005702|08|27|793
4283322089419152|07|26|056
4693080401817354|09|27|180
5265580023073422|04|28|719
4799689033790178|10|26|963
5222300200147945|01|27|498
4386759009851285|07|27|066
4748445145043770|07|29|461
5363470044597065|10|27|301
5196032161387846|11|27|129
5433115004173466|01|27|682
5120899004663026|09|27|493
4784489505745314|09|27|099
5432152070269507|05|27|946
4417704006095364|06|26|152
5224406000591154|06|26|301
5195980292990865|06|26|166
4748440190500279|05|29|584
5195030000444142|03|27|776
4799689031172858|07|26|967
5521154005661917|07|26|495
4514570050782971|10|26|143
5354567300905584|07|27|873
4678515003425998|03|28|332
5157217011182904|12|29|365
4504819002043186|09|27|410
5196032141847562|06|26|050
4504819001286356|08|27|769
5213061000528905|12|26|819
4504811001565426|02|27|186
5222220002933104|08|26|585
5410600003835428|01|27|608
4218080516632553|01|27|620
4162950192523571|10|28|838
5363470052756546|01|30|023
4283322100009438|01|28|853
4283322106423385|05|28|707
5166406298030576|12|27|121
4304450900056484|06|26|053
5196032148546910|01|27|922
4162960154704606|08|27|468
4748441160104506|01|28|210
4649950001243000|07|26|521
4632252038947623|01|27|868
4104250008759472|04|28|430
4165984013811334|02|27|923
5363470073829652|01|30|488
4935310215746103|06|27|646
4601997350779106|01|27|578
4799689030730037|07|26|308
4693080252584269|05|27|149
4364200770779328|06|27|866
5239620004442213|03|27|555
4165989617883183|05|27|094
4105050013068060|07|26|814
5264711009442965|06|27|829
4628450005445375|08|27|009
4723120182568901|04|27|831
5264711029048867|04|27|835
5598882067225050|10|27|157
5256682106920296|01|28|651
4162950142669235|09|28|308
4162026284535722|07|27|651
4617729017520363|09|27|370
5363470076913412|03|28|856
4183580524457100|08|26|238
5423802302923716|12|27|559
5271731000615501|06|27|533
4848100075632543|12|27|443
5129722012374827|07|27|836
5521152701142885|06|27|351
5162400071307818|07|27|337
4316573041147767|07|26|054
4893963574553351|06|27|540
522440401358699|07|27|094
5520408400182932|10|26|925
4117080020137471|07|26|154
5239450130136541|12|26|279
4784489505657840|03|27|691
4691510011351008|08|26|092
5521159004788389|11|26|294
4162026269497807|10|26|872
5229859268539155|02|27|357
5239351002170131|06|27|660
4378410001369765|07|26|801
5585269457230848|07|26|709
4632252032962255|08|26|234
4359720205659107|11|27|490
4632252032500527|08|26|239
4119110093516059|11|26|585
5464985083075929|08|26|037
5187913510074584|10|26|656
4417708200045679|06|26|480
4678515006679690|02|29|935
5488093708013227|04|27|701
4617729015167969|06|27|702
5264711022900189|07|26|865
5545506845031001|04|27|277
5496272016094398|10|26|791
4848100081473635|08|28|564
4848100078883390|04|28|827
5387208263115223|02|28|627
5363470062021147|12|29|620
5363470059340187|03|30|245
4546321015355111|09|26|661
4570663903992011|03|27|847
5491862023947979|03|28|699
5241695501273960|03|27|444
4748443490123743|09|29|464
4391370027354501|07|26|852
4677853511196301|11|26|268
4591560106184690|09|26|559
5488093707511148|06|26|720
5424587004039171|05|27|823
5318260016338986|05|27|815
3563420004946516|05|27|098
5509890030309214|06|26|297
4165987049460471|08|27|415
4450930003162695|04|27|012
4570663757929010|05|27|573
5379920184582105|06|26|443
5522283004499042|07|26|472
5455122801123036|07|27|488
4799689038994726|01|27|643
5256682106218444|11|26|223
4611990427667642|09|26|102
4848100070640749|07|27|036
4931202105780926|11|27|746
5509890034339209|06|28|132
5520380054935545|02|27|609
4119110003758221|09|27|000
5424587005857977|07|27|462
4842810830369415|12|26|122
5363470075147863|02|29|441
4693080247349810|12|26|660
4748443490136497|11|27|284
5181231481175124|12|27|472
5210690278254233|04|27|942
4678515011435799|10|29|124
5363450625716052|12|27|990
5208130002128720|08|27|819
4135268023048104|10|27|930
5193112060287819|05|27|176
4090610204347123|06|27|831
5265580025223926|01|29|937
5320920029382307|11|26|691
5265580024054751|08|28|693
379873471811003|08|27|1329
4902820042200800|10|28|606
5268870001348285|06|27|736
4848100076859616|02|28|891
5522283004901237|08|27|400
5196032139737114|06|26|556
4374560001397457|05|27|877
4283322089409799|07|26|002
5509890031510653|04|27|103
4283323001007901|10|26|003
4183590502755102|03|27|451
4417704017885548|05|27|941
4766190389634010|08|30|624
5241440414469805|09|27|516
4693080250926942|05|27|720
4391370030043778|08|27|094
4678515001799279|11|27|319
4304450803237058|07|27|874
4391370030359257|09|27|297
4391370017428554|06|26|973
4283322093588190|02|27|621
4848100071989699|09|27|618
4678515007426729|03|29|386
5363431696974614|03|28|175
4693080252883331|07|27|902
4966230339526300|04|27|060
5577550101557540|09|26|344
4848100074759677|12|27|278
4799320591012868|02|28|783
4293822012696006|06|26|426
4076612000970833|08|27|457
5327501009323736|10|26|362
5162400058567269|09|27|921
5491862017340249|07|26|771
4119110094473755|08|29|207
4035622892485006|05|29|794
4048346707218973|02|27|546
4126118739803006|10|27|500
4367480060851345|06|27|368
4303063006190783|06|28|388
5530021937040271|04|28|340
5110988980038626|12|28|450
4678515009546193|07|29|657
5196032143626477|09|26|767
5363470064479426|05|29|675
5457861480450339|11|26|025
4283322083711141|10|26|913
5196032148655406|01|27|110
4165981558575613|06|27|359
4539669014097699|09|27|148
5286674653182374|12|27|107
4628450055504972|05|27|475
5299305246421020|10|27|268
5286676955267936|12|27|713
5488093801710141|12|27|445
5203539140799371|10|26|624
5363470081556925|12|28|482
4417708200817689|02|27|251
5271731000017484|07|26|182
4391370006770776|09|27|728
5401918010605712|11|26|663
4628450051582923|02|27|003
4799689032062967|08|26|384
4693080253863415|05|27|414
5488093708779439|10|27|034
4524192008846770|11|27|346
4632252042822671|01|28|583
4794460001178027|08|26|984
4283322118119666|10|28|373
5210690568020682|07|27|272
4504819001755491|08|27|785
4799691000921166|07|26|429
5256682101869373|05|27|817
5243551022346512|01|27|577
4162026405902926|07|26|781
4162596868642797|11|27|384
4693080499153985|12|26|519
4162960316454603|06|27|624
5196032140936143|06|26|821
4632252042720065|01|28|272
4848100066160637|09|26|900
4799689040097575|03|27|032
5162400009407904|04|27|295
5491862020975080|12|26|015
4283322083263283|10|26|851
4687862803248918|02|27|612
4183580588069106|05|27|066
5196032148952456|01|27|637
5363470083524194|10|29|422
4751420380878200|06|26|396
4182301081282331|12|26|182
4550530118000811|07|29|417
4038399997905405|07|27|533
5256682106817203|12|27|543
5265580022180715|12|27|937
4283323002253215|02|27|055
4283323002191308|02|27|879
4678515004543807|06|28|281
4726473027951288|07|26|325
4839318998383793|10|27|182
4504815001329360|08|26|800
4693080252402991|06|27|512
5241250910060762|08|26|550
4377660101970810|11|27|698
5199019654946813|12|27|232
4162029200899461|07|27|304
4162026265932765|08|26|541
4552051802798451|11|26|632
4628450057151731|04|27|226
4155759654954557|06|29|099
5521071703793612|09|27|466
5199019186206322|03|27|059
5210690249551386|12|26|991
5326103311945545|12|26|666
5213061000246706|08|26|361
5196032146091331|10|26|957
5210690555590309|02|27|194
4391230890262159|11|27|964
4848100076450994|01|28|937
5381491213903577|06|27|803
4848100065642957|08|26|859
4199270015551650|04|27|018
4283322091920536|10|26|827
5498540000734205|04|27|234
5407160005537626|07|26|631
4678515007668528|04|29|577
5130940000177997|06|27|684
4784489505689108|07|27|012
4340762000945085|11|27|816
5210690227389551|08|26|034
3563420004819309|10|26|406
4799689030684861|07|26|002
4059986099235626|12|28|224
4304450802877102|11|26|508
5210690386218153|05|28|008
4895040567590258|06|27|426
4864183020553955|10|27|481
4162950105390266|06|26|756
5270695970106562|07|27|407
4460310038789432|04|27|352
5363470094609521|04|30|427
4162960131899560|04|27|453
4596610018634137|09|27|877
4220720100754000|04|27|646
4162950130935895|03|28|144
5404920102592326|04|27|680
5521154008312443|06|27|694
5239100004127353|12|26|944
4693080404993764|09|27|642
5491862017391028|07|26|501
5172528157792574|06|26|475
4504819000798898|05|27|840
4283322116745231|09|28|556
4678515005045042|09|28|794
4632252039914960|05|27|287
4283322105136475|04|28|325
4632252050659353|08|28|570
5271739000627517|08|27|967
4293205204349461|12|27|606
5366240015230054|07|26|474
4293209200580962|05|28|849
5402565001000376|03|27|582
5196032140294907|06|26|454
5196032141870283|07|26|769
4303063005945336|06|27|763
4093448850450124|08|26|155
4585560035369493|06|27|557
5196032143005383|08|26|342
5331470009408901|10|27|434
5203539129338985|10|26|528
4661601032361765|10|26|729
5598882072977828|08|27|683
4596940014252182|12|27|666
5432930000627005|03|27|271
5184940103286237|09|26|693
4848100065183283|07|26|109
379186139031611|09|26|9522
4553570394405109|08|26|896
4835748801114569|05|27|292
4283322097322745|11|27|567
4895040566142754|06|27|932
4162950189721410|08|27|493
4693080497485181|01|27|369
4770282706353301|07|26|108
4748441861339641|01|30|136
5273660000400853|09|27|239
4512490000658233|11|27|131
5363470004164625|04|27|233
4258939097646988|09|27|783
5509890036052693|07|28|728
4162960195642484|06|27|320
5203539130222509|10|26|460
5545506936514006|10|27|142
5402565000976865|05|27|396
4552051008302330|02|27|106
4391370028086268|10|26|096
5491862025064245|04|28|512
5400690425610212|09|26|343
5361421006860357|10|27|658
4283322104907397|04|28|140
5114770597176791|08|26|458
5363470072580157|07|30|560
4934719904000195|10|27|709
5196032151833700|05|27|633
4628450008874589|08|26|135
4460310038783468|03|27|100
5286676540270742|12|27|061
5162400002411614|07|27|547
4902817102029376|04|29|494
4895040489042107|02|27|103
4748445111703118|01|31|013
4304450700074364|11|26|920
5203650606301493|02|27|931
4799689032550375|09|26|889
5360281070528582|07|26|417
4335876447079485|08|26|802
5588601802846315|12|26|745
4417708201034300|06|27|255
5363470024812047|03|27|340
5363470052312969|12|28|368
5196032143217111|08|26|387
4848100070239542|05|27|076
4632252048125624|07|28|421
4693080254721497|09|27|820
5239351001117224|12|27|615
4693080253461400|09|27|564
5402563006314496|12|26|109
5199013399292526|05|27|894
4147524860089353|10|26|219
5438940067125201|02|29|550
4766711002496675|01|27|031
4284300115640446|11|27|650
4034090003006072|05|27|059
5222301139520004|07|26|049
5129722024046108|08|26|344
5196032141736369|06|26|747
5491862019138401|11|26|482
4283322101921920|03|28|405
4059986092973140|03|28|635
5196032140242674|06|26|070
5595480000173298|11|26|870
5267270047710955|09|27|123
4315811462866015|06|29|083
5264711011237973|08|26|696
4895040518702515|02|27|341
5400126201065396|04|27|004
4632252042926381|01|28|332
4552051008573989|12|27|292
4013673101977933|08|26|265
4628450046113180|08|26|502
4632252048962885|07|28|796
4050163002616537|03|27|950
5210690398981798|07|28|952
5363470058782264|06|29|415
377361673731007|08|27|8044
4182384023066244|06|26|654
4628880202206867|01|27|473
4283322095945315|07|27|444
5363470096682609|02|28|415
5496272028499403|04|27|302
5210690387177713|05|28|210
4283322109600773|07|28|937
5404920101523686|02|27|898
4632252040972957|11|27|268
4693080252807330|09|27|256
4678940120020102|05|27|498
5363470064076859|01|28|206
4848100077236855|02|28|106
5379920203456109|01|27|331
4632252039133876|02|27|882
4283322098904467|12|27|932
4119110053070402|06|29|322
4524190605781580|06|27|835
5395937413432548|12|30|000
4293209206299666|07|29|206
4895040538207792|08|27|118
4417704017643483|04|27|919
4119110093367362|08|26|080
4539660002568254|12|26|588
5196032142546809|07|26|206
4283322090932169|10|27|600
4895040549419725|01|27|779
4658858800245571|08|27|016
5433115004446425|05|27|417
4059986087863470|07|27|865
4848100069192298|05|27|643
5577550118539077|08|27|458
5242240210816012|12|26|682
5286675160413848|12|27|218
4165982102562388|11|27|723
5354561230755573|04|27|839
4119110093372974|08|26|783
4160210841435145|06|27|645
5363470095706540|06|29|716
4518421254420883|06|27|873
4628450055197827|04|27|268
4304450800936876|09|27|786
5256691001884705|04|28|393
4025060068219309|09|26|331
4773760706580574|10|27|406
5363480034997670|06|26|906
4678515004336699|05|28|314
4165981562033526|08|27|536
377557910016587|11|26|2231
5523527021853154|07|27|308
4628450008760945|12|26|723
4283322091577740|10|27|523
5264711021284742|03|27|370
4292530131793593|06|27|771
5595890042580104|04|27|731
5491862017035922|07|26|187
5315910007011470|06|27|437
4215708129440161|02|28|830
4162026405743338|07|26|862
5395937717784388|12|30|000
4283322102541420|04|28|066
5196032155543131|07|27|316
4546384837728493|10|26|250
4261055002683571|03|27|056
5370451105089367|09|29|869
5273512648154857|01|27|506
4504815001455876|08|26|264
4628880291373065|06|27|476
4794460000259877|12|26|542
4848100072149079|10|27|011
4162026268085991|09|26|663
4293209205076982|11|28|315
4848100084642350|10|28|933
5199019171383649|10|28|862
4182384024416570|09|27|240
5189901000207853|11|26|000
5196032141484044|06|26|214
5363432353402824|09|28|918
4848100078710353|03|28|637
4799689041367050|06|27|258
5256682106992923|12|27|363
4404536247087478|03|27|953
5464985915893689|12|26|322
4617729016755523|09|27|222
5188310030365890|07|27|569
4895040535094581|06|27|912
5491862022070187|10|26|394
5363470044071244|04|27|065
5509890036883527|09|28|039
4508963290038866|08|26|843
5577550116041209|08|27|009
4628450061556040|10|27|398
4799689033520476|10|26|376
5196032141879714|07|26|160
5597434504211656|04|27|040
4002712001637651|09|27|676
5101860000682249|07|27|160
4773760111055956|08|27|830
5196032061262305|09|27|195
4748441400179953|12|29|800
4751440875960800|09|27|125
5491862018088862|07|26|066
4632252038375791|11|26|696
4165987029309623|02|27|950
4346755485796100|10|27|763
5439318000005328|08|28|631
4165980906656968|07|27|104
5162400093357619|09|27|703
5455122904736031|12|26|936
4162950339734917|10|28|040
4864183020570074|10|27|485
4501720905859004|11|28|783
5196032146216219|11|26|806
5488093708078626|05|27|706
5455122908111272|05|27|238
5318260028004584|07|26|906
5404920102661931|09|27|214
4033754030082601|11|26|701
5400419009545697|02|27|733
4693080250865843|09|27|944
4059986092759705|03|28|172
5125711975208100|06|26|130
5488093802222120|02|28|364
5196032151480585|03|27|947
5520422100715172|07|26|380
5509890032247222|08|27|232
4602870049001373|10|27|613
4364380002419792|05|27|693
4030099384731350|09|29|229
5549710404109747|06|26|284
4693080249492220|12|26|770
5196032150538375|02|27|658
5229859757405116|09|26|194
5306380013125311|06|27|105
4895040564898415|05|27|963
4283322083208536|10|26|138
5521154002350399|08|26|681
5222301143889452|10|26|528
5395937514958888|12|30|000
4417707302887095|07|27|074
4162950116987753|09|27|991
4938970109300023|06|27|480
4628450056872519|09|27|020
5588430006078909|05|28|941
4166445103552542|10|27|113
4283322105588360|05|28|474
4693080252407040|06|27|194
4799689032248962|08|26|461
5496272082528717|12|26|370
377965530193258|08|27|8522
4693080252341074|05|27|627
5270693034263313|11|26|501
4181171500200284|04|27|504
5481160108486233|10|26|126
5415550322343395|11|29|298
5129722013624022|06|27|470
4632252047302083|06|28|067
5273511896254898|08|26|784
4311701763149001|11|26|395
4632252051674302|08|28|231
4848100077332399|02|28|057
4677853512184538|08|27|365
5363480012519769|05|28|545
4848100066641784|10|26|258
4678515008467284|05|29|369
4213630017855387|02|27|261
4705380325965057|06|26|691
4632252049392603|07|28|501
5402565000770318|01|27|198
4283322101430666|03|28|066
4386680097301100|11|26|048
4678515004373650|06|28|070
4678513170121284|06|27|155
5210690565317669|05|27|196
4628450057409311|08|27|364
4678515003124211|02|28|373
4450930002749880|09|26|163
4121510011895111|02|27|298
5210690425041558|12|27|611
5315910011010096|04|29|512
4119110093329966|07|26|273
4287433000110246|01|27|977
4304450802639718|06|26|473
4687991296000112|04|28|250
5496272067511316|07|27|220
5395937514970842|12|30|000
4632252044763436|04|28|525
5412889008023910|06|26|330
4162026405458929|06|26|437
5520380055450205|10|27|181
5167942700229033|09|26|372
4386759009185189|04|27|568
4628450059040189|07|27|556
4391370030810333|11|27|310
4693080495087419|01|27|822
4786704005575203|12|26|587
4678515001669092|10|27|399
5370850000330760|03|27|801
4283322110828785|08|28|868
5577550105624940|01|27|387
5195980721127550|04|27|503
4661601022314162|08|28|262
5363470081805447|01|29|319
5264711030175899|03|27|801
5363433135846742|05|29|265
5488093802086780|06|27|508
5129722020547521|07|27|680
4162982225790547|06|26|711
5167944060083794|02|27|325
4213630017371757|10|26|410
4580980103991405|04|28|208
5224407001173521|08|27|951
4617729017217762|09|27|914
4848100074102308|11|27|775
5256682106926111|12|27|554
4799689038913197|01|27|748
4570704256685016|11|26|267
4417704016867034|11|26|165
4628450051562859|11|26|532
4391370027631387|08|26|387
4770282803013931|08|26|212
5363470069828445|02|29|886
4895040478826429|12|27|859
5183230102242436|09|26|978
4677851517353066|11|26|680
3562850275757013|11|26|373
5120899003286597|06|27|702
5598885079788171|07|27|129
4220757502144034|04|27|627
4546320742702116|10|27|188
5407160010114791|01|27|842
5407160010212801|05|27|438
4265869214008849|07|26|493
4375510235462030|08|28|246
5363470057363587|03|28|297
5196032143612352|09|26|241
4283322094385984|04|27|928
4706860000337036|10|26|570
5488093708477091|07|27|385
4632252034294244|11|26|517
4658596579956024|06|26|140
5455122801219792|09|27|915
5521159003059634|09|26|503
5497821704096666|12|26|990
4141700007694893|11|27|746
5491862026680114|06|28|357
4748440250400519|06|30|621
4799689030610171|07|26|216
5210690286087195|04|27|773
5318260033830510|06|27|598
4632252044592892|04|28|558
5460150032197563|12|26|157
5271731000314675|01|27|173
4842810350051872|11|26|451
4119110094111991|10|28|476
5345070158546867|12|26|534
4147918325981024|03|27|664
5464971055366660|11|27|154
5289460019449831|09|26|582
4165987030240239|03|27|434
4283322090339811|09|26|784
4283322102362561|03|28|852
5264711024383061|03|27|117
5105540000322410|04|27|274
4067160000638845|03|27|404
4693080253840801|06|27|074
5419890449056009|12|26|995
4546320231806121|03|27|234
4182382027654643|03|27|380
5196032151881774|05|27|367
4182384024332967|08|27|426
4165980036867576|04|27|124
4794460003730437|06|27|668
4199270014649562|01|27|645
4283322102810734|04|28|033
5196032153431289|06|27|005
4105050004584893|09|27|335
5203539124272585|10|26|775
4162960176948322|08|28|840
4799689032829936|09|26|871
5491862022077216|10|26|274
5395937412118114|12|30|000
4748440930069098|03|28|684
4693080250903883|03|27|939
4182384024156879|06|27|866
4628450038160876|02|27|464
4748443120177192|06|30|466
5210690239736609|11|26|075
5210690495278155|03|27|558
4034185301130002|10|26|501
4524198802560277|04|27|691
4363240021720193|04|27|226
4147524053743097|05|27|101
4748446670002694|06|29|802
4460320038021660|10|27|521
4514584031101979|04|27|160
4093448000439134|07|27|337
5265580018389957|08|26|540
5196032139906347|06|26|955
4162026275158781|02|27|467
4417706505721937|08|26|031
4943517654821441|10|26|141
5196032150855043|03|27|573
4165490182310835|11|27|840
5256671020069892|11|27|310
5455126215039431|06|27|963
4693080250195761|09|27|404
5509890032042425|06|27|491
4509351002655079|11|26|933
4283322090827716|10|27|442
4460310037604624|11|27|868
5363437648134215|06|29|152
4199560200318703|01|27|812
5491862019612769|06|26|687
4002150362776307|04|27|471
4283322094674254|04|27|000
4059986096774270|09|28|802
5488093707932476|04|27|605
5395937411960318|12|30|000
4283322107480756|06|28|672
4924775800015101|06|26|336
4748440030449950|01|28|125
5264711035301920|04|27|497
4640053099376789|08|26|751
5295450400734208|08|30|871
4546321007825113|06|26|101
4705380334306145|12|28|319
5363470077436249|05|29|759
4693080249966140|12|26|510
4693080498133236|11|26|793
4283322082675875|10|26|372
4848100064803949|06|26|176
5210690436004884|02|27|123
5363470026518113|09|27|247
4117080020043547|07|26|843
5239100004109872|12|26|321
5401840119828443|09|26|804
4628450056961759|12|26|268
4902820007104997|01|28|376
5498460098034683|08|26|416
5196032150212666|02|27|351
5239100003589983|07|26|052
5120899004325212|04|27|617
4162026274521179|02|27|665
4570662800109059|08|26|253
5358880000076952|02|27|868
5496272086922056|06|27|854
4218080317182188|05|27|533
4659221134626025|08|27|658
4297554812248110|02|27|163
5355220985928088|09|27|171
4835748800597335|11|26|833
4766711002647558|08|27|188
4391370027759881|09|26|623
4283322097273104|11|27|559
5444880094133129|10|26|663
4119110104433914|11|28|933
5509890033178459|03|28|901
5318260012818619|01|27|429
5363458886247170|12|27|211
4601860038353498|09|27|933
5363470063743517|10|29|236
5148826036772721|05|27|612
4301380103723734|03|27|061
4693080249774833|09|26|021
4786704005378111|07|26|664
4218080317531384|08|27|255
4677853511542223|01|27|475
4632252040979705|11|27|697
5520020241468709|06|27|231
5354567009972943|08|27|293
4391370023223478|06|26|373
5363260018403063|04|27|771
4665842010910191|08|26|595
4119110093938774|01|28|536
5210690367201178|02|28|043
4165490112064536|05|27|933
5361488001345122|08|26|657
5194690006821667|12|26|475
4632252049334449|07|28|565
4632252041534426|12|27|682
4391370028559736|12|26|127
4391370030402784|09|27|218
4799689031967786|08|26|006
4848100076337399|01|28|763
3562887343361006|09|26|411
4848100081365062|08|28|931
5381670005360480|03|27|327
4628450053439478|07|27|245
5264711025880172|02|27|273
5363470052215733|11|29|737
5210690217345761|06|26|919
4546320130721165|10|26|153
4292530187096792|02|28|379
4283322103346647|04|28|810
4628450052278349|10|27|822
4059986099208318|12|28|127
4162960134324061|02|28|856
5342920008512670|07|27|622
5363470057933355|01|29|067
4265884035990976|04|27|763
5400420031638591|06|27|819
4303063004867895|04|27|662
5400419004272313|06|26|076
5239100004054805|11|26|542
4059986093370460|04|28|331
4784488009861049|12|26|798
5196032148379767|12|26|469
5224407001299912|11|27|621
5520422100326491|11|26|212
5210690325641614|08|27|880
4417703600424194|01|27|278
4111460901047328|07|27|217
5354569114808244|12|27|837
5365101875176327|02|27|149
4678512520080208|05|27|873
4283322097473332|11|27|269
4799689037750707|12|26|110
4678515006024871|11|28|399
5460150032349982|06|27|456
4293205208252463|12|28|107
5363470026051040|07|26|651
376700207661001|09|27|5130
4628450054571428|08|27|586
4570665014837217|08|26|779
4162960172108434|10|27|342
4579410002158206|06|26|075
4059986091286510|12|27|663
5521153305330322|04|27|467
5224404001106163|11|26|489
5237363722642267|07|26|539
5363470015589232|06|27|848
5491862020566962|09|26|577
4632252044933427|04|28|521
4693080404771194|12|27|301
4678515007756596|04|29|833
4397720806436446|08|26|376
4838340568012975|08|28|282
4890168082985102|11|26|017
5129722024017836|07|26|358
5343996221665478|09|26|102
5463180001195790|04|27|189
4219202080860274|01|27|018
5239100400016879|06|27|567
4391370019189857|09|26|860
4632252041658340|12|27|769
5196032145774507|10|26|187
4766711002508198|02|27|685
4059986099736243|02|29|068
5440441986263237|10|26|322
5265580021106125|10|27|525
4748440370372465|06|29|126
5363470064767606|06|30|434
4162026280557738|05|27|075
5354563109659795|11|27|614
4799689034416732|10|26|276
5273514692392425|12|26|971
4693080252458530|03|27|015
4693080249255114|06|26|910
4909370601402788|07|26|839
5210690525153667|03|27|929
5196032156411536|08|27|280
5432152070254897|02|27|760
4417708601390682|10|26|927
5199012039152165|02|27|649
5588601801543517|12|26|303
5194690006786415|11|26|128
4799689033005577|09|26|245
5196032146650011|11|26|659
4221820001758669|07|27|923
4732560010352268|01|27|859
5395937411963312|12|30|000
4283322104652209|04|28|976
5271739000465843|04|27|171
4061595500320251|12|31|463
5363431816109661|07|27|246
4199560200324651|01|27|565
4216040012851257|06|27|164
4417708200246335|08|26|375
5188310030434126|06|27|073
4632252034045794|10|26|874
5240406602424283|07|27|096
4678700002380135|07|26|583
5210690266014474|03|27|665
4799689037394761|12|26|445
4187490750737199|02|27|229
4162960166166315|06|27|982
4183590502818108|03|27|347
4748440287392010|12|27|310
5577550110065030|05|27|462
4842810731468902|03|27|769
4283322108389170|07|28|288
5195980388721679|04|27|854
5354567612840776|11|27|875
5316810931385389|02|30|696
5239100004992871|07|27|124
4966230339484146|11|26|827
4283322097393019|11|27|989
5189901000113804|01|27|844
5239100700577117|10|27|510
4556210441786071|06|27|843
5196032139789941|06|26|073
4687862806021759|10|29|285
4066699936081902|07|28|077
5137920048995470|07|27|414
4640053099785419|11|26|196
4188984900760696|08|26|841
5286674391114283|12|27|370
4726980243829700|11|26|604
4386759011239768|10|27|801
5196032146292822|11|26|307
5363470071238468|07|29|125
5395937614724313|12|30|000
5193112050328680|04|27|351
4693080401996059|01|27|126
4599144104385781|12|26|468
4215042339749652|08|26|575
5270691871226757|05|27|655
4417704017561073|03|27|842
5363470036279490|09|27|226
5239105000958073|03|27|100
4799689032380872|09|26|373
5229859206411137|10|26|350
5402565000980404|09|26|863
4632252050424758|08|28|770
5210690259574583|02|27|237
5460150032241551|02|27|272
5532530005363322|06|27|602
5520408891348851|07|26|196
4052032358794354|11|26|593
5196032141570339|06|26|650
4786689967757073|11|26|319
5460150032536943|11|27|954
4693080254855725|07|28|586
4391370028116586|11|26|002
4162730010855722|07|27|779
4041006002420263|11|26|510
376674054744006|03|27|7064
5431226806914502|08|26|805
5597430819128932|01|27|704
4902820004471035|07|29|670
4599144102930562|06|27|013
4283322097349821|11|27|419
4693080254778950|11|27|876
4196480008654477|10|26|405
5520380054953670|02|27|089
4033754030079599|06|26|221
5256691000861555|12|26|077
4591560120221635|10|26|090
5196032145057218|09|26|306
4412859565983031|06|27|644
5196032143438451|08|26|093
5523570030002744|07|26|350
5243120031155643|10|27|783
5414963709514846|06|27|262
5491862018677300|10|26|505
5195980682942369|07|26|435
5589990000567008|05|27|763
4162026267806082|09|26|725
5149504004721181|05|27|387
4628450055476577|06|27|603
4895040555360623|02|27|598
4591560134699404|01|27|978
4283322112914955|08|28|739
4585460015579874|11|26|006
5264711025268535|12|26|347
4283322102383369|03|28|414
4677851517019790|10|26|104
5241695501227941|10|26|272
5411800198573524|02|27|611
4417704018248837|10|27|687
4283322122023151|11|28|735
5213950100264314|08|26|502
4391370029268071|04|27|642
4059986088691243|09|27|269
4283322091928851|10|26|734
5229859264636138|02|27|085
5395937514860563|12|30|000
4748440030639105|11|29|190
5363470096251520|06|30|777
4293209201936734|05|28|001
4770282802939060|06|26|537
4678515000891226|08|27|197
4092170382288811|06|26|588
5267776292525930|05|30|178
4848100081166858|08|28|404
5196032144771272|09|26|526
4799689030199597|07|26|294
5229859171627113|07|26|981
4786704005476642|11|26|521
5491862022270977|12|26|752
4283323004983017|05|28|029
5488093806587262|09|26|380
5440445361320017|03|27|947
5286671165296908|12|27|767
4934550004296072|05|27|395
4619541017077189|06|26|519
5289430600489728|09|27|867
4738449000946962|08|27|567
5196032149481851|02|27|706
5363480036631731|11|29|125
5577550103728552|11|26|531
5577550104496340|12|26|705
4748443630108786|02|28|279
5509890033472837|04|28|924
4283322114398488|09|28|525
4632252042454541|01|28|496
4119110093685706|03|27|787
5224404001242513|02|27|368
5239380042604114|07|26|553
4621469903707105|01|27|396
4799689040626068|04|27|356
5355220848410886|07|27|682
4696560511290508|02|27|812
5224404001178139|04|27|903
4693080250606924|03|27|531
4391370015244722|03|27|310
5521154007682465|07|26|106
5229859751742118|06|26|240
5162400083606504|10|27|413
4895040537749505|08|27|238
4895040509555674|11|27|848
4391370028427041|12|26|098
4632252042468442|01|28|873
4539669012281055|07|26|631
4289697002036991|10|27|370
4265882013756633|02|27|396
4504819001288204|08|27|259
5221843153022491|11|26|598
5264711012768182|06|27|244
5421240037943877|10|27|575
377361182411000|11|26|2562
4283322090913243|10|27|866
4028939112948327|04|27|321
4546384836456534|06|27|549
4693080251517039|06|27|894
5400126102257316|09|27|902
4599144104430975|05|27|548
4862698915850572|06|27|797
4183590507718105|04|27|869
5545506950452000|09|26|590
5264711024128144|09|26|605
5273512343209808|05|27|425
4265693006823680|11|27|203
4921418010171397|05|27|491
4632252042377270|01|28|650
5265580026469056|07|29|332
5155901109342478|02|27|531
4984081027527391|09|27|546
4693080402763128|10|27|248
4580830001468321|08|27|576
4162026405770778|07|26|894
5271739000601884|10|27|283
5363480048195204|05|30|365
4596950002869848|04|27|781
5496272012634700|12|26|538
4935310180676103|07|26|818
5464970216434102|12|26|796
4218080316033309|10|26|987
4293209203953588|03|29|318
4201920150728135|08|27|231
5509890033119602|02|28|048
5264310299189541|03|27|039
4166445502975989|10|26|120
5108590000178038|04|27|989
4283322097005597|10|27|182
5224404001305013|07|27|419
5598881007239411|07|27|362
4137190311531013|12|26|250
5414963709030058|02|27|428
4162026276833606|03|27|377
4693080250172554|04|27|661
4059986091974636|01|28|135
4162026267392828|09|26|435
5357780059663521|09|26|312
4848100077085534|02|28|319
4693080249906393|06|26|851
4556220260029628|09|26|430
4524192006067676|04|27|628
4417706505631144|07|26|236
4895040545397388|10|27|013
4162026275095363|02|27|411
5455126215080237|07|27|966
5265580020431193|06|27|319
4929136103861011|07|26|165
4902970000958012|08|26|209
5315910011805255|07|29|929
4033752006224249|09|26|710
4632252045577660|05|28|316
5315910007947004|03|28|727
4895040547023685|11|27|916
4283322094702386|04|27|436
5363470084326755|01|30|773
5363470095921446|09|30|441
5210690386561966|05|28|664
4283322104343023|04|28|315
5239380115157115|11|26|250
4617729016330079|08|27|125
4748442880328755|07|29|305
4943517661704754|06|27|799
5365103423928381|07|27|463
5210690369031763|02|28|534
5318260034492468|07|27|235
5239100004975231|07|27|081
4848100079045262|04|28|200
5185420017045283|03|27|460
5196032146916941|11|26|683
5363470032192424|02|27|466
4628450058665184|03|27|799
5196032153692419|06|27|063
4059986085762112|05|27|901
4160210831307320|09|26|976
4605170020513208|04|27|521
4059986090187396|10|27|165
4093448850178923|04|28|144
5210690429661328|02|27|038
4293200006880086|11|29|633
4059986103126498|06|26|267
4323100000498261|10|26|672
4799323460005427|07|28|466
5440445718256872|03|27|339
4921418010420687|07|26|281
4632252047937607|07|28|545
4283322098550781|12|27|883
4384213004839962|06|26|536
5520380057029551|08|29|433
5570420582300041|03|27|391
5270695886795763|08|27|569
4050160230750005|10|26|724
5520380054421751|09|26|884
5196032145210411|09|26|405
5395937514929186|12|30|000
4283322100383445|01|28|442
4165986702585301|05|27|723
4119110002400999|11|30|554
5465946494899355|06|26|441
4628880202193446|10|27|062
4218080515923953|09|26|509
4799689037368583|12|26|475
5399816353691543|04|27|947
4391370013590548|09|26|887
4283322108226810|06|28|327
5531800490643103|09|26|776
4784489505460005|07|27|415
4405639737207769|04|28|140
5363470068443691|09|28|098
5241250911092897|06|26|589
4678515009948910|07|29|323
4170338037743523|03|27|715
5298038042466904|10|26|911
5315910009100396|09|28|299
5363450445610907|12|27|564
5516192812832021|02|27|110
5210690569085288|07|27|058
4693080496231404|01|27|913
4799689035932166|11|26|731
4047458184702592|10|26|313
4693080253811489|02|27|993
4632252044649627|04|28|128
5318260031245331|01|27|044
5407160009527706|07|26|117
4895040518457102|02|27|393
4375990002207471|11|27|296
4632252041314639|12|27|599
4293821685253004|02|27|467
4187490750681280|02|27|126
4059986079218386|08|26|807
5196032147913590|12|26|109
5432930000622659|03|27|314
4297554812259992|01|27|872
4902820015721402|10|29|377
4794460003736202|12|27|652
4283322081508358|08|26|533
4570663905353204|04|27|479
4165490081588226|02|27|813
5273512410388691|10|26|888
4477578737947581|07|28|668
4283322106883380|06|28|529
4304450800600738|04|27|128
4126118109884016|09|26|044
5488093806413246|07|26|992
5196032152726200|06|27|878
5413750775469109|09|31|614
4842810731473340|03|27|598
4215042339778107|12|26|842
5598882029588884|08|27|507
4632252049654986|07|28|408
4848100070190414|05|27|403
5210690306248116|06|27|834
4693080252472747|04|27|531
4678515005099957|09|28|306
5491862019924065|06|26|182
5264711010306522|10|26|124
4799689034357654|10|26|380
5430638008312403|03|28|657
5491862018686327|10|26|695
4632252051505498|08|28|032
4665185152851306|09|27|550
4215848727436631|07|27|174
4221510855196575|11|26|485
4553570399133110|11|26|571
5409120039401601|06|26|324
4386759009277440|05|27|711
4677853511558401|01|27|008
5354569706663783|11|27|224
5455126215010341|04|27|133
4799689034507589|10|26|264
4335876447615189|05|29|128
5298680042884493|09|27|380
5491862021751985|07|26|018
5355220818669073|09|27|462
5497821805302336|02|27|755
4921418011707306|01|27|379
5520380054442450|07|26|571
5264711011268440|09|26|351
5273513053063385|08|26|542
4031484600450325|08|27|706
4283322095787519|07|27|185
4283322104587199|04|28|779
4031494700329329|04|27|518
5363470088016279|02|29|505
4799689036821350|11|26|029
4848100071302539|08|27|703
5196035000290493|01|27|381
4162950194546794|03|27|647
4748440310177149|01|28|418
5491862017925775|07|26|904
4909372601220970|11|27|997
4364790007652959|07|26|051
4220768682758246|02|27|721
5424160486962870|02|27|108
4363870160393103|06|26|422
4748441730527590|02|28|534
4848100064945229|06|26|236
4848100078225675|03|28|851
4864183020571171|10|27|596
5239100004176368|01|27|300
5432156020194822|07|27|059
5270697387351849|01|27|692
5395937616275827|12|30|000
4221135000987080|08|26|606
5264711009787187|11|26|057
4748320000394388|10|27|108
4386759005946360|10|26|184
4293209203549089|01|29|470
4909371601115255|03|27|106
4848100070122409|05|27|715
5210690265615602|03|27|565
4105050900278053|10|26|245
5196032158413100|08|27|209
5577550104115585|11|26|798
5265580022733877|04|28|169
5424587006091725|08|27|156
4005360036814726|05|27|449
5326141207454719|09|27|604
4147633737311104|07|26|939
4283322107294389|06|28|151
4165490101224133|03|27|388
4162026406217753|09|26|028
4751610001011971|09|27|838
5408059002535386|09|27|465
4599144104624171|10|27|680
5210690565715995|05|27|694
5488093801608709|08|27|236
4283322093426201|02|27|417
5491862018673473|10|26|880
5125711360603105|09|26|654
4649950001466908|04|27|833
4799689041284529|06|27|580
4693080249833100|12|26|219
5241085632490073|06|29|095
4732560010194421|06|26|235
5363470053047093|06|29|010
4935310221596104|07|27|169
4678515006371710|12|28|602
4632252040693637|10|27|649
4966230339502715|01|27|097
5394111174428910|03|28|716
4417707302573166|06|26|999
4546320123216116|09|26|583
5491862020008353|07|26|936
4748443561061947|08|28|141
5102669041884493|07|32|537
4417707302920680|09|27|910
4640053099818715|11|26|955
4691970045296498|11|26|569
5548274105416365|06|27|397
4632252042107081|01|28|420
4283322092558954|12|26|913
4165986424107947|12|26|845
5222300040549144|06|26|005
4518421259587975|09|27|468
5414963803038346|07|27|795
4834421713218016|06|26|612
5318260014558841|01|27|176
5363470082653788|10|27|484
4165980037510183|04|27|276
4842810530300538|08|26|991
5129722010083461|06|26|537
5521154007819901|10|26|134
5363470081669215|10|30|679
4283322088599467|06|26|769
4617729014047741|02|27|342
5203150005001950|11|26|409
4283322096786619|10|27|986
4565983000006615|07|27|409
5354564652783800|03|27|069
4580280120049901|11|26|272
5196032156690501|08|27|837
5242556016007831|06|28|101
5573511131819718|12|26|759
5129722024444196|01|27|555
4988510012016560|01|27|602
4693080251831414|09|27|508
4283322096842123|10|27|790
5363470045428336|06|27|420
4048097002958868|11|26|607
5195280110067172|11|26|972
4596940009623330|02|27|579
5286674983292927|12|27|388
5432930000820048|09|27|842
4417704015651090|06|26|455
4162950159954413|09|27|369
4293209205769156|03|28|752
4628880290275444|09|27|264
5488093708277947|06|27|364
5455122801229122|10|27|671
4165983710215385|10|27|006
5455126215155351|11|27|850
4409899286369040|12|26|721
5428796693426237|05|27|682
4162950198060446|09|27|116
4283322094170063|03|27|745
4335888406746905|12|26|499
4553570621134100|08|27|056
4628450055967229|08|27|198
5395937513278239|12|30|000
4628450056179584|10|27|086
5240406602378836|03|27|943
4391880582847632|08|26|513
5455126215078835|07|27|216
4678515003671120|03|28|217
4391370029510225|05|27|328
4165490079158735|01|27|125
4617729015250914|06|27|026
4031489995093937|07|26|205
4677853511479137|12|26|441
4059986098491238|11|28|010
5414963810184455|05|27|935
4748441490228595|10|28|101
4504815001898000|01|27|741
5363470089668953|08|30|743
5188319823919599|06|27|468
5273513005056594|07|26|942
4524192006988293|09|27|181
4842810830368615|11|26|381
5224404001321168|05|27|663
5363480032132528|01|29|345
5243021836682007|01|27|177
4162026407286781|07|27|257
5354564617912676|11|27|297
4632252052202145|10|28|324
4363240021462291|10|26|450
4363452800122331|05|27|491
5424587004957299|09|26|632
4028156005763313|10|28|115
4141700007575209|07|27|957
5455122806149200|11|26|564
4556330121453501|07|26|253
4147439381456041|11|27|261
5488093801485850|07|27|500
5363470037281727|03|27|384
5468486990282811|09|27|886
4834422055415251|10|26|869
4784489505805225|10|27|709
4848100065261857|07|26|040
4693994633428386|05|27|843
5210690458339598|08|27|199
4363240021404707|08|26|085
5402565000944277|04|27|806
5199014364987793|12|26|639
5326590001888466|08|26|863
4050162105325012|08|27|681
5555622004677539|11|26|552
5404788030281076|04|27|787
4588240164545968|07|27|935
4160210829239147|07|26|622
4848100076132782|01|28|887
5270694365099151|07|26|919
5509890032985581|01|28|238
5239450130204992|05|27|392
4140520264571902|11|26|245
4501721234646005|01|29|072
5213061000680177|06|26|894
5464970893515934|07|26|350
4032938036169618|07|27|722
4848100071406629|08|27|724
5407160009638743|08|26|680
4748443280174229|07|29|223
5210690548530214|12|27|645
5491862024166256|03|28|398
4921418011315902|10|26|397
5129722024872776|05|27|371
5318260030715144|12|26|702
4549516637136867|06|27|994
4859910002870727|11|26|170
5549590157799005|05|27|720
5229859779174112|12|27|826
4182384024390353|09|27|291
5286671306407059|12|27|919
4028155509153765|10|29|644
4792461170522609|09|26|128
4902820046275675|12|29|434
4119110003911796|04|29|139
4895040558673808|04|27|693
4017046037063498|06|29|165
4283322101041596|02|28|125
5196032144013949|09|26|838
4895040486568724|01|27|217
5120899004456603|07|27|287
5363470050880843|09|30|086
4788920015922163|09|27|564
5210690499292772|07|27|983
4632252039152751|02|27|758
4283322095924856|07|27|182
4162950149944417|07|27|299
5491862018089290|07|26|465
4059986085963223|05|27|845
4895040499315915|07|27|146
4102020474558001|05|29|080
4640053099012616|06|26|247
4640053099516582|09|26|764
5196032151689573|03|27|552
5162400097465079|03|27|892
4160210838969023|04|27|865
4921418011510221|10|26|734
5239620012807944|07|27|428
4283322097220105|11|27|579
5318260035795729|09|27|236
4622671192263786|11|27|141
4645160102330474|05|27|832
4687862804340904|02|28|218
5199017943813216|03|27|330
5433115004328433|09|27|362
5545506947934003|11|27|278
5455122806657012|10|27|583
5256682100461396|01|27|727
5210690488883185|02|27|307
4678515006834790|02|29|528
4552051009205441|07|28|547
4165984924314972|03|27|388
4895040575760786|08|27|282
5276690060463514|02|27|940
4033752006402407|12|26|566
4840990104025919|04|27|905
4848100069205439|05|27|039
4546320077543119|09|26|832
4059986079120467|08|26|189
5318260034057790|06|27|279
4059986095921542|08|28|936
4283323005158346|06|28|275
4909370202462215|08|26|805
5246891003936650|06|27|312
4935410000441793|08|26|049
5523021640859925|11|26|696
4293209200545536|09|29|891
4628450057770019|03|27|625
4848100074467669|12|27|393
5243256004571935|07|26|907
5520380055394742|09|27|987
5230912020523855|04|27|597
5320920030195474|08|27|182
4632252038959735|01|27|641
5363470000541479|10|26|532
4693080496306016|01|27|626
5149504004162865|08|26|247
4766711002471843|11|26|173
4901720832495456|12|28|492
4628450008541063|08|26|312
4284300181499453|03|27|402
5239100003623923|08|26|918
5210690217663213|06|26|733
5210690438678735|04|27|338
371776874991009|02|27|8751
5224407000777264|10|26|024
5130949400153565|09|27|235
4286090113306953|05|27|485
5357780083757521|04|27|138
4283322103990055|04|28|818
4135268015347902|09|26|017
4678515008711541|05|29|174
5412880004295404|01|27|823
5460150030372531|09|26|675
4628450056846844|03|27|800
5264711013359783|08|26|042
5425860485290657|01|27|644
5273516983817242|09|26|723
4293200006923845|11|29|639
4632252052781023|11|28|771
4365080000036304|04|27|025
5196032143884563|09|26|557
4835198284900011|11|26|738
5425503300333290|02|27|614
5243021829767005|09|26|234
4677853511290468|11|26|586
4748444310060230|08|29|404
5273516878910144|05|27|316
5196032148110154|12|26|855
5589030806948902|04|27|224
5491862025227586|04|28|942
4162026279444302|04|27|593
5286670202555979|12|27|585
4570661200562800|12|26|803
4574532002488591|10|30|615
4842810731327413|10|26|408
4748444280027433|10|30|842
5404920102552726|12|26|091
4183580678844103|11|27|489
5185420018108767|09|26|216
4065792303231308|11|27|806
5210690386680493|05|28|730
5363470075206941|05|29|918
5577550166598686|07|27|321
5414963714932751|04|27|902
4848100077368120|02|28|550
5196032150565485|02|27|665
4165986410933165|09|26|086
4906032366312387|06|27|275
4417704018961884|10|27|814
4539716806958651|08|26|658
4119110094402127|07|29|370
4966230339529940|04|27|961
4417704011457005|04|27|376
5229859774416211|09|27|702
4628450054446175|06|27|341
4283322082189505|09|26|211
5239100003732815|09|26|496
5286675386431210|12|27|787
5162400053589953|08|27|441
4162950174724577|12|27|216
5239105000842384|09|26|735
5222301140553556|07|26|082
4160211526126090|01|27|343
4055429900229698|08|27|002
5545506930452005|09|27|677
4000320101340796|08|27|552
5446700091991907|07|26|308
5196032157117462|08|27|877
5191670026696359|07|26|384
4835610447246801|08|26|271
5157132800192396|08|26|487
4162960162322391|06|27|418
4417708201163265|08|27|427
5239940000990308|04|27|853
4375517110893015|04|29|767
4315812766160006|12|28|713
4848100073526093|11|27|005
4890120197608061|03|27|498
4162960193951937|09|27|633
4059986100141607|03|29|187
4890222025504676|12|26|896
4059986102086487|05|29|269
4628450059802646|06|27|390
5354568500631434|07|27|459
4059986081740088|11|26|407
4751610081014044|11|28|451
377361738651000|08|27|7045
5203539141096470|10|26|188
5256682106430809|07|27|644
376319065521015|06|26|7758
5521152701466169|12|26|265
5440444116159119|07|26|820
5488093708621987|08|27|422
4165980038789315|04|27|195
5297620135963334|11|26|549
4283322106167685|05|28|811
5577550110459944|05|27|241
5256691001720842|06|27|015
4267400002547315|11|26|020
4693080401635277|06|27|750
5243940604286214|02|27|842
5363452024476619|12|27|776
4730140111526110|09|27|717
5170670001242927|01|27|742
5264711007641634|08|26|988
5286677532350757|12|27|578
5196032150208458|02|27|502
5363470099003605|05|30|961
4553570436566124|10|26|792
5256682106161750|12|26|506
5157216816348603|06|26|224
4693080253162784|06|27|438
5264711024211494|01|27|352
4404619035058685|10|26|315
5461112084056864|08|27|894
4552051008289123|01|27|767
4221508669850197|08|26|959
4678515005124425|09|28|380
5196032140845948|06|26|627
4028939116809251|01|27|246
5196032139625285|06|26|355
5196032151670441|03|27|494
5271739000424295|05|27|335
4215844602723979|11|26|589
4966230236463821|08|26|641
4065830019584519|04|27|694
4311701780906003|06|27|083
4067160000873319|06|27|019
4283322118394830|10|28|874
5516192869457201|09|27|680
4645160100731806|08|26|351
4391370029204167|04|27|424
5395937716247635|12|30|000
5196032155274976|07|27|658
4315812750366015|05|29|992
5424587005214559|02|27|561
4283322090059492|09|26|428
4661601045287189|12|27|408
4632252037861361|09|26|171
5210690549928243|01|27|936
5464987574641102|09|26|979
5184940105004844|12|27|756
4848100072855865|10|27|382
4165987655636216|06|26|486
5491862017317635|07|26|605
4848100068263488|02|27|100
4599500000644078|11|26|204
4966230236480668|12|26|570
5242240128861001|10|26|619
4013673101316744|07|26|694
4034186902417772|07|26|362
5196032139935536|06|26|253
4188984900761652|08|26|482
5395937411908796|12|30|000
4061591000591251|01|27|064
5183240004348835|06|26|959
5270695550064603|11|26|605
4632252038512641|11|26|510
4842810731514606|04|27|941
4283322091427698|10|26|022
4678515009005281|06|29|427
5363435428728479|09|27|314
4165986430431828|02|27|627
5354569108428850|09|27|917
4165987639536557|02|27|086
5196032145321952|10|26|730
4693080251729352|05|27|336
4570661004041100|03|27|957
4297554811790815|06|26|173
5491862023733015|02|28|703
5196032145064305|09|26|402
5491862020816078|11|26|722
4848100071762930|09|27|090
4059986092936923|03|28|392
5363470059097886|03|29|731
5464970242941724|02|27|311
4748441260321901|01|28|851
4365000035533224|11|26|397
5498445087673336|08|27|420
4460310038786461|03|27|199
5196032144588973|09|26|976
5376521915349849|01|27|458
4504815002158362|02|27|222
4628880202158712|09|26|573
4162026406595067|01|27|976
4678515009015256|06|29|582
4283322120544968|10|28|582
4848100067311486|11|26|199
4842810530363577|12|26|275
376359165841004|08|26|1713
5488093807935924|11|27|791
5210690316033482|07|27|958
4842810731480394|03|27|058
4283322099808436|01|28|436
5520040003297229|06|26|714
5363470040401429|08|27|606
5577559404445394|06|27|432
5229859766253119|04|27|201
4632252038707159|12|26|700
5443690794122699|09|31|696
371787161341006|10|26|5922
4155759655784961|08|29|389
4907341000510424|11|26|529
4509790233506868|11|26|672
5221843164023900|09|27|286
5363470054856500|05|29|697
4848100074431111|12|27|541
5196032144541840|09|26|858
5210690428806189|01|27|214
4111344127990778|09|26|459
4293820837164002|05|27|622
4848100072434513|10|27|967
4693080402133629|04|27|015
4799689037041792|11|26|795
5394111170231532|10|27|431
4162960131036841|03|27|160
5526305403202697|11|26|182
5363433573877571|05|27|012
4640053099243153|08|26|574
4055995056457838|07|26|005
4514570052760900|02|27|381
5336190003633008|07|26|108
5523660509892012|08|26|205
4608885900176530|09|26|140
4895040497424909|06|27|244
4799689038835895|01|27|995
5196032150915490|03|27|418
4773760000070124|09|27|719
4678515001808328|11|27|719
4283322098962176|01|27|022
5196032150326847|02|27|318
4098584450886625|07|26|820
5228730010612668|10|27|365
5363340047962436|12|27|224
4864183020215985|04|27|491
5520142108196437|07|27|206
5241695502101913|04|27|205
4693080402688952|08|27|465
4283322097592883|11|27|872
5407160009544552|07|26|962
5400697010887303|02|27|726
4848100068440102|02|27|966
5270692348340965|11|26|505
5395937616474602|12|30|000
4391370028869234|02|27|955
5354567306081810|11|27|700
5276690081639597|05|27|907
4076530000562758|08|26|248
4763343300713792|06|26|353
4096362018830324|07|27|307
4450930002770233|06|26|994
5256682106951770|11|27|437
4596940007145278|09|26|104
4693080248886190|09|26|999
4059986083453797|02|27|661
4364380009515931|05|27|320
4799689037391932|12|26|600
4218082408164539|07|27|397
4599143801916773|09|26|388
4417708200449962|10|26|193
4162026604499385|04|27|936
4283322095348775|06|27|594
4895040487945988|02|27|443
4792461180007476|05|27|235
4617729014395777|03|27|928
4889950108176003|11|26|560
4165490088571464|02|27|252
4165983411244791|04|27|243
5464971696507342|07|27|433
5491862022453318|12|26|195
5271738000261608|11|27|545
5363470052731762|09|29|358
4632252031605228|08|26|092
4661601235172803|06|26|405
5399816052977227|01|27|815
4658877531031894|03|27|224
5521154007840766|10|26|033
4293821681363005|10|26|888
4374257476422619|10|26|859
4391370027270327|06|26|404
4677851517548335|12|26|527
5264711011213461|05|27|955
4628450050454975|06|26|791
4504812001440586|01|27|131
4770282707867432|05|27|059
5185350601007219|08|26|255
4921418006545976|11|27|990
5400692441619011|02|27|176
4799689035822516|10|26|219
5239620004093297|12|26|282
4678515002868115|02|28|087
5363432941990454|11|26|256
4404530000940049|06|27|692
4895040584892364|10|27|036
5402565000693247|12|26|333
4748441550225002|01|28|224
4283323002259204|02|27|890
5229859156563127|06|26|079
5402565000301288|06|26|057
4188984900960072|04|27|543
5577550103690562|11|26|957
5203950658354725|04|27|604
5355220977520091|09|27|270
4585560014924243|07|27|156
4896711946171817|09|27|372
5399816151393607|06|27|417
4323100000423756|08|26|554
5363433749260520|09|27|302
5286676579079097|12|27|080
5286677001474724|12|27|887
5191670210236780|03|27|154
4391370015365816|04|27|510
4162960124661670|01|27|530
4417704017555638|03|27|919
5363470062610972|07|29|827
4162950114162821|07|27|074
4065832000581272|11|27|755
4628450050254466|12|26|185
4365000035642314|09|27|917
5521154002938540|10|26|800
4748440010025812|08|27|241
5129722024584165|02|27|740
5409123022322859|06|26|656
5271731000625682|02|27|525
4283322093956579|03|27|302
4336920002558720|07|27|685
4766721001821351|01|27|416
4929439292112018|02|27|157
4059986103012128|06|29|836
4283322113131245|08|28|973
5357780065907656|11|26|874
5196032139784892|06|26|769
4553880098225103|09|26|278
5318260027454632|06|26|272
5129722013430818|03|27|743
4182384022358865|11|26|259
4799689035839411|11|26|486
5166400046053857|07|29|728
5185420012362287|08|27|507
4966230234656772|06|26|143
4546320023256113|06|26|147
4792471281176831|04|27|795
4766711002487765|12|26|383
5464970670158270|07|26|048
4895040547662813|11|27|782
5363470050030522|02|29|194
5196032147514539|12|26|029
4609580016516005|03|27|533
5273511799995563|03|27|318
5509890033387746|03|28|547
4162027900972844|01|27|588
5286670800681573|12|27|870
4632252041031761|11|27|313
4539669013010974|03|27|038
4678515008810145|06|29|160
5271731000352378|05|27|353
5199015142362886|08|26|130
5194693010218037|11|26|558
5363340048830681|03|27|820
4847980001600339|10|26|335
4283322094923651|05|27|471
4147524951405559|04|27|395
4693080496941168|12|26|600
5222301147496189|03|27|513
5577550104597303|12|26|884
5196032143479760|08|26|927
4386680013445106|07|26|565
4165981543411064|02|27|938
4799689030680257|07|26|943
5210690429160198|02|27|622
4165981558984252|06|27|592
4628450055360383|03|27|277
5239351002093333|09|26|450
5394111171032889|12|27|462
5270695597691129|05|27|461
4382890003143769|11|26|626
4617729012933033|09|26|610
5491862020194880|08|26|051
5447290212511361|01|27|166
5509890032640939|12|27|249
5395937716243998|12|30|000
4848100077982813|03|28|816
4842810370167153|04|27|005
5257206000243404|11|27|967
5273515388588184|09|27|714
5520380003239791|10|29|489
5366489802702326|02|27|046
5424587006088846|08|27|195
4283322107299594|06|28|498
4848100072863174|10|27|618
4632252034428297|11|26|857
5406040100084008|05|27|148
4678515004364428|06|28|655
4059986086833474|06|27|922
4119110094312755|04|29|492
4848100074420429|12|27|645
5520408430029699|10|26|068
4364484100333903|11|26|886
4799689031048306|07|26|384
4693080246185850|11|26|365
5239100005218060|08|27|582
4788671300944848|01|27|623
4678515001389030|10|27|474
5363470061251588|03|30|693
4165981527067551|12|26|841
5239100005627401|10|27|504
4895040585801653|11|27|163
4678515008601999|05|29|580
4766701005128573|07|27|085
4119110104217192|01|28|972
4283322094123260|03|27|825
5222222802470071|06|27|404
5391720010242203|09|26|554
4386795054951265|11|26|210
4838341901011633|03|29|693
5444880540989116|11|26|126
5194690006823705|12|26|401
4301380104372994|02|27|735
4391370017470820|12|27|537
4848100068057856|01|27|162
5577559404192830|08|27|556
4441111400375121|11|28|479
5401918010633250|04|27|189
4303063003065848|02|27|968
4693080495396075|01|27|405
4283322103383798|04|28|642
4693080250436074|03|27|737
4632252048741073|07|28|985
4028939117349984|05|27|578
5407160009588385|08|26|675
4661601236531650|10|26|739
4585813600285333|12|26|622
4283322100940780|02|28|661
4386759009359875|05|27|021
4162026276676989|03|27|300
5196032151362916|03|27|267
4909370202302593|08|26|840
4218082407000536|10|26|853
5210690567929917|07|27|712
4162950105361887|06|26|193
5239620003764476|09|26|778
4417708200734546|01|27|958
5509890035031862|07|28|309
4628450059916610|03|27|090
4585810111489719|03|27|030
4632252041239083|12|27|563
4799689032589704|09|26|143
5496272050711238|03|27|653
4283322088324536|06|26|594
5196032150006357|02|27|680
4966040520017369|06|26|803
4632252032561222|08|26|698
5521154007873437|11|26|917
5265580021165220|10|27|617
4546321038905116|08|27|817
4628450035093864|11|27|386
4799689032347087|09|26|193
4119110104651028|09|29|236
5199015945185435|07|27|281
4784488009504888|08|26|819
4166452442365628|07|27|097
5545506872850000|06|27|357
4035620210598005|08|28|113
5273513595421554|06|26|741
5196032151136955|03|27|995
5243120031196571|06|27|870
4553880100009107|10|26|863
4848100078411796|03|28|881
4678515001168533|10|26|832
5286671284746007|12|27|662
4632252049454270|07|28|428
4162960175833335|12|27|763
4162950185965300|04|28|100
5268523000301579|07|27|227
4628450053082708|12|26|057
5424587005273993|03|27|465
4678515003992104|04|28|586
4649950001253850|07|26|754
5229859384574128|12|27|830
4678515005654736|10|28|819
5395937413511309|12|30|000
4293138961039662|06|26|597
5318260033025558|05|27|105
4655140001020480|12|26|766
4628450059281726|12|26|897
4002712300211018|11|26|231
4283322097206468|11|27|509
5363432668595411|02|27|152
4504815001604572|11|26|239
4748442480132466|07|29|145
4050167000273407|12|26|389
5520422100310206|08|26|091
5521159001110751|09|26|764
5270694460655923|10|27|612
5242240135689007|04|27|697
5271738000136784|09|27|608
4580561231122624|07|28|743
4165981565123373|09|27|537
4283322091579217|10|27|102
5265580022860340|04|28|481
4259585002646552|12|26|496
5577550106397199|01|27|602
4611530078742474|06|27|444
5509890035148229|07|28|427
4504815001085590|06|26|225
4391370028389027|12|26|151
4909371100000073|03|27|321
4730140016735139|05|27|564
4835748802911898|06|27|321
5455122806724473|11|27|544
4283322113744468|09|28|375
4119110104534513|04|29|806
4934719903110599|07|26|475
4377044009366332|06|26|654
5286678213896548|12|27|499
5488093700763472|08|27|169
4283322107382911|06|28|062
4632252043104210|02|28|484
4693080402183483|12|27|347
4693080249610110|06|26|820
5577550103904260|11|26|939
5195980562285046|10|26|421
4110740003067139|06|26|775
4218080515904409|09|26|975
5239100005015052|07|27|659
4034185303125190|09|26|863
5530021904137704|10|29|435
5598886015417164|06|27|803
5417020008081733|08|26|462
4504819000167334|02|27|002
4283322101885851|03|28|511
5199018995637917|10|28|066
4799689033278018|09|26|644
4943517656740987|01|28|666
5155945001154945|04|27|826
5491862025615962|05|28|479
4518354626890006|06|26|421
4693080251873457|02|27|739
5491862023097064|01|28|381
5210690525640903|03|27|780
5464985178842381|05|27|468
4848100076257399|01|28|042
5424587005555449|05|27|953
4283322107949800|06|28|193
5241930318934011|11|29|343
5256682106779874|01|28|879
4632252037474553|08|26|965
4784488003904316|10|27|937
5407160006325559|05|27|538
5264711024476089|11|26|101
5188690769411100|08|26|501
4907341002494452|12|26|690
5488093801765988|02|27|175
5224404001082851|11|26|486
4119110003810683|03|28|660
5196032148369552|12|26|013
4632252042120373|01|28|327
4632252048189299|07|28|833
4539716806946631|08|26|413
5400692330749002|10|26|919
5242240210548003|10|26|700
4617729007254973|07|26|524
5196032145362766|10|26|099
4377660101528998|07|26|940
4848100078227580|03|28|113
4848100068128947|01|27|408
4834422053440285|08|26|814
5363470068395685|04|29|865
4366880065662103|10|27|099
4748441120337337|02|30|075
5210690526705903|04|27|888
4848041041368897|09|27|083
5196032144390511|09|26|141
5210690566118777|06|27|508
5522283004909503|05|27|006
4902820000806572|03|29|615
5413750247103047|01|31|028
4283322092896677|01|27|317
4556330119500735|09|26|913
4726428474697420|01|27|386
4119110094267421|03|29|089
5199017809273109|09|26|940
5455126215150980|10|27|848
5464985139368005|01|27|086
4848100079906455|05|28|581
4162950108067093|05|27|028
4283322094312160|04|27|288
4283322114630104|09|28|205
4293209001562250|12|29|981
5188690810083106|06|27|988
4391370029087935|03|27|262
4283322088889488|07|26|659
4215848725847557|12|26|762
5509890031432981|03|27|812
5404920102551728|12|26|675
5363470002362262|09|27|344
5520088944862015|04|27|401
4162029200946411|08|27|233
5264711008712822|07|27|680
4848100074432663|12|27|753
5558880001582030|11|28|572
4628450052669877|09|26|724
4693080253576827|04|27|024
4283322100453669|01|28|311
4028140102169590|10|28|992
4162026271877475|12|26|136
4059986092126616|02|28|601
4404540445311227|04|27|905
5102669042147890|07|32|637
4677853510898956|08|26|234
5210690488575377|02|27|371
5424587005034320|10|26|754
4552051002561576|06|26|495
4286090168340436|03|27|972
4271260108556105|08|26|832
5410600003723418|01|27|528
5210690336125391|09|27|304
4842810370202745|06|27|523
4784489505460591|12|26|966
5363470032816709|10|26|643
5455122904729473|04|27|566
5199013276727297|03|28|494
5463180001104156|03|27|470
4190311010183781|08|26|289
5577550109069068|04|27|097
5488093700692184|06|27|998
4397720008536613|03|27|824
5521020909763739|03|27|155
4119110104127359|10|27|527
4050167000281319|02|27|620
5577550109681524|05|27|434
5188690806860103|05|27|723
5354567607538187|07|27|476
4162960198538010|12|27|106
5395937411841898|12|30|000
5400692595597104|07|26|356
4539716806985001|08|26|332
4105239908917800|06|27|397
5145331000001960|07|27|253
4061598000552878|01|27|875
5218220390499227|08|27|225
5496272067169750|02|27|542
4693080404481489|10|27|346
5401844190398789|07|26|592
4622671293231963|11|26|477
4182384023635105|12|26|772
4632252043511380|03|28|582
4283322092542305|12|26|325
4678515003270121|03|28|648
4312360000191562|04|27|151
4218080307117509|11|26|210
4693080254740596|08|27|354
4303063003263039|02|27|662
5156970000169172|08|27|235
4748442220217767|05|28|274
4391370014087684|05|27|634
5327501195838802|06|27|770
5196032147294819|12|26|297
4182382027389349|11|26|969
5256682105482033|08|26|731
5488093807063057|03|27|625
5414963715026454|07|27|654
5363470086831463|04|29|383
5460150032318870|05|27|008
4835850013773420|08|27|245
5577557223302705|05|27|977
4842810731338733|10|26|203
5509890035454510|07|28|207
5402565001044556|09|27|769
4162026270097596|11|26|469
5239100700384563|09|26|081
4417704009034832|09|26|182
5203539130704944|10|26|623
4220619660757850|11|28|656
4287433000123868|03|27|358
4553570221981108|02|27|899
5167947300173770|09|27|174
5363470099730348|08|28|118
5366480006140280|08|26|991
4122110001130089|01|27|905
5167947020414983|05|27|511
4397722066572415|11|27|402
5318260021823899|07|28|745
5194693010539762|07|27|876
4596610007462623|02|27|053
4552051003898928|08|28|066
5286672899695126|12|27|606
5454200245293846|02|27|369
4283322094036066|03|27|220
4916260032474244|08|26|297
4119110094195846|01|29|212
5363480037400151|01|28|684
4165490079587776|01|27|096
4678515008440463|05|29|977
5194955374219715|09|27|371
5221845052653714|12|26|760
4628450058253387|04|27|436
4283322100107935|01|28|312
4201940050890421|08|27|889
4889720004515533|03|27|375
5210690238690054|11|26|045
4784488009046690|06|26|396
4513470700124578|08|27|869
4712420301554367|11|26|539
4632252046845264|05|28|821
4392268336668521|10|27|695
4382890001113087|08|26|740
4748441390203672|06|29|334
5354567019498244|10|27|490
5229711256830098|05|28|474
377388799551001|03|27|6950
5149504004934818|09|27|151
5239100700479231|05|27|483
5481170200540696|07|26|724
4751610082007872|12|26|504
4546320341002116|05|27|158
4059986096661121|09|28|373
4059986091644510|01|28|120
4799689035644449|10|26|320
5170670001233702|12|26|934
5243021800804009|06|27|513
5101860001368129|04|27|141
5253030008849515|12|27|718
5509890034443043|06|28|222
4417708200978747|05|27|686
4377486524327523|02|27|673
4848100066307139|09|26|510
5239100004326138|02|27|406
4799613449283511|06|27|611
4693080252656562|06|27|700
4059986091133779|12|27|612
4895040515604904|12|27|337
4033752006840606|11|27|515
4033752061705603|08|27|758
5196032152614984|06|27|456
5521154009515945|09|26|322
5432152020053688|02|27|349
5488093708152348|05|27|512
4162026272741118|01|27|798
5402565001197339|10|27|550
5196032156684793|08|27|569
4628450057551682|01|27|046
5243021202640001|07|27|183
4921599011019923|09|27|361
5509890031485690|04|27|773
4748440140414894|11|27|777
5137920046408005|05|27|402
5157054070025710|09|26|744
5156970000167101|12|27|411
5166400005059226|06|27|665
5521154002111916|07|26|911
4293138590472672|07|26|708
4374500004366729|11|26|855
4283322094979042|05|27|603
4117080021019124|05|27|872
5267980015851710|02|27|181
4386759009918555|07|27|653
5265580024340291|09|28|724
4902820011719210|09|29|836
4737310000384094|11|27|690
5265580026178012|05|29|652
5522283004768479|12|26|901
5497821703914760|07|26|585
4748443070188827|10|29|308
4556330022341854|08|26|834
4895040547080503|11|27|668
4895040577572122|09|27|058
5222301147831070|03|27|780
4283322093886479|03|27|248
5196032144918741|09|26|184
5256682106051316|02|27|404
5315910009810176|12|28|973
4848100082664190|09|28|728
5354567304094294|09|27|680
4902817100185303|12|28|521
4504816000013211|01|27|422
4665843612603002|02|27|339
4848100074225265|11|27|220
4301380100141153|04|27|095
5243120031134556|01|27|197
5407160009871708|10|26|097
4220720100731206|01|27|808
5455122801031593|04|27|111
5203539120992061|12|26|138
4640053099199389|07|26|975
4165986433416511|03|27|150
5363470086667982|09|29|234
5509890035971869|07|28|616
4902820010471466|09|29|584
5363470070627570|02|28|798
4548892021947040|03|27|899
5424587005085157|11|26|839
5548274112149165|07|26|777
4391370015303486|03|27|519
5363470053814302|12|29|823
4033754011632127|01|27|189
5210690469543642|10|27|543
4661601037255517|04|27|127
4902820016061667|11|28|026
5181231480505560|10|26|805
5363470068437636|06|29|096
4417704018992137|10|27|185
4149313000607284|05|27|759
4553570214386125|11|26|276
5528530530653706|12|26|192
4509351002781743|06|27|804
4732560010282374|10|26|483
4293209200578073|03|29|410
5107371870975576|03|27|293
4312260052106254|07|27|883
5229859262079125|02|27|845
5414963810130763|04|27|632
5363470033234068|09|26|291
5363470064788925|06|29|493
5363470087139486|09|28|852
4059986085331868|04|27|645
4703990001261308|04|27|108
5306380010696454|10|26|993
5196032146245374|11|26|385
5425503300517934|09|27|391
4748323180113487|02|29|370
4283322102049762|03|28|424
5241088109741952|08|29|231
376317400520510|07|27|3427
5577550135448336|07|27|039
4187490010545739|04|27|292
4966230039011223|02|27|696
377361311001003|03|27|8934
5229859229522118|11|26|316
4162982200104821|01|27|421
5265580025750886|04|29|118
4799689034149200|10|26|137
4678515003032687|02|28|654
4129750631663497|04|27|551
4628450046405529|08|26|548
5196032154357822|07|27|727
4574532002472389|10|30|222
5210690257276355|01|27|402
5195030000479692|09|26|109
5239620012895352|09|27|477
4596610162868630|12|27|774
4966230232226073|04|27|724
4050160266643009|05|27|694
5491862019842036|06|26|241
4096750147325184|09|26|876
4283323005316126|08|28|187
4649450051334023|06|28|638
5395937614711831|12|30|000
5363470014304591|09|27|270
4182100004048740|08|28|874
5363436574135808|10|28|331
4059986088623717|09|27|245
5394111173151224|02|28|961
4909371203701114|06|27|275
5421252002860317|10|26|895
4748441220157767|02|28|438
4714390010607210|09|26|785
5598881007338973|08|26|621
4162026280384927|05|27|825
4890120188905104|03|28|537
4013674500206858|06|26|439
5455126210027068|03|27|867
4909371600774953|03|27|450
4909371203989180|06|27|549
4283322104422322|04|28|069
4848100064896323|06|26|475
5509890032234071|08|27|302
4340763000541064|09|27|161
4375070108774482|06|28|673
5407160005684402|09|26|593
4693080254966621|07|27|770
4504815001066384|06|26|560
4678515007673478|04|29|434
4659448799221590|10|26|162
4539669010928020|03|27|981
5432152020085151|03|27|152
4546320699932112|03|27|639
5521159002695693|08|26|335
4632252039431379|03|27|646
4784488002953223|01|27|207
4293209200587918|07|28|503
5424587006602232|11|27|372
4909370602800436|12|26|793
4931200604925315|12|26|952
5363470055579671|04|30|045
5363470053942384|01|28|982
5256680003067146|06|27|180
5196032146542044|11|26|515
4059986086013705|06|27|926
4119110093444484|10|26|425
5577550111020935|06|27|748
5241695502020899|11|26|108
4059986074427529|07|26|705
4616992107482180|09|26|303
5345070214410413|02|27|363
5520040003510795|01|27|310
4902825508491066|11|29|206
4002712001324904|03|27|943
3563930001578401|07|27|123
5210690376409283|03|28|314
4799689036849534|11|26|250
5222301147568128|03|27|778
4283322101624086|03|28|218
5423398905695181|06|26|844
4509351002643950|10|26|165
5363470091071659|11|29|666
5273516271323085|01|27|639
4556220260024496|07|26|958
4693080245316795|12|26|876
5210690359549568|01|28|218
5286672725379481|12|27|724
4693080247437615|10|26|671
5199019470939331|11|27|744
4028155504233760|06|29|945
5196032144362858|09|26|682
5395937514909105|12|30|000
5286673908040684|12|27|982
4162950108558414|07|27|483
4119110094250849|08|29|377
4119110093521554|12|26|527
5167947900194747|05|27|434
4386290001762254|10|26|294
5264710301399782|07|26|237
4218080315667305|08|26|007
4842810530555610|09|27|608
5455122800976970|03|27|043
4119110094014062|05|28|725
4303063400884098|02|27|062
5521154008464459|07|27|770
4165980307099370|06|27|600
5195980507669023|12|26|321
5363480042985691|02|29|637
4748440140322998|08|28|935
5213061000088207|08|26|395
4748443960014513|04|28|721
4512950200662160|08|27|288
4693080245724147|07|26|524
5363431700065565|10|26|127
5196032141698460|06|26|174
4748443550174883|10|30|828
4286090185501481|10|27|086
4182384023554579|12|26|076
4162950157959018|07|28|531
4303063007147782|08|27|398
4508960006917003|07|27|164
5462844409969889|06|27|422
4966230235028468|12|26|146
4770282706229469|06|26|388
4059986096905411|10|28|371
4842810731616880|09|27|264
4391370029556921|06|27|101
4628450051318906|04|27|956
4135268017888010|05|27|955
5491862020447312|09|26|846
4585824000144426|03|27|627
518123147011667|12|26|016
5371020015711896|06|27|580
4935410000499460|08|28|532
5577557611949760|09|26|608
4862838946549088|11|27|880
5570425155403056|10|27|141
5210690236224575|10|26|809
4417708200709514|01|27|015
4162026268420743|09|26|552
5241314963746352|12|27|326
5188310032371136|05|27|948
4748441200305196|04|29|636
4909371600619190|01|27|923
5491862024045658|03|28|804
5407160009924721|10|26|526
5196032149600344|02|27|903
5256682106700599|08|27|229
5521154008609673|08|26|702
4055995054032849|09|26|225
4546320639039119|06|26|653
4514521504505443|12|28|970
4678515007279771|03|29|207
5463211600006730|11|26|976
5577550102759137|11|26|848
5363435337988537|02|27|980
4546384901470501|09|27|372
5177530004023240|09|27|422
5424587006468097|10|27|125
4659428067731306|05|27|934
4304450802884405|11|26|414
4322071001921562|11|26|979
5213950101161816|01|27|987
4165490105759563|04|27|378
4921599010186087|07|27|557
5210690268247544|03|27|829
4283322115454082|09|28|474
4032938039143610|08|27|589
4477578714288504|06|26|023
4895040496602745|06|27|842
4966230236271836|04|27|430
4183590574507100|10|27|945
5196032146580044|11|26|221
5464985025967118|05|27|899
4283322082228618|09|26|864
4512970113402769|09|26|360
4162960300026656|03|27|960
4632252048294008|07|28|437
4061592000290456|01|27|330
5400410002011860|12|26|817
4677853510085273|10|26|523
5440643952878944|10|27|217
4292530162649508|06|28|279
5210690439276687|04|27|641
4304450803044447|03|27|236
5239100005220835|08|27|405
4621469903506705|11|26|744
4283322090925064|10|27|547
4705380341578306|06|28|086
4848100081307148|08|28|891
5355220901518534|08|27|803
3564580003198705|01|27|949
4391370029356009|05|27|743
5196032149082055|01|27|153
4119110104412504|10|28|590
5414963712369832|07|26|336
4848100070543810|06|27|814
5400697010815742|01|27|865
374681039971002|04|27|0309
5498540000699978|02|27|135
5210690477989076|12|27|842
4645160102105926|05|27|111
4165987309940303|01|27|558
5577559404355940|07|27|447
5224406000632834|09|26|045
4786704005512800|11|26|264
4748440230134980|06|28|842
4009936903825006|09|26|566
5222301141369937|08|26|944
5414963810077824|03|27|560
4848100074605177|12|27|157
4570704246121007|06|26|302
5240400001820134|03|27|571
5210690337505534|10|27|652
4258608303284922|04|27|828
4921428010761048|12|26|483
4283322096583461|09|27|076
5497821704048998|11|26|564
4059986091593634|01|28|138
5363470091726823|02|29|689
4848100075504155|12|27|275
4632252042448964|01|28|332
5256681006647314|05|27|586
4693080250851256|03|27|204
4848100073908135|11|27|384
4552051802057429|12|26|197
4028939117869171|10|27|035
4552059931250765|10|27|526
4799689032107218|08|26|180
5363470072593408|02|29|055
5363470056385029|04|30|559
4386759008454594|10|26|777
4283322117115855|10|28|709
5239380050274123|07|26|524
4386280037182023|03|27|056
5210690258537474|02|27|295
4085652078312673|03|27|458
5480950061111104|09|26|858
5423802303009325|10|27|821
4365000330584120|06|27|306
5521370104631466|06|26|145
4067160000802292|05|27|298
5195030000432758|03|27|812
4670085096793973|02|27|988
4895040539363735|09|27|876
5167949190117966|12|26|089
5256680001547537|03|27|488
4283322088343601|06|26|204
4640053099747849|11|26|947
4061592001276686|01|27|634
5363235144239292|05|27|449
4417704011454259|02|27|919
4013673102330306|08|26|117
5199016976995775|08|28|020
4512950200516556|12|26|245
4391370028393821|12|26|447
4304450802903916|11|26|043
4391370021559907|02|27|568
5210690546620041|11|27|268
5395937411845774|12|30|000
5196032152930315|06|27|625
4117080020491597|12|26|645
4138411741260018|02|27|950
5210690518506483|02|27|278
4375070109202038|10|28|541
5343996250922345|09|26|469
4162960185303071|02|28|073
4632252040015062|06|27|279
5430470110027210|04|28|607
4632252034320833|11|26|905
4628450048110648|06|26|572
5455126215043243|06|27|941
4182382027731912|04|27|549
5395937515010325|12|30|000
4386759011144216|10|27|063
374288450061006|09|26|2544
4213131100419678|11|26|359
5536361571264520|05|30|610
4147463004184301|09|26|890
5597794108783016|09|26|853
4303063008325072|11|27|283
5463180001740090|08|28|462
5326141205370735|01|27|114
4748443590027042|02|28|776
4628450056916928|06|27|279
4696560502184108|08|26|925
4844410112405371|10|26|766
4093448000446345|03|27|604
4632252040421971|09|27|309
4611199677330436|04|29|041
4364460031543455|04|28|717
4658586096978049|07|27|313
5363434397058588|03|28|882
4293199000275683|02|28|410
4404531237930258|02|27|357
4147464003277674|08|27|146
4596940009883504|06|27|895
4543250005901886|03|27|143
4283322112343551|08|28|498
5421240036180851|11|26|356
4283322088996440|07|26|434
4552051008382464|09|27|637
4784489505336056|10|26|274
5267980016822751|08|27|449
4283322100604709|02|28|834
5491862017088145|07|26|997
5271739000426191|09|26|953
5488093707709627|12|26|965
4165987038367943|04|27|596
4504810001109375|07|26|212
4050163000728730|08|26|777
5273512746084998|08|27|315
4835774038036029|08|26|584
5286674266751821|12|27|395
4213630015695819|03|27|297
4848100068384110|02|27|950
5509890030310816|06|26|397
4417704017107497|10|26|511
5451365000230011|08|27|990
4165984929941530|06|27|161
5394111173916865|05|28|679
4311702007564005|08|27|168
5224404001337560|05|27|658
5239100004737813|05|27|303
4215042338054005|08|27|493
4283322116800085|09|28|905
4309840000555549|10|27|245
4182100002739662|05|28|290
5209430144063580|09|27|494
4119110094101927|09|28|661
4283322083263143|10|26|744
5400419010231873|07|27|912
4693080403596204|01|27|575
5424587005327237|03|27|189
4799689030296146|07|26|363
4283322115279661|09|28|265
5224404001674129|08|27|822
4165987033316481|03|27|110
5363470067130638|02|30|629
5243120031245907|08|27|444
5149504004782159|06|27|426
4678515004465282|06|28|739
5188690474684108|03|27|927
4693080251679409|12|27|103
4552051008176791|03|27|039
4293135736330293|10|26|549
5363470076708994|02|29|961
5196032151396567|03|27|704
5354567961684320|01|27|042
4119110093622188|01|27|734
4284400300431799|02|27|915
5321665236453321|03|27|035
5210690238177326|10|26|386
4632252047139675|06|28|169
5496272074601357|07|27|062
4766711002651543|08|27|007
4391370029761851|07|27|501
4784488009867202|09|26|368
5138929900124243|06|26|168
5521154008263588|05|27|077
4050167000302198|01|27|780
5286673984225175|12|27|837
4417704009021086|07|26|550
4799321422052461|03|29|235
4799320297039553|08|28|233
4799689037573158|12|26|208
4117080020625848|01|27|355
4628450053870391|03|27|169
5414963714838057|01|27|891
4365000830095965|01|27|241
4188984904482453|09|26|030
4111460603721717|07|26|708
5222301144514133|10|26|376
5363470055913862|03|29|860
4386759009157899|04|27|369
4391370027180526|06|26|220
5363470092221485|11|28|546
5240470035797335|03|29|554
5289460013255721|08|26|581
4221498698929909|06|26|197
4183580550124103|03|27|987
4218080317455279|07|27|087
5196032152826471|06|27|950
4421780013186838|08|27|992
5286671482174408|12|27|081
5363470087671249|11|29|310
4848100082244985|09|28|045
4391375000549308|12|26|060
4417704018587622|08|27|710
4162950163454079|08|27|045
5273513797924124|11|27|193
377910335144338|08|28|0725
4162950165246382|06|28|970
4218080317301051|06|27|095
4283322097756983|12|27|192
4283322092551074|12|26|148
5256691001595178|08|26|012
5229859765661114|03|27|824
4848100066856036|10|26|051
4147465003475119|12|26|519
4847714844955661|01|27|342
5460150030424423|10|26|835
4693080250575129|12|27|404
4216891001525629|06|26|003
4546541000260816|11|26|624
5213061000686323|06|27|518
4617729003516243|06|26|480
5363470053597782|03|29|204
4748441680414799|12|27|726
5265580025811993|04|29|726
5299420007713018|02|27|299
4617729018205170|11|27|575
5363470074579280|11|29|229
5188346506000009|06|26|479
5401842171858607|07|26|838
4693080252727710|04|27|962
5286673909952820|12|27|995
5521154007936002|12|26|972
4632252039174359|02|27|289
4283322103230288|04|28|634
4748440030693060|11|27|484
5407168835469993|10|26|918
5523021640843671|06|26|367
5239100300148061|09|27|544
4283323000881389|06|26|177
4283322116584481|09|28|021
5363470047001909|02|27|403
5488093807344911|05|27|748
5407160010231306|05|27|134
4693080249174265|12|26|165
4547502000815537|02|27|578
5520380057022713|08|29|693
5196032153196502|06|27|235
5239351002149721|07|26|785
5195980098323949|09|26|360
5405455003631666|12|26|259
4283322107964882|06|28|660
5354563110007539|09|26|054
4119110093983051|04|28|035
4794460001056835|10|26|399
4059986097755179|10|28|142
5194693010375266|03|27|463
5491862017912096|07|26|459
5224407000636494|07|26|459
4162026267572171|09|26|915
5455122801061673|05|27|628
5598881007336357|08|27|035
4693080252861667|07|27|614
4391370027726807|09|26|443
4632252031891505|08|26|535
5213061000140347|07|26|652
4292530189922029|12|28|924
4799689030908872|07|26|134
4417708200911656|03|27|385
5199010655938271|08|28|058
5129722020014670|10|26|909
5315910012136320|08|29|040
5265580024606279|11|28|322
4055995045672703|12|26|840
5196032148843051|01|27|601
5315910008450040|07|28|356
4895040515617419|12|27|491
5213061000585624|07|26|892
4628450055942826|02|27|618
4450940020754127|07|27|557
4935310227104101|09|27|731
5455126215037930|06|27|045
5491862026672145|06|28|634
4391370028965073|02|27|436
4050160231909006|10|26|386
4213890019883635|10|26|041
5363470075116777|12|29|548
4563113780058477|09|27|597
5318260035403043|09|27|211
5157216844577009|09|29|318
4293200102855008|08|28|977
5239620012289259|07|26|321
4632252041528691|12|27|049
5407169886590273|01|27|464
5404788030268909|12|26|773
4693080247480540|07|26|612
5460150032162591|11|26|022
5286671992663981|12|27|254
4784488004993615|06|28|871
4784489505876143|04|27|495
4059986092129578|02|28|469
4678940123808107|10|27|205
5524150000424142|04|27|279
4770282803480726|02|27|391
4632252049751964|07|28|250
5265580022303465|12|27|324
4284300280134480|08|26|563
5460150032278801|03|27|948
5210690538321186|08|27|093
4165981559171503|06|27|510
5157118897898805|09|26|043
5196032151076573|03|27|550
4532140432509480|11|26|427
4031494700050867|08|27|869
5271731000402678|01|27|718
5125711782682109|07|29|425
5577557196405998|08|26|283
4935310217352108|06|27|497
4902820057078778|05|29|740
5196032146743865|11|26|916
5402565000634399|10|26|133
4165985201767238|10|26|094
5264310288818316|06|27|968
4213630002922614|10|26|049
4748440287334897|12|27|197
4585816193795147|01|27|068
4922360019889836|08|27|106
5379920234239102|09|27|172
5270692405888195|07|27|923
5195980781130015|04|27|962
4283322090650928|10|27|911
4119110104602781|07|29|367
4417708200742226|01|27|704
5318260030892760|12|26|097
4848100066198256|09|26|609
5509890033215491|03|28|113
4460310038869721|08|27|170
4182384023953789|04|27|137
5189660244177534|06|27|053
5138940014828561|06|27|898
4553570208772108|10|26|602
3569890004514676|10|26|664
5530742100113831|02|27|418
5425503300480786|11|27|816
4552051008627124|10|27|942
5463180001524171|06|27|965
4748440440401385|10|28|970
4292530196912682|07|28|216
4293190003066013|05|28|118
5414963810061315|03|27|168
5491862026456994|05|28|807
4119110094372064|06|29|635
5196032149896942|02|27|123
4292530161560128|03|27|958
5222220003381386|11|27|551
4218080316715624|02|27|117
4628450059352873|08|27|758
4902817102371216|10|29|686
2228061890245479|05|27|604
5336050130477556|05|27|091
4678515004947719|08|28|959
4126118864765020|07|26|026
5210690245433217|11|26|278
4365260030177043|08|26|610
4162960191123786|07|27|387
5480950364145106|11|26|694
4890120138310421|04|27|971
4580431122211441|04|28|376
4162960195279766|09|28|474
5498341643915081|06|26|389
4162026274087924|01|27|838
5243010189724102|07|26|255
5196038000148901|02|27|581
5433115004097301|05|27|742
4283322103430144|04|28|836
4621469903820767|04|27|606
4059986088337045|09|27|639
4748442370092010|01|28|099
5199017922847888|10|26|804
4283322096426109|09|27|450
4147463001237078|04|27|557
5196032142484936|07|26|259
4611530077094232|12|26|869
5273515340706973|11|26|712
5395937719064060|02|29|123
5196032142965611|08|26|149
5414963709896490|09|27|727
4748441200166622|02|28|899
5196032155011907|07|27|426
4417704018000501|05|27|411
4366880065894201|10|27|037
4216890327513087|06|26|836
5198931200354980|11|26|231
5162400057404019|04|27|655
4165983408353423|12|26|507
4147465003576585|10|26|890
4848100077464796|02|28|675
4658877530632593|01|27|929
5196032145122822|09|26|542
4283322092785235|12|26|730
5521154003549072|02|27|538
5395937513281431|12|30|000
4585813600487830|10|27|581
5318260031169960|01|27|238
5420891100666109|06|27|966
5239100005599147|10|27|920
5298030774434986|07|26|854
5265323000157573|11|27|478
4678515003360393|03|28|946
5437619002786043|09|26|230
5577559600067802|07|26|280
4293209204882091|05|29|817
4182384023272099|08|26|598
4417708200729447|01|27|161
4645160100761860|08|26|277
5520380053900888|05|29|323
5363470062204594|09|30|854
4632252047533182|06|28|025
4201940087409906|08|26|507
5243736780072026|11|26|837
4788920017035766|10|27|218
4162982200701303|03|27|355
5428796703955852|08|27|297
4283322090946516|10|27|195
5407160009838830|09|26|664
4585821104213743|05|27|150
4283322094017322|03|27|986
5286677063767395|12|27|228
4895040578532638|09|27|468
4391370028065015|10|26|101
4165986451482320|07|27|023
5210690285110543|04|27|240
5318260031685619|02|27|401
5210690275527938|03|27|056
5315910012074604|08|29|740
4162026261153663|06|26|783
5239100005610571|10|27|374
5488093800625803|10|26|509
4632252039633909|04|27|346
5196032149167278|01|27|256
4119110094563340|10|29|951
4678515003857315|04|28|950
4162960183522201|10|28|079
4748441680477309|12|28|688
5468486990130317|03|27|081
5363480038876243|06|26|324
4215042339774700|12|26|747
4375511853708019|07|29|255
5129722024610911|03|27|427
4784488001586529|07|26|273
4848100069750731|05|27|747
4784489505350982|02|27|974
5496272025997813|07|27|911
4162026405848178|07|26|616
4799689033039014|09|26|995
5196038000141989|01|27|376
5326780011001388|04|27|725
5239351002086220|06|27|952
5265580024430944|10|28|928
4165980304383827|04|27|609
4283322081179457|08|26|973
5354562727796021|12|27|913
4303063400484808|12|26|740
4283322118664901|10|28|870
4283322088791015|06|26|468
4029236651426982|06|26|823
4848100072758242|10|27|897
4093448850562696|05|28|099
4417704017590130|03|27|407
5516192869581638|10|26|594
4162026283111046|06|27|657
4293821649014005|12|26|070
4784488004677275|10|27|570
4539669013228923|05|27|954
5410608000006893|09|26|386
5106310065961851|05|28|366
4766701004962329|12|26|811
5414963401362452|07|26|309
5218220355842593|01|27|054
5239100700460959|03|27|961
5598885020850617|05|27|999
4693080254870476|10|27|388
4693080496632247|01|27|750
5210690288643284|05|27|698
4162950108943558|08|27|135
4677851518343835|03|27|870
5210690339367792|10|27|481
4766761002061136|09|27|726
4293200007293164|03|29|258
5286679622408040|12|27|826
5286670943338263|12|27|537
4893960196375874|09|26|949
4677853510850627|07|26|648
5240405000488221|10|26|824
5199018649409515|04|27|121
4799689037339147|12|26|705
5273511545865318|07|26|463
4273520230749649|12|26|673
5338470121966730|06|27|470
5196032143730451|09|26|370
4162029200872179|03|27|917
4283322109880409|07|28|971
5395937717830785|12|30|000
4283323001677554|11|27|851
4799689037608608|12|26|976
4585825773435719|02|27|423
5401274301905993|08|26|495
5425503300528022|06|27|481
4573580490655008|10|26|812
5363470088846162|09|29|851
4303064400029189|08|26|105
4375515375133002|01|29|970
4059986083012999|01|27|256
5264711014283479|05|27|191
4934553100102285|11|26|023
4283322082295831|10|26|769
4391370013251414|08|26|198
4293200019804446|05|28|099
4283322111022958|08|28|284
5577559604336856|07|27|472
4848100076785076|02|28|901
5363480010821290|06|26|396
4678515008376329|05|29|484
5199011096737330|11|27|996
5488093708091082|05|27|760
4162960119391580|09|27|004
5181231481274257|08|27|435
5363470088738609|12|29|573
5520380056139070|09|28|821
4417704018710778|09|27|956
4786704005396329|07|26|020
5523330102137930|09|27|135
4386759010332135|08|27|966
4848100074438116|12|27|375
4220757502861546|07|27|890
5410600003981065|07|27|594
4748442120162048|03|28|785
5491862018188159|07|26|373
4201920150821864|11|26|890
4842810370148617|04|27|878
5491862022614620|12|26|666
5522283004911855|12|26|790
4659426305295712|08|26|262
4848100067626131|12|26|057
4283322093430278|02|27|275
4165983411723182|02|27|445
5354567092148526|01|27|141
5129722024034344|08|26|361
5447580915114947|08|26|358
4966230236498298|03|27|790
4632252038577040|12|26|830
4848100068345061|02|27|746
4931202106228503|12|26|514
5598881006103097|10|26|511
4909371202148655|03|27|948
4799689031168468|07|26|652
5577559603215770|07|27|378
4059986094028265|05|28|433
4712958900572744|06|26|848
4678515001981794|12|27|174
5488093802026851|05|27|741
5265580019244862|11|26|164
4895040569333608|07|27|668
5101860002134678|07|27|847
377360974311006|06|26|8905
4336920002170179|07|26|391
379185135487231|12|26|5769
5522532030395743|10|27|004
5354569706030777|10|27|726
4117080020706614|03|27|078
5203539129079365|10|26|868
4162960162543749|01|28|312
4902820012264588|03|29|957
5521154008276028|05|27|094
4059986098954029|12|28|641
4386290000100787|11|26|844
4585140012476635|04|27|028
5521152702514173|01|29|423
5210690548999419|12|27|938
4283322096809270|10|27|305
5522283004654299|12|26|397
5587021000057113|08|27|778
5395937629082665|06|26|501
5405455001402524|09|27|543
5167942770643386|11|26|878
4162950165654940|12|27|602
4059986098254057|11|28|196
5289190008034027|09|26|565
4165986442320795|05|27|726
4693080253774943|09|27|145
5497778038852802|12|26|433
5536650541349530|09|30|220
5536360869886440|02|30|918
5273511298068052|11|26|426
5418199104012005|07|28|676
4283322111979496|08|28|951
4784488009306276|09|26|130
4067160000751846|10|26|292
5354564003094907|11|27|873
4691970060682739|05|27|496
5354569731403197|09|26|169
4628450050755421|05|27|788
4421780015011620|02|27|277
5548274033510800|06|26|851
5455122800806706|08|26|672
4645160101303738|05|27|512
5536361305875047|02|29|969
4848100080268804|06|28|925
4895040527890772|05|27|012
4215042338989911|11|26|634
4165988002486834|03|27|706
4505040102355243|09|27|815
5417020008088472|02|27|023
4162950107825905|04|27|416
5196032149461705|02|27|232
4835850013132205|11|26|133
5284973112121094|06|27|567
4788670003965241|02|27|276
4700110102730654|12|26|987
5273512124330922|09|26|924
379873220091006|02|27|0516
5436232802328601|01|27|051
5491862026967297|06|28|532
5363436180433167|11|26|651
4766721001824397|01|27|707
5491862024486019|04|28|060
4540730009289738|07|27|388
5253030017942327|11|26|574
5326683020048210|09|27|273
5536650508952243|02|28|449
377361589532002|05|27|2532
5210690256520001|01|27|481
5162929848175082|01|29|282
5242420025695179|03|27|097
4315813261031007|06|29|852
4929105298649002|06|26|808
4029851110179681|12|26|527
4100410500343183|12|27|102
5521010116057595|09|26|317
5488093801499919|11|26|259
5167604650731117|05|27|149
5526457003850423|09|26|890
4119110003821730|05|28|930
4149313001229252|07|26|209
5210609326645671|08|27|418
5354568061033947|04|27|316
4539669012963108|03|27|949
4893963805457695|10|27|790
4215042303291004|09|26|449
4895040566554982|06|27|182
4283322095925135|07|27|719
4147463003643463|01|27|934
4712270021536719|05|27|775
5344420400264440|11|26|977
4405232004767325|08|26|353
4632252051074354|08|28|763
5181231481768597|04|27|775
5200969743544192|09|27|187
5354567331075282|03|27|379
4283322102132709|03|28|144
4119110104299380|06|28|289
4848100067651063|12|26|595
4216040013863749|09|27|312
5522283004289849|07|26|165
4121510010986176|02|27|832
4659445810199946|08|26|162
5599390980000013|05|28|159
5210690255426317|01|27|800
5256682106197374|11|26|252
5265580025279316|01|29|867
5264711012120079|02|27|290
5498341643459015|06|26|300
4771760381414455|03|30|518
4283322098184466|12|27|999
4585813600407275|07|27|668
4391370029097348|03|27|671
5548274045488094|12|27|434
377910378812957|07|28|5357
4460320038186158|01|27|503
4160210844853179|08|27|850
5264711036713917|08|27|004
4848100074069952|11|27|252
376317400205450|09|26|9418
4162982286130567|01|27|666
5451365000202218|01|28|825
5491862022416638|12|26|843
4188984901132184|10|27|690
5276690073220687|10|26|756
5241250900067504|12|26|605
5246893980138151|11|28|772
5354567306436691|11|27|375
4201920150941662|03|27|104
5570829410693767|06|26|129
5194690006691128|10|26|345
4165987043026591|05|27|255
5188346164415028|11|26|506
4147463004691859|02|27|323
4038750101912820|05|27|509
5243028712555017|05|27|657
4628450027862417|03|27|272
5273517313662860|09|26|721
5138920001023285|04|27|321
5210690476550044|11|27|588
4632252045893364|05|28|206
4165983409332061|12|26|809
4286090193020953|03|27|701
4632252046984212|06|28|094
5577550138946401|08|27|097
4745813911484234|02|27|833
5491862018128619|07|26|478
4720769950332941|09|26|983
4165490113464156|05|27|818
4524190603366335|10|26|548
4584400015994492|04|27|225
5366190043055272|07|26|827
5403813258350840|09|26|269
5510364527336772|10|26|451
5065072265535724|05|27|273
5506174202670353|01|28|437
5300565337841082|11|28|379
5268817086222778|12|26|322
5678374002070554|05|28|925
5833748724338187|06|26|422
5117127600586077|06|26|278
5264435561332410|10|28|788
5381566372286854|09|27|665
5654601032075635|12|26|645
5127618501421156|12|26|446
5584653510212680|01|28|845
5330557322067470|08|27|503
5821464450730852|10|26|836
5247537377522753|02|27|781
5036388204775544|09|27|637
5138657770285766|07|26|166
5107502775811041|03|27|952
5350884480331406|10|27|421
5614721036707873|06|28|853
5515575563354230|07|28|633
5507331380772042|09|28|869
5021271340868521|02|28|618
5068158232372254|11|26|778
5125541242760165|12|27|584
5704077288258557|11|26|804
5463776128324468|11|26|727
5862312356758685|02|27|407
5752555340625435|07|27|887
5544604153003323|05|28|739
5517140077717741|06|28|878
5124642163376857|09|28|725
5764822405047038|10|28|124
5631332281136575|05|28|583
5453221550335403|02|27|926
5312234825746172|10|28|883
5730468618126010|06|27|902
5678004566103018|11|27|811
5255508352152048|03|27|508
5236637182625602|12|26|901
5458200618117404|11|26|927
5434272257726703|10|26|730
5370273454845052|10|26|566
5750363455521131|08|28|249
5380880864201466|06|28|575
5734386313576857|07|26|414
5786552702561266|08|26|290
5654186505848304|11|27|415
5527787587181632|06|28|843
5813182588225740|12|26|420
5632162554234610|04|28|336
5672282011546066|08|27|700
5214157475657242|04|28|165
5184511623600676|07|28|358
5125100768526813|01|28|639
5133225846065300|11|26|665
5171178043581160|06|26|147
5270652615477015|12|27|175
5602718360144065|01|27|259
5471758733861258|10|27|681
5262104257053068|11|28|611
5606224466832055|04|28|503
5608637145240408|09|27|793
5510100762005676|08|28|908
5357764207373183|09|28|528
5450370271023476|09|27|162
5227504584177056|09|28|811
5284318843380215|10|28|349
5051270145134801|06|28|197
5146132476358655|08|27|952
5511770875031113|06|27|656
5060147650817138|09|27|239
5188573034251412|11|28|413
5787162510640408|06|26|924
5526025787868117|09|26|433
5801482532250727|05|28|997
5683716482703125|06|26|840
5140540866864338|09|26|698
5633024830230144|11|26|856
5086461465866382|04|27|974
5576271778485250|10|27|599
5787644816718186|02|27|367
5225185364723764|09|27|258
5075010444243107|12|27|800
5436422625343180|08|27|570
5747560015362486|05|27|938
5511485627658424|10|28|809
5035362677558084|06|28|420
5418680463461040|10|26|878
5881751544355622|07|28|908
5447608243761426|06|28|843
5537353240188767|05|28|298
5251513348172344|11|27|169
5754137152576267|06|26|200
5481410143627683|08|28|538
5727201653772785|12|28|650
5743074068723663|04|28|623
5837611203654001|09|28|655
5876870878545884|05|28|721
5526314117518414|06|26|224
5283433567805866|08|26|629
5803664187346714|02|27|814
5522660537560772|06|28|552
5102780043615882|01|27|937
5502637610701824|12|27|729
5843237014672818|10|28|949
5687336552643444|07|28|912
5533714674703187|02|28|192
5767804114673178|09|26|359
5872771702062431|05|28|577
5146080455021242|09|26|472
5501018481443112|08|28|808
5621513418536215|12|27|929
5237734776223628|05|28|458
5532177208080731|05|28|190
5578377186006774|02|28|563
5850375255370021|12|27|898
5206018522842684|11|28|169
5635573856580111|10|26|459
5103610514527853|05|28|814
5072738518400053|10|27|792
5238743381143815|07|26|906
5162826611218745|10|27|369
5626660334873886|07|28|843
5162181618682034|12|28|861
5061558756865681|05|28|215
5538800603325443|09|28|684
5610278258162687|02|27|876
5122463780736825|03|28|906
5612751241443032|09|28|382
5846581077800445|10|26|708
5816684831751502|03|28|764
5666045442784111|09|28|648
5683036434483746|07|27|914
5777474466780126|02|27|811
5846868361434076|07|28|380
5610147522345628|08|27|462
5478027711480132|06|26|705
5135406325758346|10|28|615
5431700340280638|03|28|419
5476354115643145|10|27|184
5635465685184324|06|26|194
5051051483800702|10|27|353
5857757603871508|12|27|251
5026261674715161|11|28|339
5366134814202135|02|28|570
5648738638765828|08|28|661
5761202866885601|11|27|960
5830740784367142|09|27|152
5167733458701137|12|27|483
5720072762541537|05|28|774
5661584808747101|11|27|189
5241456516236033|10|28|171
5031243351201544|06|28|548
5345361581071031|07|26|210
5332632206815753|10|26|140
5774347575707425|10|26|972
5018286835216445|09|26|271
5887460378033206|11|26|635
5774133883081756|11|28|263
5438485624082131|11|27|269
5770520822777110|06|26|396
5236543270873320|07|27|522
5185601336067476|09|27|743
5408846352384468|09|27|276
5731863411215888|09|26|541
5368873264276770|08|28|182
5520371704268866|12|27|395
5067411134381746|08|27|923
5848308076382250|01|27|840
5104328847743852|03|28|804
5131733677146554|10|27|736
5165765632671366|10|28|399
5857883376283463|10|26|478
5557066208053204|02|27|494
5713813423888166|03|27|756
5443700377328116|04|28|695
5430451328104132|03|27|393
5858372507412240|10|26|439
5352215323080017|08|26|263
5075247834082865|10|27|533
5818174128486325|03|28|358
5441482702606100|03|27|781
5785430245050165|07|28|915
5585206416122005|11|26|950
5310160031786581|11|28|461
5135163830581263|10|27|871
5433616824200678|01|27|789
5400678440602116|06|27|919
5524313276635144|04|28|602
5101787436506702|08|26|231
5215576717030620|02|27|516
5103730286235186|05|27|644
5754440245052548|07|26|546
5724328305554262|08|26|784
5454321110255023|08|28|770
5175067823171415|11|26|197
5448487374844163|07|26|221
5568702181861117|07|26|729
5024867570588304|05|27|356
5324765183531231|04|27|420
5058845100578184|10|28|347
5201847385815436|11|26|117
5422077475307887|06|26|824
5201310377370464|04|28|137
5554144257742606|03|28|903
5331261417126635|08|28|203
5223271387446658|09|27|130
5443646788267163|10|27|849
5184524417712631|11|27|840
5317701703225573|08|28|344
5444442665406838|10|27|142
5843465384746884|11|27|547
5248428570868335|11|26|715
5657661100160765|12|27|646
5370622780016012|05|27|651
5366051356613125|12|28|747
5585372630720410|11|28|406
5776828204844117|01|28|162
5151608823670175|04|28|223
5856314024580317|10|26|209
5566868028607112|10|26|770
5321150821624107|10|27|247
5628886443428035|05|27|180
5776827216362381|08|28|642
5710887303845283|08|26|699
5101614874000636|12|28|269
5565048188616374|06|27|843
5123305134637317|07|28|127
5682324616804504|01|28|732
5871450331324808|09|28|787
5785514315138768|09|28|979
5170452235465636|03|28|762
5362345056654320|03|27|936
5042073117744108|01|27|268
5727577338587163|09|26|501
5210835061515833|07|26|380
5636332854531322|02|28|605
5246440882632657|09|26|460
5753704558375767|11|27|207
5623244886855436|04|27|787
5020838873303547|10|28|535
5520212301021318|11|27|582
5738524517285000|11|28|582
5403237035346451|05|27|316
5823560608484520|01|28|155
5574650171630756|03|28|401
5420478035133460|05|27|194
5670368852816874|12|28|460
5404377777416168|04|27|235
5608725165247401|02|27|199
5876158037336563|10|26|915
5856307163188637|02|28|207
5501853675100502|02|27|176
5382406831307885|06|26|351
5718364705630632|07|28|383
5272063751211234|02|28|650
5333300624335213|04|28|806
5756683330681816|02|28|302
5588473547043487|06|26|533
5053250485265306|01|27|681
5588341733135708|07|28|452
5413454651085127|04|27|659
5764122673121858|12|27|860
5483625747732302|10|28|914
5464427172667621|08|28|239
5587588711224620|10|26|787
5653166485868127|09|26|486
5807327202802345|06|28|309
5323675045336656|05|27|433
5671332857832400|08|27|378
5628577554267326|08|26|927
5211253138870588|12|27|956
5020074587730383|06|28|328
5384617685658458|07|27|420
5638703336267362|12|28|941
5088782156584226|08|28|541
5355484516222367|11|28|496
5715801872820036|03|28|934
5600671164711617|08|26|453
5815135855051205|09|26|743
5248182636572213|08|27|153
5288707748661453|02|28|159
5430540575224765|06|27|891
5583675820676438|05|27|903
5660488850622066|10|28|525
5243614153445451|06|28|668
5874334760526124|12|28|764
5845808524010315|08|27|781
5147336108462715|05|28|546
5272854476130323|05|27|267
5246543258851247|12|28|476
5847080251827554|04|27|578
5078305686650846|04|27|823
5734755437101687|02|28|427
5377125608875471|04|27|801
5017538120121602|10|26|613
5815421881261483|04|27|622
5404028214432785|04|27|763
5761500255613140|10|28|611
5168272127800136|09|27|956
5876155743166706|09|26|495
5331638107632354|07|26|866
5113348718270073|04|27|293
5165288846016286|09|26|646
5048467148367356|10|28|458
5208182516718561|05|28|719
5116612068243270|09|26|711
5621675307170008|06|26|198
5013536386283722|11|28|763
5342241671222632|06|26|864
5642528167671208|11|27|313
5303014441528563|07|28|211
5374703460476555|10|28|297
5837883333645684|06|26|998
5241824061173283|07|28|642
5114150243157588|12|28|342
5841246477647425|01|27|287
5330411132208322|11|26|994
5272012513502430|06|26|861
5085706154830003|12|28|358
5132501042326451|09|27|211
5113686488058347|03|27|838
5562828621713455|08|28|667
5400376317416203|04|27|589
5001106640040245|05|28|399
5614780577435716|11|27|563
5623048423256051|04|27|418
5081743151688823|02|28|650
5244624883305411|11|26|159
5267075621814515|10|26|862
5034671174773306|06|26|457
5256684604855875|04|27|396
5170250568488153|12|26|842
5874215202562811|03|28|675
5071702634145225|06|28|889
5175805731025037|12|27|823
5714753674608385|06|26|160
5284055230540627|10|28|669
5863615418756763|06|26|119
5638243640431032|06|26|138
5234824687612283|09|27|790
5664030813576686|12|26|555
5700148821240321|04|28|361
5204463070144236|05|28|662
5271148721072153|02|27|635
5536648038724348|12|27|790
5630113363221480|05|28|222
5225658747266735|11|26|147
5186080511261288|08|26|468
5440065157227620|10|26|234
5057622446088868|08|28|356
5304756062071286|12|28|671
5535462247410165|01|28|916
5020147037664137|03|27|823
5668652826443285|06|28|499
5008754033028583|12|27|131
5281800568860284|07|28|272
5164128181776006|06|28|140
5835765188224271|01|28|191
5285562005322676|07|26|566
5058602104624047|03|28|176
5551730424111635|10|27|828
5453412820327235|11|28|435
5711278101531011|01|27|786
5248135447840674|05|27|268
5685820804628834|07|26|840
5887033632684518|10|27|184
5565471238327182|11|28|847
5262812384304432|09|28|755
5368828423166544|12|27|996
5376765148063814|11|28|151
5355187086453573|06|28|479
5384654241050417|07|26|497
5064381221886381|06|27|640
5046455315728684|06|27|724
5527352300727623|06|26|791
5643473037612646|10|27|735
5632184650776153|03|28|841
5803867608784823|06|28|745
5878006365134456|06|26|520
5776777818012787|07|26|689
5532017825304454|04|28|831
5006250045825084|10|27|396
5771343413417205|11|27|975
5324047861703634|11|27|711
5127453200378030|12|28|791
5621685608644734|08|27|200
5710406561180034|07|28|670
5312277232432282|06|28|186
5040210565462658|05|28|923
5052762842066871|08|27|931
5600486882551645|01|27|602
5000623017733427|10|26|455
5027003167453564|11|28|271
5010856214785802|03|27|877
5843415434722112|04|27|529
5081847452116333|11|26|617
5876554437327535|07|26|758
5606041626068465|03|28|591
5815452856871717|07|26|688
5355188471237183|07|27|132
5085502587721525|12|27|620
5506854654312501|02|28|465
5721466044407138|07|27|614
5850103555011354|11|28|198
5164415314605628|05|28|394
5663020324148860|04|28|672
5511032523524175|06|27|883
5442126827570142|04|28|610
5538330222438336|12|28|998
5534404254351784|05|28|748
5100277678803224|05|27|571
5227608372308508|12|27|725
5711134861286660|06|27|343
5664320000767267|12|27|686
5865768042207840|12|28|713
5784027783130671|08|26|434
5806471840715443|05|28|574
5505737046203317|06|27|797
5272432080448132|10|26|840
5351186772386620|09|28|797
5845311738225647|12|28|777
5183162625283854|06|27|248
5566611850465831|01|28|604
5636120160676711|11|28|578
5457324517684511|04|27|388
5116156611560525|10|26|164
5742638680742714|03|27|376
5533244602440736|07|26|310
5715140037256376|05|27|470
5364286620837140|12|28|402
5158671777806800|02|28|752
5870742244155621|11|28|633
5168538014125054|08|28|211
5158665800322272|09|26|498
5081380471134673|12|28|965
5881403388207044|01|28|172
5246685324757625|07|28|223
5056372224226873|10|28|321
5434504815657016|02|28|176
5643802822187648|06|26|966
5758214701883308|10|28|931
5334412151853416|07|27|198
5740855072772750|12|26|228
5611316761204783|01|28|933
5170882315745384|08|26|476
5173075480415324|02|27|730
5671548230642238|07|27|127
5106437773484700|04|28|555
5340235162648034|12|27|530
5662482456722451|10|27|358
5853154684233200|11|27|218
5824633088871463|01|28|737
5450630651083238|12|27|566
5762630020621075|07|27|164
5202251148031747|01|28|731
5422615241644636|10|26|886
5116341423403417|08|26|266
5528057878781501|07|27|204
5843482604311035|02|28|559
5664022363521360|01|28|301
5344237756784171|12|26|980
5377233475025038|05|27|636
5767163545841148|04|28|405
5330618883565276|09|28|903
5007067224620840|04|28|961
5687175565612701|06|26|202
5215730888233733|09|27|228
5046566431238836|07|27|684
5385352832488182|08|26|417
5866363711711345|07|26|900
5642253678867241|11|26|348
5128362746253822|09|26|536
5776645875007802|12|28|260
5237605710733858|06|26|388
5314737754776885|06|28|289
5006422655483005|05|27|245
5007352037005581|12|28|811
5308014631375283|03|27|427
5120244286560113|12|28|392
5842084056134260|11|28|255
5105305177151426|06|28|115
5548072005823643|02|28|435
5530411864738254|03|28|286
5835457682606803|04|27|588
5375547103828030|12|27|757
5736761787305165|01|28|229
5145142426002668|03|28|330
5848140834803404|07|27|749
5701480268621161|08|28|218
5378552073433040|11|26|515
5480878676032854|07|27|870
5688607773773247|08|28|714
5316721687732718|08|28|704
5506213244644024|08|27|210
5101467405665058|02|27|907
5416035423378721|07|27|266
5122632548802000|07|28|934
5727420888383412|07|28|183
5214866465322621|07|26|133
5576344305564523|10|26|477
5023741363627804|12|26|614
5310610465763860|04|28|472
5613704117660451|06|27|642
5286626638008553|02|28|813
5874674782800803|03|27|889
5113042130288512|08|26|667
5844510822806458|12|28|361
5780057866751865|09|28|525
5265035521178678|07|28|754
5642634338733222|02|27|663
5373048276204812|02|27|751
5075244624334564|02|28|843
5646802086144134|07|28|268
5420688345444031|11|27|343
5308257735844866|12|27|429
5518431521000357|10|27|317
5372303337200833|01|28|474
5546741851170331|09|28|335
5476010163512257|02|27|779
5565484107175244|04|28|261
5026678502777776|10|28|379
5361726542501012|02|28|653
5010288776328500|08|28|498
5562220442286137|12|28|785
5616513202370174|11|27|267
5830612745467453|09|26|317
5115478261688047|11|27|478
5371166824424773|08|28|699
5681650323341666|10|28|940
5074452474884478|07|26|491
5527412665662771|05|27|125
5168880547033383|03|27|128
5283825261236803|11|26|329
5025330650437420|03|28|799
5442446432663227|07|27|361
5723026734334485|11|28|581
5106881401278085|07|28|897
5534187336341127|04|28|310
5108454162408487|07|28|423
5885448500366182|06|28|428
5544457135537581|09|28|193
5134608832651408|10|27|821
5007200376138861|06|28|708
5674074446465568|06|27|665
5165447472320038|11|27|877
5755411276220600|03|27|177
5886528248570002|03|27|336
5645172406114253|08|27|137
5645532331380263|07|26|262
5681181303001138|09|28|397
5600203040056031|12|26|754
5543008677585271|06|28|799
5183608783708066|01|27|472
5378670057877733|02|28|583
5578108418873610|12|27|769
5573763131557836|07|28|970
5705530466164061|12|27|992
5426538432686115|09|27|371
5085641633603384|08|28|349
5348880550660026|04|28|114
5408434461026005|04|27|710
5348626534431632|12|27|754
5162175440418542|10|28|770
5748421103440487|07|26|462
5834548588538412|09|28|847
5257241124021857|08|28|126
5825261813702867|12|26|393
5566471084613742|08|26|976
5424442404658602|11|26|312
5550063377665071|12|28|729
5167866504162522|06|28|130
5567187844587070|04|27|866
5224324113136173|12|26|216
5586254666246701|03|28|662
5631331574482027|12|26|837
5381584238513668|11|28|120
5886666760477840|03|27|381
5500413243731063|10|26|613
5214610231555480|08|27|732
5200048871318636|08|28|528
5855876557130018|06|27|548
5851143817633230|03|27|271
5770217456023230|06|27|309
5005857004661341|01|28|667
5105725521784780|09|26|909
5120200762237873|06|27|429
5450031631643714|10|27|288
5218717178648628|09|27|546
5127548217044861|12|26|804
5061447544174756|06|26|844
5614356588468226|03|28|533
5837102260785862|02|28|636
5217378767588682|04|28|357
5384856841204076|12|27|235
5710727124855246|11|27|719
5453657681423636|10|28|118
5585576051578111|06|27|663
5110881506345346|01|28|624
5371380716800145|06|28|553
5405212244048378|08|28|624
5410131507580864|08|28|424
5688853320662307|12|27|150
5826480527342385|04|28|625
5735410708654605|10|28|453
5830537256787124|08|27|398
5342674426448476|10|27|692
5115156073822141|02|27|143
5024614666104830|06|27|583
5533576110873787|04|27|319
5050082824546283|06|27|276
5010107317343762|08|27|698
5338852020080376|10|27|622
5812422613135816|05|28|960
5572878173254638|11|28|710
5817708856444617|11|28|230
5584838820222558|05|27|896
5648783817637323|11|28|943
5003080313301705|08|27|222
5126020551726876|09|27|941
5545782545810701|04|28|753
5557725535087488|11|27|456
5017021647457452|12|26|958
5533612658757056|12|28|657
5524204417304270|11|26|337
5228408448027516|05|28|473
5485783107367843|06|26|344
5888666152110304|04|27|203
5040311273463002|07|26|674
5817817571266518|06|28|440
5448637553456532|10|26|647
5048334224261673|06|26|241
5834484328857435|10|26|212
5723000115650512|06|28|342
5203767648800017|08|26|967
5887834175676518|08|27|618
5234405188317224|10|26|804
5644543620671578|04|27|279
5448517626483368|08|27|579
5883045807562786|12|26|235
5317704203517671|10|27|807
5572080337243231|09|27|464
5621567503302180|06|28|602
5640735560633782|12|28|732
5157887736216565|08|26|191
5682165508174146|12|28|448
5528676273278100|04|28|320
5601300107705432|04|28|688
5101386523452068|05|28|641
5138117102013048|04|28|179
5125163503868510|07|26|253
5368645026265261|02|27|910
5325147661687588|08|26|933
5568882128005836|05|28|537
5156631274181380|11|28|912
5377265878024176|03|28|147
5001621726541825|08|27|178
5817121006622118|07|27|666
5880671673070183|09|27|369
5743482885866476|12|26|846
5158712773673537|09|26|408
5882588274584768|08|27|696
5066717240574177|07|28|844
5527328750660704|03|27|164
5102544361341533|07|27|911
5672484138150885|12|28|933
5700241065307383|11|28|833
5321362235220576|04|28|847
5271888453038852|06|26|990
5220740386387611|07|28|424
5583641480831184|06|28|876
5128003833324643|05|28|599
5405382286225380|02|28|612
5635737758614100|09|27|793
5445700536500207|05|28|380
5567750330183025|06|27|512
5011812377516541|07|26|590
5466613783044551|06|27|761
5082811056352347|03|28|294
5773153277034865|09|26|548
5206584667636413|12|26|748
5615143801358486|10|27|909
5154858110640632|12|26|883
5581124180325700|07|28|603
5518003573520838|10|26|243
5675141812282122|01|27|226
5462054367414304|03|28|143
5312362605187521|04|28|593
5561815811112623|05|28|144
5222778147845624|09|27|154
5766317717502513|04|28|152
5647253553280705|10|27|689
5630581241474200|04|27|292
5830325231786365|08|28|514
5431352211057578|07|26|450
5862560725044365|09|27|834
5312576443777140|02|27|190
5406415611057406|10|28|548
5721706767236481|05|28|169
5037664104221444|12|27|332
5531822582656710|09|26|201
5830686742014831|03|27|937
5222600186811640|09|26|292
5483248601525355|12|26|174
5772316500221200|06|26|394
5286701546026078|11|27|187
5333375816176815|12|28|971
5146710124638204|04|27|826
5028033541830533|11|27|306
5752663431468002|01|27|741
5168875844856528|03|28|220
5528527715833830|10|28|675
5545828755080301|08|27|373
5742045264668002|04|27|595
5052038640482267|11|28|440
5665086334262262|09|27|839
5648536876061383|06|27|126
5320278636102281|01|27|634
5253514350714518|03|28|543
5315172215058237|12|27|287
5361753547451555|09|26|786
5708147221528501|05|28|918
5562213167687142|12|26|539
5208211886370354|12|28|788
5728270510703167|08|27|156
5124722126653400|01|27|316
5275031575440385|12|28|717
5825831845835610|11|26|946
5361474656143236|08|27|946
5478206128806150|11|27|566
5851330563711027|07|27|157
5806524887350167|06|27|710
5130743270807735|09|27|892
5544860577647505|09|28|260
5716244867120220|09|28|325
5361818148835140|01|27|234
5348185523873833|12|26|545
5552341433540274|08|27|712
5864001516040526|01|27|695
5627662074510784|10|28|774
5373250644760737|01|28|741
5325815186237515|01|28|278
5151784253581701|06|26|748
5764558121221735|04|27|694
5615564243822542|11|28|643
5323618471863884|08|27|643
5432685302853630|03|27|991
5434731888806812|11|26|833
5207626401014487|09|27|212
5331524661888311|11|27|803
5248055435323071|08|26|878
5851153343564643|06|28|252
5671142681401813|12|27|831
5217327436040666|05|28|751
5408735837643871|11|28|376
5665442453703620|09|28|442
5126717338617761|04|27|768
5470250715050242|10|28|560
5211410028368012|06|27|163
5706233715385525|05|27|254
5108251023022378|07|28|285
5186872000570868|09|28|833
5264082011004510|06|27|346
5121646148432472|02|27|589
5820240083614155|06|27|586
5610628163167660|12|28|186
5322243871677460|09|27|130
5457174624347258|07|28|925
5540574830278818|10|26|515
5600120817650277|06|28|673
5764568665474236|04|27|947
5273602000284507|08|26|554
5856315415672431|04|27|292
5181735263765258|01|28|140
5124007744647343|02|27|116
5417401754388763|11|28|306
5426222120473736|11|27|972
5048672324065662|07|28|138
5718050422117124|10|27|804
5805180301244865|12|28|825
5164362864720086|10|28|506
5708673320772757|01|28|247
5724345055828746|12|27|998
5453408005557877|09|28|273
5746402432442727|11|28|570
5600634026221886|05|27|841
5130624774883630|07|27|229
5800132007577317|05|27|550
5134270375863872|05|28|739
5373374875077361|10|27|288
5171763017852786|03|27|616
5718287685185741|02|27|861
5521673701732508|06|28|817
5027705170754172|01|28|809
5580326582805111|08|26|948
5017756164182252|10|27|648
5247188587067773|08|26|828
5326145851810076|05|28|916
5680128372781356|05|27|424
5353570244457846|05|27|864
5032820707854586|01|27|424
5614543814085425|06|26|404
5134118266521812|08|26|668
5256650134013806|06|27|743
5262066040506522|01|28|919
5854050276710473|12|27|774
5557000882333343|02|28|650
4575325677296483|03|26|171
4575065587219908|10|26|244
4575218484804047|06|26|388
5255319886797542|08|26|902
4141343975997871|04|26|501
5276095441937642|08|26|657
4575720572170637|09|26|363
5057629655656632|01|27|762
4141285397657114|02|26|435
4141715715707290|01|27|860
5057213008452401|10|26|727
4181946285755390|02|26|176
5057808546633782|02|26|119
5276765800710943|12|26|633
4575118542188989|03|26|838
5189135231918604|11|26|860
4181839725126837|09|26|653
4242645691622395|07|26|698
4242138075227478|04|26|678
4575537338822834|07|26|906
5255198481410325|09|26|204
4242085353126221|03|26|516
4242862281404460|11|26|811
5276828881716757|10|26|857
4141899035949905|04|26|179
5057244556777477|12|26|951
4181107792110567|11|26|222
4242362191906241|01|27|225
4181159659751538|07|26|490
4575135102281111|10|26|811
5189549697449799|04|26|260
4141225865469998|11|26|884
5276202008124479|08|26|606
5057990133337835|01|27|245
4242472394252473|03|26|238
5189725644604542|03|26|880
4242529311913881|09|26|740
4575201957960769|06|26|912
4242286629121893|07|26|752
4181915618528253|03|26|508
5276458093009997|10|26|385
5057319169745028|07|26|718
5255649899415520|04|26|229
5255566231148595|12|26|235
5057701301283663|01|27|375
4575038468394058|02|26|285
5276475658315320|02|26|275
4141118425557867|05|26|356
4181838364368023|03|26|411
5276119959575519|11|26|360
4242536748041129|07|26|249
5255559108054285|10|26|822
4242275530433935|01|27|952
5255025080903964|04|26|476
4575921160959627|09|26|343
4242141242418541|12|26|313
4141277914859695|10|26|338
5276491382899240|03|26|798
4181251153933652|11|26|380
4575868999542589|03|26|163
5189867570404917|10|26|241
5276203910883780|04|26|349
4181862597425103|03|26|870
5057331585343767|03|26|466
4181070319376295|04|26|427
4181842398413185|08|26|252
4575755669740066|09|26|194
5276948162690164|12|26|234
5276534554237168|10|26|770
5255990106235099|05|26|760
4575449535600643|06|26|220
4141420143253229|12|26|133
4575868862239990|04|26|873
5057302256386773|03|26|140
5276917188206719|11|26|971
5276139873946620|03|26|797
4141772755181084|04|26|146
5057609408660420|12|26|304
4141665996459550|12|26|424
5255266105592925|01|27|514
4181899937905865|11|26|657
5255347650751064|03|26|769
4242223268877600|07|26|154
4575000169953871|02|26|112
4242170436106216|07|26|530
5189894292192026|08|26|168
5276840676327294|06|26|370
5057048870778925|08|26|373
5255494276732365|02|26|223
5255384451192495|11|26|935
4141986549784637|12|26|531
5276560608122361|08|26|703
5057508227237578|04|26|484
4242051468847788|07|26|673
4242135210278085|04|26|626
5057135401707679|02|26|264
5057665255734262|11|26|592
5057487813936010|04|26|761
4141479075522068|06|26|138
4181921241832831|10|26|790
5276176607574575|02|26|600
5189361024185405|10|26|824
4181529771978583|07|26|897
4181146592170215|12|26|551
4141519929976133|03|26|370
5255017837527550|10|26|188
5276876806212899|10|26|300
5189362740553264|03|26|912
4141097561567395|07|26|689
4141182489989226|11|26|917
4242795429536100|08|26|522
5276835242567407|08|26|317
5057406934091505|08|26|883
4141960220495573|02|26|254
4575164042377235|09|26|912
4181140237166118|01|27|986
4141699434296464|04|26|255
5255236499651769|05|26|192
5189486317168295|06|26|285
5276664978863412|05|26|188
4575819001646843|08|26|446
5276644143738426|02|27|395
4181456580885967|02|26|352
5276768549011169|09|26|344
4181953364521933|06|26|547
4575067778357547|11|26|436
4181790770766441|09|26|758
5276443654365681|08|26|938
5276520484367837|05|26|773
5276510080905825|07|26|595
4242999565183038|08|26|586
4575336659230465|07|26|639
4141424213165958|10|26|343
4242274543014659|08|26|915
4575976648958971|02|26|568
4242354964287974|07|26|465
5255787729474067|11|26|663
5276151438522135|06|26|502
5057201487950193|08|26|545
5189788694611288|01|27|923
5255213524376266|12|26|387
4575039665987686|01|27|497
5189467847768648|03|26|255
4242178106059045|12|26|356
5189378084685926|05|26|174
4141463805962687|02|26|761
5057069377658121|05|26|499
4141475173789633|04|26|994
4242841285059660|06|26|364
4181971127428337|01|27|418
5057375887704705|03|26|184
4575811294372658|11|26|547
4141945071724056|08|26|265
5057023666702876|02|27|334
4141067553204851|02|26|287
5255249808531036|04|26|197
5057993204680968|11|26|278
4575596925501250|12|26|310
4575891146170310|07|26|658
5057412849863749|05|26|902
4141441543547622|08|26|658
4141033460713806|04|26|476
5189888581847183|01|27|548
5276469874921755|09|26|343
4181794262116859|04|26|143
4181844512241971|01|27|926
4575848503684200|10|26|629
5189992449188804|09|26|645
4575838423241199|08|26|214
4181369948094182|10|26|413
5255643795472297|12|26|455
4141418419990904|07|26|249
4181260772315258|10|26|105
4575034906865254|09|26|841
4575404931398615|12|26|924
5255641397398464|05|26|450
5276903591582656|12|26|671
5276223424244865|12|26|481
4242105436943879|05|26|264
5255995160776482|02|26|703
4141273812466337|03|26|825
5255915096446935|10|26|394
4141202514371313|12|26|449
4181626464248512|03|26|773
5189880601024398|05|26|521
4242272130535292|08|26|220
4141033437022141|06|26|968
5189219228364954|11|26|659
5276240860484474|10|26|615
4242873765985296|10|26|984
5255075672689422|05|26|627
4575603742126061|04|26|564
5255930294034185|12|26|420
5255364552764137|03|26|987
5276886018011534|04|26|832
5189972128277763|01|27|901
4242344934654171|02|27|652
5189534878284538|08|26|587
4242545227475757|02|26|838
4181817534633532|12|26|128
4242914304205489|09|26|761
4181048727402549|02|27|986
5255425366376929|08|26|811
4141831978112597|01|27|630
5189781618679200|09|26|514
5255075248246103|01|27|988
5057148223396647|05|26|502
5057038363891806|11|26|455
4242715966179247|07|26|328
5255985681196583|01|27|139
5057166785534876|07|26|197
5255913494801348|06|26|760
5057513731031673|10|26|793
4242412485771197|12|26|884
5276633095076042|03|26|764
4181574607922074|08|26|467
4181961473584478|10|26|882
4242228731759491|12|26|732
5057523547169542|09|26|561
4141057762123646|09|26|971
5189771354104935|09|26|236
4181433024333334|11|26|577
5255366588725362|01|27|417
4242480008183836|06|26|747
4575617941799791|07|26|501
5276522919281740|02|27|636
5189407797359600|08|26|445
4242756501296336|09|26|269
5057845581545810|08|26|580
4181106372678969|12|26|394
4575002194430081|06|26|625
4141729750529337|07|26|218
5276417863256311|02|26|646
4141313694126748|05|26|822
5255718739015459|12|26|223
5276562206860707|06|26|458
4181820333863342|01|27|302
4575633614713845|08|26|685
4181629299701853|05|26|671
4575925611813093|04|26|114
5189844573139899|05|26|450
5276595741910033|07|26|103
4181281359202297|03|26|249
5189280948311618|05|26|715
4141020629439217|06|26|459
5276246262182186|09|26|431
4575504375170709|10|26|839
4575871534976288|06|26|370
5276068618931441|02|27|677
5255683419815422|08|26|342
4181012494294976|03|26|959
4181520736810060|03|26|551
5255930180327909|10|26|639
5189313551180184|11|26|709
4181319127980115|09|26|831
5057250815981636|05|26|269
4242356803536438|09|26|954
4575869544118990|10|26|769
4575546217960169|08|26|480
5255365211909336|07|26|338
4181716191032667|04|26|132
5189829961580580|02|26|943
5276420531018923|06|26|170
4141226338864179|09|26|226
4575092512690250|10|26|224
4242725177542273|11|26|937
4181489095818033|09|26|858
5057052389273212|11|26|667
5057390554681334|11|26|639
5057861276118904|11|26|700
4242520720788113|03|26|520
4181658173460351|08|26|991
4242135055021293|11|26|142
4141362580188221|02|26|395
4575748194508900|12|26|956
4242300858352267|08|26|571
4181197918225308|04|26|824
4242961152205426|11|26|944
5276952287256612|04|26|690
4242246627576647|07|26|856
4181347574974273|06|26|169
5255319622464183|03|26|600
4242072503668146|04|26|818
5057656371604455|06|26|514
5276274685144724|09|26|651
5276139229001666|03|26|253
4242562069202371|12|26|106
4181489287115263|06|26|384
4575782480736107|06|26|599
4242553852134905|10|26|190
5255546485631835|02|26|555
5276261599405572|11|26|313
5255880995846272|08|26|631
4242916801136943|06|26|900
5255491216936205|07|26|941
5255785649265656|05|26|592
5057947951795353|08|26|193
4575416650648368|10|26|551
4575238407753600|07|26|315
4181474547751677|03|26|987
5255490638835045|05|26|540
4575867257462191|10|26|944
4575731890284919|08|26|180
5057351075325256|05|26|663
4242851086552276|03|26|634
5057978834110452|09|26|284
5057421589468841|10|26|108
4575584128241445|02|26|698
5057005399433085|07|26|327
4575671882523918|07|26|616
5057758677340253|07|26|521
5189061479719415|03|26|561
4575612626357957|04|26|414
5276922688368662|10|26|539
5189718038164595|01|27|691
4575148887082984|12|26|860
4242557289273376|06|26|667
4242199649156502|09|26|778
5255009366962407|01|27|976
4181999442319501|01|27|356
5189933450648138|06|26|777
5189530814157440|10|26|933
4181785661379676|04|26|120
4575758043302769|12|26|885
4181937825083716|11|26|144
5189923016856747|09|26|230
4141591871485413|12|26|546
4575435410442086|06|26|735
4141605162515876|08|26|840
5255264050055725|03|26|345
4242889726523695|02|26|101
5057196324217576|09|26|320
5057708153611404|11|26|433
4575036635714448|05|26|692
4242109506595759|03|26|574
5189472485044435|03|26|249
5255786557932774|02|26|612
5255006562367621|04|26|888
5057376822116617|12|26|645
5057192324777446|04|26|233
4181610042322312|10|26|623
4242075354756316|04|26|759
5057490897419986|02|26|667
4575485979213329|08|26|670
5255926955049496|09|26|989
5276703525451717|12|26|988
4141951221748268|05|26|662
4242958263910076|12|26|171
4141895084775217|07|26|654
4181015219551497|01|27|297
5189471812090822|08|26|749
5255226039705233|10|26|545
5276633928038078|08|26|775
5276126989894125|09|26|154
5276803951124265|10|26|388
5189154688227856|07|26|700
5255810955633733|09|26|736
5276965299097329|07|26|357
4181563517242160|04|26|587
4575694981634030|04|26|791
5057921989263478|06|26|198
5057854807978052|02|27|291
5057717770691020|01|27|204
4141445333659133|10|26|500
5276207489201530|08|26|563
5255782769719638|04|26|100
4141847896650245|12|26|660
5189661368069705|12|26|140
5276580047468092|09|26|651
5255254998155745|06|26|410
4181661454888571|12|26|626
4141185607582385|10|26|848
4575134494256260|11|26|894
5276897025379293|04|26|497
5255194472434564|02|26|120
5255107771860982|05|26|473
5189425554010497|09|26|180
5189865045309620|09|26|836
5255693429494464|09|26|963
5276889603870132|03|26|802
4181111864877590|07|26|717
4242547974574089|03|26|796
5276701281385798|10|26|674
4575980968553883|11|26|259
5189618301684453|09|26|975
4575574567290698|07|26|386
5189270060679280|11|26|278
4141572942861816|03|26|416
4575243455560022|05|26|181
4141132252949493|01|27|244
5276052616351760|02|26|271
5189685058203233|08|26|920
4575472445535592|05|26|356
5276074457746619|03|26|126
5189255440512517|05|26|878
4575488585654019|12|26|419
4575538691667808|09|26|235
5189240770598302|09|26|628
5276302032027860|05|26|808
4141292922592329|07|26|470
5057199660945768|09|26|196
4181567007681696|01|27|881
4242431666136707|08|26|990
5255130257186862|03|26|493
4575342746657827|05|26|999
4575608843171106|04|26|900
4242771137267668|01|27|705
5276236760613832|02|26|765
5276201514276138|10|26|121
5057164796284243|04|26|519
4242318001229653|10|26|265
4242153293860489|01|27|765
5189783944340689|07|26|834
4242617464004341|03|26|170
4181824914655986|01|27|426
4181258993866117|07|26|219
5255084410087758|01|27|999
5255203764178548|03|26|825
4181507845863668|01|27|824
4141903428638503|11|26|883
5255101967920007|11|26|737
5189879347148610|02|26|192
4242821808811805|09|26|324
5276913033594896|05|26|326
4242970600140200|10|26|190
5189024300630755|11|26|909
4181978189862188|06|26|540
5276774695510350|12|26|322
5189316970236180|11|26|184
4575631355981225|07|26|105
4575682203555943|12|26|382
4242546719647630|06|26|670
5189381914936642|01|27|350
4181501760424945|11|26|709
4181333347971531|10|26|113
5255593905133349|07|26|881
5276216969751658|08|26|543
5255835919590711|07|26|830
5255457641504579|08|26|142
4575955078237031|09|26|777
4575487104067752|12|26|763
4242852135566416|07|26|615
4141166480754895|06|26|324
4141060954821407|03|26|164
5189561300367466|03|26|898
4141906058391434|09|26|249
4181796231568110|05|26|914
4181643976721399|07|26|116
4242939283398591|01|27|738
5057994726232957|06|26|840
4141507274313648|03|26|334
5189270991866618|01|27|780
4242041364649529|07|26|339
4242708422385128|08|26|473
4242276418021107|08|26|454
4575871845250191|12|26|342
4141337492504699|11|26|213
4181369352873584|07|26|670
4575943912068002|06|26|398
5276188344891915|03|26|565
4242566034014928|08|26|901
5189444148539598|01|27|663
5276555341354511|09|26|661
5057414258626724|12|26|189
4242329439327787|02|26|737
4575212209516580|08|26|411
5255389596416444|08|26|301
4181227919244444|05|26|294
4575938017391150|01|27|759
5057955893579249|08|26|509
4242623268051496|09|26|220
4181685580154285|04|26|337
4141795715312747|11|26|697
5189581441630937|01|27|434
5057465779845920|02|26|296
4141198800150785|10|26|531
5276499295662969|08|26|962
5189026918676070|12|26|774
5057755122707474|09|26|311
4575000006896002|12|26|454
5255986211277984|06|26|940
4575096870018061|06|26|545
4181391684917376|02|27|664
4141454494931190|02|26|897
4242908947098152|12|26|552
4242771924165331|03|26|233
5255375660698512|11|26|601
5189222343853877|08|26|164
5255666474392429|09|26|452
4181649344646978|05|26|941
4181342746007292|06|26|975
5189944158285347|11|26|490
4181944677172589|08|26|431
4141596037718763|11|26|815
4242989749585067|02|26|855
5189202245613264|04|26|527
5276874689615908|02|26|747
4575148756518894|02|26|803
5255339271112792|01|27|829
4242959255663921|07|26|464
4575972791559740|12|26|412
4242945540921133|05|26|470
5276368308740759|02|26|952
4575076748498240|02|26|874
5276847966256695|04|26|355
5189078450070782|02|26|925
5189750610473458|11|26|641
4181694882539805|02|26|809
5255794772805320|04|26|190
5057383153888301|03|26|906
5189592918702331|03|26|485
5255834785739114|03|26|129
4141778969423469|07|26|919
5276064340377102|04|26|212
5255232188293633|04|26|532
4181846160174263|12|26|582
5189801924601456|10|26|363
5189705297370971|08|26|284
4181821181461403|04|26|492
4181804161061435|02|26|752
5255033362357230|04|26|164
5189297896907130|08|26|630
5276779776688033|04|26|939
5255173965720820|07|26|456
5057652526891220|08|26|599
4181896894803125|06|26|424
5255325467993004|09|26|756
4141977824188362|06|26|932
4181850388649437|11|26|281
4141707643939913|12|26|488
5189132816309929|12|26|175
4181979663723151|06|26|737
5255714999968206|02|26|199
5057596017590629|07|26|396
5057054419759293|10|26|311
4141313436696081|05|26|318
5255731734002547|07|26|467
5057254028649865|03|26|593
4141792738421134|02|27|478
5255247348025535|04|26|327
5255013666285279|03|26|508
4242016521655338|07|26|137
5189598841151835|03|26|928
4242448768730328|05|26|450
4141208978784115|05|26|895
4242519509982087|03|26|871
4141374574534500|06|26|961
4141412981833725|03|26|681
5276497048390284|09|26|774
4242904238199031|01|27|694
4242293042246547|11|26|606
5189880050460119|12|26|837
4181920291771675|11|26|539
4181699869168817|03|26|708
4575887594140581|12|26|134
5189997123453861|07|26|513
4242487512658856|03|26|253
5057291661222659|07|26|153
5276554052590207|10|26|513
5255952762762428|05|26|367
5057519678626912|10|26|212
4141917034802949|02|26|737
5189265667362835|01|27|565
5276027866519449|10|26|507
4575706176540879|08|26|558
5255587607532030|08|26|449
4575513906166037|07|26|502
5255127998406567|05|26|284
4575066552068973|07|26|872
4575398564780539|09|26|249
4575125619176086|04|26|288
5276114426152018|06|26|371
5276177409371533|09|26|417
5057309618377499|06|26|193
5255015323419696|04|26|620
5276753569922073|12|26|228
4575373152556435|09|26|964
5276344328089949|07|26|663
5255824663221574|08|26|735
4575148418044131|07|26|415
4575541653700666|08|26|857
5057180603793630|05|26|105
4141915304949788|08|26|807
4575806227112841|02|26|270
4575792937782505|08|26|320
5057787156396593|06|26|440
4181877171442951|09|26|274
5189616090197489|07|26|662
5255018692096244|03|26|426
5057715679003917|09|26|774
4181885270096511|02|26|915
4575351348800271|01|27|799
5189392256963045|01|27|377
4242991445887714|04|26|602
4181939414141632|01|27|766
5189603118919979|08|26|284
4575500819012564|05|26|635
5255624399639770|03|26|134
4575750419460354|06|26|391
4181490315571766|02|26|474
4181550689558101|07|26|676
4181820810128144|11|26|205
5189956352098151|04|26|701
5057758186418400|08|26|494
4575580748423736|11|26|867
4141896760794928|08|26|124
4242525177303878|02|26|921
4242664645605984|06|26|216
5189723610007287|07|26|728
4181879706262995|11|26|389
4141864912031409|05|26|271
5189295392319933|03|26|935
5189963335708583|11|26|673
5255015845185767|04|26|260
4181297081753696|01|27|232
4181481583717504|01|27|216
5255354859812127|08|26|380
5189684639615833|07|26|607
4242959693007442|01|27|352
5276279911502256|06|26|614
4575866691477724|07|26|637
5276957138248080|08|26|437
4181770684796635|01|27|998
5276489286702064|03|26|203
5276998846776772|11|26|550
4181359149738885|05|26|268
5255866107179645|06|26|965
5276721807921561|01|27|652
5057147476438916|02|26|928
5057988410305145|03|26|230
4181341392091915|12|26|981
4141515395785396|03|26|933
4575708912709032|08|26|912
5189500435944922|02|26|659
4242813775056159|04|26|847
5276174181833061|10|26|898
5189380786947778|06|26|728
5255947859973540|09|26|367
4141269915885993|09|26|763
4181275255388531|09|26|726
4575964446468468|03|26|555
5255212095330835|02|26|822
4141910181895030|01|27|899
4141958745152158|10|26|903
5255916686425008|10|26|692
5276958493850908|09|26|428
5189943089157427|10|26|365
5255777350651992|03|26|998
5057979331609491|01|27|919
5276910314978343|03|26|279
5189876763696742|10|26|826
5189999869357454|02|26|596
5255648233650016|02|27|487
4181808865581440|02|26|972
5189046889238544|02|27|463
4141555274752976|07|26|914
5276917169290831|10|26|322
5057626203747384|05|26|827
5255118507728252|03|26|124
4242520877646908|06|26|247
5189993819099654|05|26|379
4242488408683347|03|26|214
5057986241199034|08|26|136
4181279886049611|05|26|362
4242058377701683|07|26|327
4181845124342941|03|26|812
5276276667411153|09|26|229
4575437067073180|04|26|734
4141722760787839|10|26|610
5057770561153718|12|26|301
5189902873160286|09|26|639
4242274625323861|06|26|342
5189278945455693|02|27|955
4181161636361985|07|26|227
4575430596735700|03|26|737
4575710197942171|03|26|179
4575639259427898|02|26|965
5189323643503038|02|26|849
4242136830096576|07|26|119
4141525781460868|05|26|331
5057571070208724|08|26|362
4242720644512017|07|26|942
5189392515034240|02|26|863
5255738859989325|09|26|995
5255176246496987|05|26|255
5189645665656652|03|26|175
5057626414693278|10|26|904
4141086438133937|03|26|323
5255086909565152|07|26|411
5057417112333551|10|26|857
4575973615267601|10|26|950
4141979638342847|02|26|248
4242572532180351|12|26|212
4181475484702441|01|27|913
5189282767470624|05|26|168
5255439255458219|03|26|766
5276887584783050|09|26|572
4181693985870539|09|26|556
4242763558183441|07|26|744
4575283835935213|06|26|227
4141003913563355|04|26|718
4242088219049751|01|27|961
5276656003714826|10|26|922
4181895484508649|05|26|522
4181785702986596|03|26|179
4242454524056222|12|26|824
5276843171498578|07|26|663
5276157001670029|03|26|565
4141412104343453|06|26|582
5255859317974871|12|26|723
5057667337220229|11|26|719
5057037690462976|10|26|382
5255077501948524|01|27|455
5255901445138043|08|26|463
5189085414876550|09|26|935
4181348088961244|07|26|759
5189252581117727|11|26|728
5057789897536107|12|26|569
5255943972714465|06|26|995
4575364557909873|06|26|976
4242147276840351|07|26|526
4141852206753515|07|26|994
5255087898385883|11|26|687
5276039316597313|02|26|282
4141504727585666|05|26|796
4181424371306247|02|27|612
5255227240498394|12|26|925
4575393600618280|06|26|962
5276552236049942|08|26|443
4141234869441722|04|26|583
5057965296470615|11|26|936
5276306404724467|07|26|175
5255073911158150|08|26|126
5189786791912450|10|26|429
4575027330359076|11|26|840
5276016776454060|03|26|770
4141150788206725|12|26|162
4242024887860716|09|26|506
5189335477920591|09|26|609
4242967307535906|12|26|421
5255893157865683|12|26|808
5189880935256286|02|27|524
4181110443887989|09|26|510
5276273776374547|04|26|389
5276929244206716|09|26|257
4141056779345382|01|27|988
5189160765427582|12|26|180
4141691447321173|02|26|469
4181762789526017|09|26|915
5189369340056242|12|26|730
5255590041996399|04|26|723
4141710543279737|08|26|822
5057347927625406|05|26|511
5189967922374121|07|26|357
5057070912085234|08|26|212
4141337259169538|07|26|894
4181525718700510|03|26|522
5255442137551250|05|26|130
4242024701065203|07|26|751
4181968884739344|05|26|785
4141830706272251|05|26|942
5255574676372597|06|26|777
5255126872138148|09|26|994
5276684006905498|10|26|864
4242548013837370|06|26|964
5255747995193445|09|26|172
5276749237731920|03|26|965
4242810051349514|10|26|693
4181322212406087|03|26|156
5189071182788813|06|26|197
5057493136149026|04|26|972
5255940153698657|06|26|263
4141665794349425|05|26|922
5057572416395431|03|26|348
5189046262894400|04|26|962
5255104741426838|06|26|362
5189367737046826|11|26|491
4141043017957913|02|26|647
5057406151072360|06|26|730
4242135574329623|06|26|476
4181326927249674|04|26|216
4181645056176030|06|26|638
5276850763992314|09|26|227
5189172869994334|07|26|998
4181856331288488|10|26|980
5276410749606924|02|26|546
4141711062697762|03|26|176
4242287966367529|05|26|849
4181002811961969|04|26|984
5057485724052331|04|26|793
5276491578568971|11|26|807
4141033400616283|08|26|403
4575071649439369|10|26|195
5276439877226379|04|26|990
4242338568674042|06|26|367
5255843433666926|06|26|221
4181883704578527|01|27|407
5276545042284067|05|26|261
5057930611443689|11|26|924
5276483985573348|09|26|161
5276597710895369|04|26|882
5276619271319744|12|26|739
5057723810906956|01|27|208
5189797128880385|05|26|647
5189298065369243|11|26|249
5255365375942594|12|26|163
5057570833950994|06|26|523
4141755914527701|12|26|848
4181898349947341|02|26|711
4242543896608469|08|26|483
5189276847119284|07|26|912
5276529072540481|05|26|768
4575190517084527|03|26|220
5276049841295200|02|26|528
5189257719177246|10|26|916
5276895941268889|06|26|985
4181612037150948|01|27|514
4141001362663213|10|26|413
5189112597849236|05|26|356
4181377849515510|06|26|925
4141483319282471|09|26|740
4141256900933458|07|26|471
4141048876465882|03|26|874
4141091323784513|09|26|545
5255325226252734|10|26|453
4181937243033103|05|26|252
5057555235382987|02|26|971
4575096638797345|05|26|653
5057612956644887|03|26|702
5255226107528350|09|26|976
5057173188297762|07|26|373
5255692896814246|06|26|824
5255150827589692|10|26|739
4242471531006230|08|26|170
5255642482261609|01|27|940
4181921127299071|08|26|811
4242347043002547|03|26|675
5276475634148001|08|26|703
5276623079001124|03|26|469
4181668389001717|03|26|628
5276871371854571|06|26|577
4141956493888460|03|26|519
5255916268553078|02|27|626
4141908229190430|12|26|462
4242029938784252|02|26|665
5255080055316775|08|26|380
5057942606645244|12|26|349
5255651607653988|08|26|702
5189904162120310|09|26|397
4575395471497330|07|26|262
5255316078857886|10|26|655
5276961303745771|12|26|932
4181526554233228|01|27|251
4181138112249090|06|26|166
4141888023709827|08|26|752
4242522380457369|03|26|766
5255879229779333|12|26|351
5255337705039060|05|26|686
5255705130129773|12|26|595
4575765023738797|07|26|233
4181972934205363|09|26|792
4141653221766502|11|26|816
4242517077582719|12|26|264
4575588300163053|11|26|214
5255797404415566|01|27|829
4181510490391324|04|26|221
4575254715193900|01|27|947
5276916346385951|10|26|184
5276376711912774|01|27|126
5057839146708096|12|26|490
5189341515506202|07|26|360
5057014345044533|07|26|372
4575716842197467|11|26|747
4141170821330266|01|27|426
4242713703728897|12|26|349
4181114844153397|12|26|283
5255477752520263|03|26|168
5276520568102423|08|26|468
5255107562919427|10|26|598
5057488340419785|04|26|134
5189597997553265|04|26|508
4575770592210244|07|26|643
4181084824852633|09|26|751
5189007838458906|01|27|598
5276320155232646|12|26|636
4141118245464823|12|26|114
5057182148085746|12|26|426
5276456429394703|10|26|895
4575943712387420|08|26|487
5276018823548431|01|27|750
4141171670594796|06|26|626
4181724402758070|04|26|173
5189263674582933|05|26|582
5189438235499286|03|26|919
5255291821710841|12|26|851
5189618763182038|07|26|288
4141093631251243|05|26|738
5057937928417595|03|26|391
4141067757764254|09|26|700
4141679493320470|04|26|631
4141263254825843|12|26|332
5276261934380845|12|26|130
5189993036545174|10|26|593
4242414154460300|03|26|677
5189648501697666|05|26|269
4242604948828933|09|26|180
4181994594735687|05|26|415
4242142809945967|12|26|202
5189684056521472|07|26|543
4141884296036956|02|27|772
5189303462079849|09|26|363
5057112937370538|03|26|436
4242576958088923|11|26|779
4242811319421418|06|26|333
5276560855176656|02|26|866
5255037006043668|11|26|710
5255574793757993|12|26|666
4181596043604438|02|26|270
4242864369033401|09|26|104
5276908320260813|01|27|457
4242245583586442|05|26|317
4575231690582109|02|26|997
4181905248801600|11|26|619
5189625070499369|02|26|995
4181362460574020|07|26|384
5189525792065227|10|26|505
5189852021643750|02|26|281
4242454358083235|08|26|941
4141060149882678|07|26|671
5057108968477333|02|26|102
4181842735066167|06|26|316
4181469921127312|04|26|984
4242647085493136|03|26|707
5276869364103543|09|26|507
4141238535917106|08|26|266
5255402346193195|12|26|555
4141451996979255|08|26|617
4242791780521716|09|26|366
4242101824902601|01|27|156
4575947685120460|02|27|956
4242429226552991|04|26|463
5057828013293761|04|26|420
4242251752490192|08|26|571
5255631772786243|12|26|484
5276050636087323|06|26|266
4141792785260492|04|26|590
5276201338876493|05|26|417
4575752382098153|01|27|502
4141295279795205|02|26|546
4242819000884356|02|26|652
4242944236205844|04|26|499
4242938859888027|01|27|713
4242703413158501|11|26|162
4242341615055322|11|26|441
4181429331698880|01|27|322
5255487073548380|07|26|890
4242975011294983|02|27|684
4181102664960306|02|26|924
5276582280999817|04|26|411
4575858269246151|12|26|239
5189363534547116|04|26|854
4242623528141350|02|27|651
5057387892619463|10|26|393
5057056577862140|06|26|812
4181105672133147|04|26|917
5276279975205473|10|26|578
4575259454874669|11|26|980
4575179028613403|07|26|271
4181350063306411|07|26|528
4242437309502460|04|26|669
5276795141859877|10|26|471
5255138870413894|01|27|492
5057663634814616|02|26|852
5057516894797386|08|26|422
5276873884963428|04|26|407
5255110737069920|05|26|851
5255466608355735|09|26|714
4141823706810311|10|26|762
4242250371142861|11|26|718
4575049538083852|04|26|516
4181363730490393|03|26|326
5189262302355647|04|26|154
5189407065764507|02|26|722
5276443261169617|10|26|994
5189471457740392|06|26|262
5057172189698127|10|26|591
5276533766799221|11|26|410
5255187733893560|06|26|854
5057764193629484|01|27|624
5189284083440505|07|26|583
5057488425602370|05|26|915
4181500005320272|04|26|139
4242888479171637|10|26|812
4181672192139169|09|26|614
5189089493158823|11|26|138
4242315547105736|01|27|184
4242766285095689|02|26|803
4141246657057445|08|26|308
4141711087751529|07|26|526
4575613593186445|10|26|791
5189021412578245|05|26|704
4575920724948639|08|26|269
4181405342376559|03|26|383
5255211824374981|04|26|858
4181100990514185|12|26|413
4181661720586389|05|26|274
5276369183215248|05|26|600
4575431540698622|12|26|572
4141399043135928|11|26|780
4181448737708051|04|26|654
4181951302115693|01|27|372
4141867410536217|10|26|304
4575872153251524|01|27|731
5189727947601043|01|27|770
4575910261163478|09|26|891
4181104852992240|03|26|390
4181928447046892|10|26|470
5189319295784686|01|27|184
4141124694975459|06|26|205
4181643711961607|06|26|395
5189113415665002|10|26|241
4181706459863762|09|26|370
4181813471068295|10|26|435
4181015637274367|01|27|517
5057760759672645|06|26|694
5057295865547837|10|26|136
5189912770666111|02|26|836
5057924202959989|12|26|419
4141982194251642|01|27|929
5057542148949128|06|26|437
4575868078607899|05|26|977
5276435921203182|01|27|237
4242775684200402|01|27|489
4575895664401924|07|26|198
5057872940701496|01|27|308
5255942002941478|05|26|746
4141366726369025|11|26|914
4242786117230965|03|26|317
4575873351391955|08|26|167
4181725583872036|11|26|213
5276253965012090|04|26|782
4181760090675465|12|26|510
4141638910899565|03|26|435
5189720885644703|01|27|764
5189290513361211|01|27|393
5255127232208993|07|26|838
4575531373485854|04|26|463
5255894503925395|08|26|931
5057030971441488|12|26|941
5276307853974553|11|26|992
4141124989855010|10|26|512
5255820040300057|11|26|324
4575833358916345|04|26|109
4575360489676747|09|26|470
5276334534949374|03|26|807
4181155237402099|02|26|526
4242316748103926|04|26|627
4181988391844254|05|26|170
4242788865219455|01|27|823
4181296991320711|09|26|180
5189556835198071|04|26|193
5276466885373745|04|26|420
4242080377923083|07|26|159
4575033476374309|07|26|187
5189758370322682|08|26|896
4141712577876701|10|26|386
4181909371413159|03|26|974
4242729732917558|12|26|232
5255091068122605|10|26|179
4141907810376143|01|27|145
4242412033801827|02|27|330
5057222783060859|12|26|362
4141854102770783|08|26|720
4242383043156041|08|26|681
4141531973410273|11|26|257
4575482604707627|07|26|226
5255587252846057|10|26|257
5057899358115737|12|26|908
4242294877713247|07|26|847
5057155810517568|01|27|364
4141146040384276|04|26|387
4242866308169246|10|26|824
5057885385965152|04|26|908
5057868615447092|04|26|774
5189222161659257|05|26|824
4575226944176765|07|26|436
5057218826693326|04|26|354
5057775335985402|01|27|774
5276226988704000|11|26|507
4181643006961221|06|26|583
5255789256288712|10|26|505
5057805511317599|11|26|757
4242197273840441|08|26|667
4181777382962922|02|26|249
5276107745021989|07|26|726
5189027377857540|04|26|232
4141806738961483|01|27|651
4242699950476654|07|26|753
4242972189305311|12|26|116
5057258869766779|11|26|224
4141712828776973|06|26|383
5255309134224118|03|26|771
4181748531597240|01|27|116
4242032602644547|03|26|444
5189089909688066|03|26|318
5189806457577742|01|27|524
5255256281658269|02|26|691
4141634780820534|01|27|622
5276483553963657|05|26|876
5189512737352860|05|26|739
5276918900983254|10|26|424
4575417778501125|11|26|179
4242438740276748|03|26|121
4242369757628192|01|27|514
5255531743411964|10|26|955
4181521665432900|03|26|973
4141048225510123|03|26|939
4575680338188473|05|26|808
4242387898027389|04|26|366
4141266626316714|10|26|461
5276814204572457|03|26|698
5255030149027607|05|26|457
5189120124832989|09|26|476
4181526078694541|09|26|297
4242871806217216|04|26|593
4575584657220356|09|26|376
4575493953895897|08|26|685
4575543427164427|02|26|504
4242522887984402|02|26|975
5276545174576231|06|26|280
4181662019121102|09|26|694
5276551959818327|09|26|769
5057100312856460|03|26|614
4242597205518389|12|26|433
4181128298628449|02|26|801
4181822567610001|01|27|759
5057677707672057|12|26|237
5057156382236652|04|26|317
4141387954330869|08|26|458
5189893334595865|07|26|195
4242603640259074|02|26|409
5255726243542835|04|26|185
5057603967020381|07|26|808
4242004190201915|06|26|561
5057505076672004|04|26|200
4141546869013924|12|26|262
4242220482751256|01|27|618
5255672047290694|05|26|594
4141342239964479|07|26|575
5276193285046438|08|26|236
4575150542384912|03|26|780
5276629858987128|08|26|811
5189026035558904|02|26|776
5255131236156901|08|26|668
4181006878465707|03|26|229
5057205197502723|05|26|766
4575400634984891|08|26|679
5189758814836701|02|26|630
5057712185013431|06|26|734
5276918082449512|11|26|747
5276732877641179|12|26|302
5057877747600494|07|26|286
5057446581020506|12|26|710
4181399843920686|04|26|416
4575466128844263|08|26|917
5057067361564859|11|26|742
4181705461866771|01|27|449
4141402213854656|01|27|936
5255565982673900|09|26|742
5057694952621945|03|26|747
4181769075381130|02|26|681
5276558839042341|12|26|844
4242975974534474|04|26|135
4575133854701295|09|26|447
5189408577899773|01|27|954
5057791364033204|01|27|224
5255575788364570|03|26|889
4242605416140602|05|26|815
4242091370523325|12|26|768
4141829211010164|09|26|911
4181145498800511|04|26|886
5276892421285160|06|26|290
4575489767313846|08|26|295
4141112667703750|09|26|367
4575551694410605|02|27|986
5276491375583157|05|26|710
4575160611984914|06|26|137
5276665789028798|06|26|302
4141651914013927|07|26|724
5057328831789405|06|26|334
5189921982121328|06|26|530
5057637203404389|03|26|621
5276804544331342|02|27|825
5276177868436306|03|26|996
5255823918395431|07|26|599
5255671089613557|05|26|644
4242583595101747|05|26|122
4181571819792055|12|26|585
4141389649090528|08|26|556
4141033969414682|12|26|551
5189110130351595|07|26|170
4181338649191472|10|26|829
4575194164562686|07|26|681
5057991187234837|05|26|378
4575383484538845|06|26|704
4181101787816155|03|26|809
5255523423458076|03|26|996
5057442904746810|10|26|458
5189767766091066|07|26|971
5189263205035336|07|26|620
5276651619448513|03|26|483
5255098821494049|05|26|344
4141128311748033|03|26|778
4141944275652734|06|26|594
5057398642654858|02|27|120
5255561287864682|12|26|357
5189327212377716|05|26|338
4242533189613557|08|26|704
5255239806749920|10|26|534
5057933323570799|10|26|332
5057325812562835|06|26|971
4181219208146018|04|26|515
4141150601288728|07|26|488
4141306393961522|07|26|614
5057013686333844|07|26|299
4141881299765623|02|26|598
5255539481009684|03|26|283
4181308177542107|05|26|810
4575786974232408|06|26|731
4141092154998826|09|26|365
5189372344332403|11|26|257
4242792550780789|01|27|575
4141111458128342|04|26|351
5189153593157273|07|26|341
5276590889552895|10|26|291
4181290703276212|04|26|554
5057901853496479|09|26|753
5057790398891272|10|26|902
4575971133202092|06|26|531
4575582221410909|12|26|854
5057549589171526|02|26|556
4181119634665013|12|26|416
5189204068605872|01|27|375
4181351553906348|02|26|196
5255351436691834|12|26|458
4181763609493461|07|26|565
4141291998087040|06|26|167
4575354159945698|12|26|820
4242318403039833|03|26|962
4242208356390178|06|26|556
4242749391825199|05|26|270
5276656603050621|03|26|729
4242992513653699|04|26|134
5189225801290623|02|26|772
5057695659208704|06|26|888
5189645391616707|11|26|609
5057068980017410|01|27|498
5057680234917219|05|26|910
5057642452465693|11|26|631
4141596795243202|06|26|710
4181011673262978|12|26|717
5057992003939054|11|26|174
4141868702041486|07|26|527
5255703209419944|01|27|430
5276160527712465|07|26|875
5255312588686261|06|26|435
4242757988667122|11|26|703
5189821186925021|04|26|456
5057009119330290|12|26|326
4181042030096148|03|26|167
5276262766787487|06|26|403
4242313882451203|01|27|313
5057335202824919|10|26|725
4242645508470186|12|26|211
5255588122933067|02|26|237
4141563178319926|05|26|548
4181539736581141|12|26|748
4141351597301398|03|26|752
5255484269907066|04|26|197
4141032858653137|10|26|738
4242920494526816|11|26|112
5276514683054072|08|26|152
4181440501535059|12|26|768
5057487323760009|07|26|745
4242487575513378|08|26|717
4575285362076568|03|26|584
4181122012801721|10|26|640
4181470052175310|03|26|173
5255059069351150|08|26|543
4141141499841777|08|26|297
4141408040948207|12|26|985
5057008862726613|07|26|923
5189565193502824|03|26|666
4141527826578159|01|27|464
5189745195750973|03|26|377
4181226162405306|05|26|434
4242760178230081|04|26|820
4141408533818909|05|26|204
5276229830190261|07|26|886
4141857518607358|02|26|903
4575941170004206|02|26|171
4575743425092162|05|26|279
4242740241599860|12|26|102
5255944981872617|02|26|209
4575897652123403|06|26|421
5276089448966902|09|26|974
5057335088869632|06|26|802
4242861306029534|11|26|237
5189563753873602|01|27|107
4575922084024266|04|26|371
5057635806989293|02|26|987
4575247331218085|06|26|616
4575181981222032|08|26|904
4141089650968766|10|26|445
4575362380834144|09|26|353
5189046388529054|12|26|467
4141914832749612|11|26|905
5276723230678412|01|27|731
4575881832948699|07|26|292
5057182060800833|07|26|294
4181210594187864|09|26|948
4141772461371888|02|26|627
4242827501292490|12|26|152
5189596275710027|01|27|687
4575493777288998|09|26|756
5276538778384466|07|26|684
5189463739593434|06|26|518
5189286769958304|12|26|703
5189219406371771|07|26|275
5276406152938291|06|26|788
5255254033776356|04|26|847
5057285662830031|06|26|924
5057722644604449|11|26|253
4141434837993917|07|26|808
4141590277857043|03|26|524
4575661627755925|03|26|689
5057322787466910|04|26|979
4181818689365870|11|26|237
5057757977801873|09|26|739
5276995927850757|06|26|566
4181131161348749|03|26|736
4181566328607042|06|26|190
5255674552347729|05|26|931
5255492596244442|04|26|805
4575050086553262|05|26|248
5057737212599599|12|26|433
4242552634369268|09|26|408
5189921055658156|02|26|453
5276408878685933|10|26|475
4141933461984126|09|26|140
5255522566854851|06|26|774
5255829352005170|07|26|965
4242744517734102|11|26|463
4242014007190466|03|26|577
4242630858858636|03|26|206
5189760353078083|12|26|337
4242929911989853|01|27|317
5189780961574703|07|26|616
4181832303397011|02|27|607
5189927556922850|09|26|895
5189637912975837|01|27|975
4575417298182695|01|27|915
5255435677017328|01|27|768
5255647651753096|10|26|929
5057565113307329|10|26|240
5189933931230175|12|26|872
5276924557373799|02|26|838
5189481882702487|06|26|844
5189304822701072|06|26|714
5057788228510047|03|26|474
4242967386510200|04|26|284
4242242624918619|03|26|700
4575137239882092|08|26|837
5255982490494374|07|26|963
5255899776484103|10|26|546
4575349679783272|02|26|895
4575965017876492|02|27|340
5276907967091028|11|26|470
4242435534022890|04|26|685
5276015182310098|10|26|408
5057628312507386|11|26|680
4181699807103330|12|26|714
4575736961412943|11|26|361
5057185372541102|04|26|174
5255223118912533|09|26|626
4141611905358129|10|26|930
4181831008954282|11|26|926
4575025691979573|03|26|281
5276053526696666|08|26|403
4242955436951987|03|26|246
4141846509108146|09|26|533
4242061309662742|11|26|835
4181438955585604|02|26|608
5276143942805122|06|26|922
4242682277725920|03|26|934
4141636566718345|03|26|339
5057121231964946|07|26|814
5255176238586977|05|26|392
4181178818107358|03|26|200
4242645569995436|05|26|988
5057746095005368|08|26|201
5189487681804978|10|26|108
4181491457958571|04|26|891
4242684334757342|09|26|584
4181775377971528|07|26|838
4575720607314523|09|26|915
4242451426473539|03|26|215
4141346924896870|01|27|716
5255658327411688|09|26|565
4181313944823772|01|27|770
4575360815901116|09|26|874
4575582777836317|04|26|536
4575734684908594|07|26|826
4575900278046857|09|26|956
5255433798708487|08|26|739
4242967203578554|09|26|569
5189916673861679|05|26|889
5255376128205312|07|26|752
4181253007317330|05|26|896
5255599834881171|08|26|159
5276668075158931|08|26|754
4242487939393541|02|27|304
5057410202000644|06|26|711
5057078019642906|11|26|834
5276491858163790|06|26|472
4141641782563848|07|26|484
4141039028709897|11|26|381
4575192815630498|11|26|799
5057815795328279|12|26|604
5057077664873600|12|26|807
4181673645188746|08|26|934
4575330149285155|11|26|970
5189566810078305|12|26|758
5189768280489471|04|26|123
4141971834488011|07|26|757
5189700374665294|01|27|480
4242574136859281|03|26|355
4575026410659595|08|26|831
5276572912786906|06|26|301
4181935923054985|05|26|685
5255615267680144|08|26|941
4141089883393501|08|26|823
5057655440695353|01|27|989
4242708092047677|12|26|489
4242083911196448|11|26|311
4181269676689676|12|26|508
5057908002414139|06|26|969
5255224422252871|01|27|748
5276708673106054|09|26|644
4141612082824511|07|26|588
5276155783215732|10|26|268
4242835764441860|11|26|623
5057917069819023|09|26|134
4575868403135343|01|27|708
5255348505653919|04|26|398
5057190665894937|09|26|268
4575693379168239|07|26|531
4181082005289070|03|26|784
5255055221128783|07|26|500
5276927007055726|09|26|154
4575032195108691|07|26|569
5057952232838303|09|26|847
4575833580007988|11|26|366
5189607186976894|08|26|506
5276213104903195|10|26|736
4242222925356214|04|26|944
5189983764773619|05|26|412
5057562617114855|06|26|748
4242574025000070|07|26|103
4181628039159133|05|26|581
4575275166833272|01|27|968
5189971069250227|04|26|125
5255582820936548|11|26|711
4575218185340507|06|26|373
5255535126155098|12|26|727
4181021317722907|07|26|945
4242387757728168|03|26|631
5057036674034876|01|27|567
4242285377052144|01|27|128
4141583357305462|03|26|954
4141324930298126|06|26|917
5255726676488159|06|26|516
5057650494667499|02|27|451
4141365369671085|09|26|589
4181784934200819|07|26|520
4141894917389148|05|26|991
5276070620080910|08|26|107
4141152479553753|06|26|180
4575626075098169|07|26|317
4181913377618431|06|26|341
4181967850914030|11|26|443
4242770797474036|02|26|881
5255552461979081|03|26|257
4575917892207467|04|26|885
5189692202495772|08|26|493
5189953505801268|03|26|538
5276101566787919|03|26|573
5276260238896837|12|26|902
4181060083492121|07|26|659
5189005573074045|06|26|225
5189016647720869|02|26|944
5276553362645305|09|26|569
5189887508675560|08|26|539
4141849392009439|05|26|439
5276515521134240|06|26|450
5057525915557778|12|26|648
5189305919193628|06|26|188
5276210497561499|06|26|127
5276859989644948|06|26|733
4141391428110238|06|26|636
5255756238756850|11|26|507
4575108245139322|09|26|253
5057515355583269|10|26|800
4141380495636910|08|26|427
4181272437266867|02|27|894
4181486948672872|12|26|659
4242189835296279|04|26|618
5255312466852183|01|27|945
4575873326176150|11|26|560
4141678924425585|03|26|575
5255801625152840|12|26|770
4141442054083197|10|26|831
4141263150924229|07|26|475
5255299183037570|05|26|287
4242247738567897|11|26|212
5276353005423313|05|26|345
5189111397836195|06|26|134
4242503611960983|03|26|290
4242851898786179|10|26|761
5189490772037193|03|26|246
4141168818945666|06|26|257
5189703940527758|10|26|850
5255914196891710|11|26|128
4181162273715921|03|26|324
5057290694834803|03|26|783
5057271240438547|02|26|677
5276822608646579|05|26|553
4242501361456533|10|26|691
5189148395701252|08|26|260
4242267018951355|04|26|225
4181184934242970|01|27|557
4141102498306204|03|26|104
5189479023919440|06|26|537
5255193412923355|11|26|640
5189648791479510|03|26|517
5057883770280063|10|26|381
5057948214478100|10|26|677
4141202208271662|05|26|640
5057503879512220|12|26|105
5255497871117304|05|26|133
4181442174863172|10|26|855
4181455152803218|06|26|119
4181907295541212|01|27|103
5189573407702024|03|26|273
5189156377988045|06|26|899
4575373406970762|02|26|675
5255485279443760|03|26|349
5057362850404687|06|26|836
5255048227237252|09|26|330
4141734638021713|01|27|375
4242603516985083|08|26|290
5255156930497913|05|26|717
4141391300620346|08|26|881
4141452213137750|11|26|127
5189368078135590|07|26|182
4181870792460304|09|26|583
4181592021747661|10|26|880
5189848203313006|07|26|684
4242994760100762|08|26|499
4181541964443846|08|26|479
5189382317940744|03|26|923
4242203904895380|10|26|228
4575254268684453|07|26|241
4181552574752302|06|26|704
5276075376451934|09|26|243
4575077593013431|04|26|602
5276092049640512|03|26|187
5255075365695157|11|26|734
4242635615154849|10|26|573
5276193506372324|11|26|427
5189012425071344|05|26|421
5255131431647738|03|26|791
5276814646620773|08|26|305
5255163772179914|07|26|263
5276568090020118|02|26|862
5189034311305941|03|26|813
5276200087952240|03|26|694
5276572265970560|03|26|883
4141297407873441|05|26|185
5276214700746657|12|26|914
4141630363034253|03|26|661
4575750052497325|06|26|656
4181487457196394|04|26|773
5276777631086229|12|26|528
4181017778858230|05|26|370
4181439687742349|10|26|802
4242166810668375|11|26|498
4181218154854245|12|26|726
4181845675770839|12|26|715
4575117683575202|06|26|699
4575849517634074|02|26|942
4242371823008102|07|26|962
4242777297825211|08|26|923
4242368527126008|06|26|551
4242916592467143|05|26|798
4575024295885146|04|26|376
5276936665581766|06|26|163
4575180918997757|09|26|309
5057695963545544|05|26|129
5276351677494703|07|26|293
4181292345472621|11|26|826
5057576436929855|05|26|702
4242507883428637|03|26|716
5255817854428305|08|26|240
5189491753440109|11|26|114
5057423618265370|10|26|458
5276318631941327|09|26|826
4141532843575899|02|26|166
4575852177434306|08|26|500
5057642419554795|06|26|131
4141181283565661|07|26|538
4141522030592831|08|26|173
4242153312436980|11|26|729
4181205182075901|12|26|298
5057476390398900|10|26|219
5057874079184114|03|26|417
5276151813303176|02|27|911
5255679977462987|01|27|642
5255517796835274|01|27|167
5276518894245148|03|26|671
4242476640887578|10|26|132
4575008641689658|08|26|131
4141955304472969|10|26|567
5276769393849019|12|26|246
4181593529296524|04|26|749
4242436341539399|02|27|393
5189403496166073|09|26|449
5276857995280285|05|26|587
4181972535834637|08|26|433
4242533184933992|09|26|855
5255499330800165|02|27|972
5189285529509746|11|26|401
5057814305705050|05|26|714
5057141582698513|07|26|893
4141910211141744|01|27|174
5255767279267574|08|26|635
5189741580677442|11|26|816
5255617365620170|04|26|684
4575755820991293|03|26|709
4242218126965936|08|26|408
5189158525348502|03|26|465
4575980036024156|09|26|940
4575585375709935|06|26|204
4575057990824721|02|26|552
5057415280077182|12|26|474
4242809353256476|11|26|403
5057437444138973|12|26|463
4575904428354625|12|26|758
4575051503572638|08|26|836
4242548934699479|03|26|966
5057142776469273|09|26|299
5276989334442076|04|26|303
5255924522989989|10|26|933
5057142881997002|01|27|281
4242656494363814|06|26|385
4181412497612085|12|26|302
4141549357111853|01|27|863
5276169164895707|09|26|153
5276899131495005|08|26|604
4242042653706061|03|26|142
5189389610590084|03|26|719
5255437652391082|11|26|786
5057889801461606|01|27|892
4575292035743665|07|26|221
5057826438558503|08|26|339
5255968463807700|09|26|804
5057628281004647|05|26|120
5255091412900102|12|26|406
4242695353318626|12|26|197
4242872091873390|12|26|163
5276436235492362|03|26|978
4181914365816748|08|26|325
5189257356654150|04|26|960
5276528906111766|07|26|620
4141540432691613|06|26|138
5255579787715667|07|26|531
4575333672962786|09|26|980
4181109161577756|01|27|184
4141930151356102|10|26|923
4242369015231987|04|26|774
5057336526035265|02|27|837
5189871437338607|04|26|599
5255011969183969|07|26|799
5189203776065858|01|27|585
5057286317707012|05|26|915
4141575222566948|12|26|281
5057403166715216|07|26|373
4242670228683454|01|27|135
4181668244262074|11|26|799
5255943664469808|02|26|393
5189122550171759|09|26|229
4575365191105430|03|26|692
5189528258666850|07|26|809
5276940285328707|07|26|278
4181394024155392|04|26|745
5276813820519744|04|26|859
4242056837128364|12|26|462
5189560843625885|08|26|763
5255465602362614|10|26|862
4575217197886119|03|26|829
4141501197688723|08|26|209
4242006051654850|09|26|582
4575212351556871|05|26|440
4141111924403550|10|26|938
5276154885228230|10|26|730
4141603995664672|02|27|554
5276506624346351|06|26|629
5189502954105471|08|26|951
5189708410946180|09|26|709
5189089907256783|07|26|965
4242698857849674|08|26|179
4181352211601412|12|26|382
4242453397688871|04|26|338
4575369846160287|09|26|333
5255681047333313|02|27|532
5189395695684387|09|26|672
5255816307568899|10|26|734
4181956816642801|04|26|176
4181196640082284|04|26|751
5057407428519373|04|26|865
4181554662398139|01|27|510
5057773159472516|06|26|530
4181865308927176|06|26|850
4575685016563079|11|26|191
4575072276196389|12|26|692
4141670735677926|07|26|970
5057482918614885|08|26|296
5057765083540723|04|26|860
5255215854105108|10|26|915
4181544860253616|08|26|726
4575871306656100|05|26|946
5276776894261339|11|26|203
4181479778768357|10|26|979
4141153741884174|09|26|742
4242195752033165|08|26|199
5255562414714410|09|26|602
4141562081049422|07|26|351
5189404568064659|02|26|916
5189121179470261|07|26|492
5189074078763338|08|26|720
5057348145912675|12|26|445
4242296372115646|06|26|930
5057312794203695|12|26|623
5276989046562625|05|26|504
5057778618630349|04|26|427
5057902879058749|02|26|417
5276756544950705|03|26|466
5189501579706457|12|26|305
4181807110185486|03|26|821
4575453516894043|05|26|861
5255354995067867|11|26|364
5255799973536988|03|26|890
4575958321270445|08|26|669
5057577571194131|08|26|272
5189771995033816|04|26|558
4141977628303118|05|26|770
4141660515134875|05|26|594
5057706781856367|07|26|899
5189123267662643|12|26|699
5255389371286269|06|26|962
4181502666164619|02|27|647
5189317131556623|08|26|109
5057509053285020|01|27|696
5189377267852410|07|26|997
4242174315957343|03|26|750
4242006121967522|10|26|648
4242416681323331|05|26|719
5255748142204481|02|27|580
5276376128775152|06|26|638
5057210926320199|10|26|412
5255868026388422|02|26|188
5189921831705586|05|26|512
4181242490719664|03|26|907
5057691270016691|11|26|128
4181434866572203|10|26|133
5189389645043687|12|26|736
5057901978001956|08|26|604
5057436839787980|05|26|198
5057058507673233|08|26|497
5189304860989878|11|26|937
4575376886279612|07|26|420
5057800692969441|12|26|372
4242882527440607|04|26|104
5276805273786168|07|26|386
4242415441384336|10|26|400
5255616559035583|01|27|315
4575751166808456|10|26|188
4575602656363504|04|26|973
5276064232103327|05|26|558
4181797853001141|04|26|886
5057249490459892|06|26|475
5255361683368648|03|26|637
5189646354456008|06|26|495
4575589230942822|11|26|179
5255350404306912|03|26|358
5276365232135478|11|26|822
4242464310213911|07|26|997
4141650714802406|01|27|446
5255250080279591|11|26|289
4242253512044004|01|27|375
5057017048879923|02|27|951
5276698811622015|02|26|988
5276123842537520|06|26|319
5057991056289383|05|26|126
5057813966515972|05|26|906
4242021049685908|06|26|211
5276048021728519|06|26|854
5057408565197478|11|26|553
5276268778789106|01|27|858
4141621602267697|07|26|850
5276810992654515|12|26|894
5189194947556752|11|26|576
4242242972601353|12|26|114
4181913680813711|08|26|436
5276536263335274|08|26|661
5255554177982029|05|26|642
5276443050397387|12|26|897
4141077934369182|07|26|406
4242884657101751|06|26|954
4181214227704848|06|26|405
4575794260513663|12|26|767
5255792657812445|04|26|319
5057104518336293|10|26|363
4575801578553586|11|26|703
4575219809520029|10|26|714
5255888107069634|12|26|219
5255324914057612|01|27|330
4242538368617303|12|26|721
5189207957591723|02|26|901
4181344510467298|06|26|238
5057491310343803|03|26|239
4575005218560528|03|26|519
5255718207245240|08|26|999
5276859152288747|01|27|384
4181681250508363|10|26|702
4141187168867957|12|26|852
5189942737598073|03|26|773
4575328524489699|10|26|925
4181460752122084|10|26|658
4181119647271171|11|26|814
5189468760457680|12|26|634
5255603820722330|01|27|395
5255763313063608|07|26|921
4242016204926881|09|26|578
4575471102172103|12|26|662
4141011918791673|05|26|298
5189218130298029|09|26|302
4181663731326276|06|26|718
4242834979768704|10|26|925
5057770124728063|01|27|236
4575472939828164|09|26|761
5276067080734390|02|27|411
5276639869788241|12|26|422
5057881303724748|08|26|984
4575352810093361|09|26|677
5276074994365857|12|26|819
5057391511870234|07|26|100
5189574912579378|02|26|391
5189870411431537|06|26|265
4242065218701574|08|26|118
4141779781771374|01|27|690
5276309192948249|06|26|225
4141947401758754|10|26|878
5189605844497543|04|26|940
4141332704759017|01|27|788
4242944542199954|09|26|642
5255453748232685|06|26|681
4141618713414994|02|26|634
5276433778172022|12|26|385
5276361248319487|08|26|907
4181777665692519|07|26|251
4181151513233696|04|26|995
5276342037133768|08|26|756
5255368976424053|11|26|396
4141159438632396|02|26|997
4141955127693718|12|26|969
5255407710973700|07|26|383
4575297368861695|07|26|128
5189425703967654|03|26|755
4181908308873865|11|26|172
4242480773599497|08|26|457
4181740033760285|07|26|153
5057819435275056|09|26|923
5276629265755274|03|26|161
4181743890454166|02|26|427
4181599666783968|01|27|725
5255080133609142|07|26|796
4575934821967905|08|26|797
5189163634869869|09|26|937
5057390153108051|11|26|730
4242785335837494|08|26|387
5057847704926588|06|26|395
5255342509257991|06|26|715
5276428391631917|03|26|207
4181447255207652|03|26|604
5276745004011694|02|26|676
5255489441257728|07|26|783
4141653288356908|08|26|431
5276376040387631|11|26|392
4242959509267925|06|26|520
4181381503217652|03|26|671
5255299789267910|02|26|308
4181403953919429|11|26|789
4242077270382854|06|26|104
5189676685488776|01|27|176
5057596776178848|06|26|514
4141343270415751|03|26|763
4181159280109080|09|26|841
5255792880369429|05|26|928
5057712163592133|11|26|425
5276096520134010|01|27|323
4181484375458352|05|26|113
4242312598321601|11|26|670
4575596661980916|09|26|503
5057106644031193|03|26|489
4181653572930351|06|26|316
5189060908334150|09|26|754
4575672401880045|05|26|336
4242310702796379|08|26|775
5255076357632760|11|26|189
5255849903703172|11|26|726
4575809112338810|12|26|719
5276767668531361|04|26|727
5189640595443230|05|26|270
5276054047461291|08|26|524
4141854608549806|09|26|947
5255917830901050|12|26|582
5189601350939044|03|26|446
5276966264474832|12|26|600
5276375341332007|12|26|487
5057754576012960|03|26|980
4575883387011279|08|26|781
4575121256505083|02|27|168
4141390510640102|09|26|453
4181344884293361|04|26|241
4575437898182879|07|26|638
5276561567147639|10|26|774
5276793985802863|03|26|211
5057371266646609|04|26|783
5276644582389558|04|26|802
5189242847593837|08|26|994
4575595493930974|05|26|156
4141841117286954|09|26|506
5276460608687366|08|26|275
4181977192140202|04|26|478
4181096442176633|04|26|829
4242491809054340|03|26|705
4181698970555920|09|26|130
5255692496139697|02|27|170
4181437743704931|03|26|706
4141913543087437|12|26|609
4181647478845960|04|26|294
5276522367876777|11|26|870
4141650285585901|06|26|136
4141532158113104|01|27|576
4575861081928287|08|26|721
5057307945893303|04|26|285
4575469337435675|04|26|206
5189403336123508|06|26|109
5276253872304499|05|26|893
4575111577398805|02|26|997
4575480477559547|08|26|839
4141663296553206|06|26|240
4242863843349482|01|27|609
4181861507729497|06|26|549
5057259175244915|10|26|460
5276732416633091|06|26|701
5276427475015989|06|26|167
4575640415452846|10|26|640
5057465316854500|07|26|317
4242605130704816|05|26|397
5189086146637633|01|27|994
5276036382714228|04|26|880
4242586997411168|03|26|122
4575146349982858|10|26|755
5189512993987607|01|27|747
4242337153118936|10|26|231
5255526662731616|04|26|574
5057609158377357|03|26|437
5255633241758738|08|26|144
4242797051089473|02|26|401
5255348243350562|05|26|972
4242298617113071|04|26|318
5189297038820639|04|26|909
4242014055897343|11|26|795
4181234134393402|12|26|549
5255832823905853|11|26|236
5255947150356833|05|26|426
5276845273746549|09|26|249
5057719409296130|11|26|436
4575598133955526|01|27|688
5255376524158545|04|26|854
4141515542053094|10|26|644
4575195318984056|01|27|737
5255921196584120|06|26|576
5255754348526917|06|26|882
5189647288678782|05|26|645
5057686814986573|05|26|907
4575075901293372|10|26|126
5189483310114335|09|26|385
4141931736181445|05|26|940
5276068830130376|11|26|182
4181651390544081|04|26|518
5276337212132635|01|27|274
4181942734916097|07|26|410
5189341307184879|01|27|466
4181651581321463|10|26|460
5276330793141034|04|26|403
4141764926199293|05|26|717
4141680296450274|06|26|836
4141612849743319|11|26|283
4242903462185104|06|26|270
5255762298212560|09|26|269
5276809513040956|03|26|169
5057362413789673|10|26|661
5255483999551418|09|26|507
4575443456596187|06|26|724
5276269276728935|11|26|893
4575660970661805|07|26|710
4575165483734958|10|26|554
4575970847277077|11|26|255
4575174576820914|03|26|971
5276150970978861|08|26|190
5057882584189999|10|26|356
5276816032025178|01|27|341
4181458981202206|04|26|767
4242847392629261|09|26|779
5255173893629846|06|26|612
4141777314301255|06|26|388
5255402721595295|03|26|654
5189525063636623|02|26|208
4181232262857305|10|26|809
5276219414625881|06|26|577
4575267626879805|04|26|197
4141689983407166|12|26|466
5255001292131355|02|26|662
4575796814115648|07|26|104
5057965997623116|10|26|775
5057418714110777|07|26|286
5057019484353991|08|26|267
5255855471170793|05|26|744
4242525057014363|11|26|699
4181098384785710|05|26|874
5057973400795919|06|26|842
4242841561997724|12|26|366
4242274668953822|06|26|549
5255055084549901|04|26|302
4242997375237069|12|26|682
4575760668361278|02|26|550
5276090045887608|07|26|577
4141327187914295|10|26|343
4242759268582617|12|26|380
4141267615166664|08|26|493
4181054641672506|02|26|999
5057185040951428|04|26|734
4181488585281181|12|26|313
4575831604598727|11|26|275
4242391081053939|06|26|133
4242258302808914|06|26|564
5276357339867517|10|26|985
4575548216840301|10|26|671
4242619483158678|09|26|954
5255495895035726|10|26|170
5189487261928726|02|27|721
4141423566045668|09|26|470
4575061078711008|12|26|164
5057871518750588|12|26|378
4141069468120404|12|26|182
5276569715217741|12|26|955
5255376868468922|10|26|444
4242583395810117|02|26|439
5276484128518521|10|26|340
4575702651708594|03|26|175
5276175119917595|05|26|159
5255098069272511|03|26|580
5057769188945126|08|26|488
4242707327340378|12|26|324
4141619333234689|05|26|633
5255461274028070|03|26|111
5057524798040531|06|26|902
5276253331171588|08|26|962
4181577848883310|12|26|723
4181784814854271|02|26|298
5189384638263210|02|26|743
5189588153307000|02|26|250
4242101009878543|04|26|527
5057806034803818|09|26|659
5255168404790236|05|26|380
4141168102123186|02|26|104
4181427845601416|04|26|923
4181905314792253|07|26|812
5057678696338437|03|26|217
4141088135456389|03|26|408
4141071920225003|10|26|486
4141674354060760|06|26|416
4575542071226961|03|26|322
5189276789937719|09|26|757
4575438608160809|03|26|441
5189552573813757|11|26|290
4575707343874456|11|26|655
5276809244068524|09|26|290
4575956746068287|11|26|276
4181408198052555|10|26|357
5255735838318063|12|26|469
5255838665815845|02|27|286
5255727668382087|01|27|719
5189704962326111|01|27|421
5189448912939173|11|26|166
4181912096354617|09|26|941
4575637609610379|03|26|651
5255771961412704|07|26|100
5255955787747845|06|26|539
5057005043027887|07|26|277
5276946468479878|09|26|815
5276855494679981|05|26|449
4575180093650379|07|26|308
5189162584646509|12|26|948
5276396922032923|01|27|755
5276145318789558|08|26|791
5255376796812373|04|26|996
5189325724070027|03|26|417
4181826107742414|08|26|909
4141547122857883|11|26|320
5276994346828510|11|26|145
4141672111600696|09|26|119
4141422901193753|05|26|966
4181660328838341|01|27|396
4141471612661582|04|26|250
5189070789777724|09|26|127
4181509848028638|11|26|293
4242195499360871|01|27|840
5189190015776421|03|26|605
5189114354824105|04|26|964
4575782283585313|02|26|762
5276915888772105|05|26|193
5276842787833715|02|26|500
4242206334659284|12|26|112
5189952109717615|11|26|304
5255472382451153|09|26|386
4242021777690377|05|26|762
4242838589589137|05|26|151
5276376044953776|08|26|287
4575674502400558|11|26|556
5276392388503168|07|26|669
4575535186094985|08|26|313
5057152410948525|03|26|527
4575988814773233|03|26|533
5255533101364207|09|26|269
5189436647813987|01|27|827
4181602843354776|01|27|833
4575673758716857|03|26|148
5276576364749536|01|27|626
5255547995449957|02|26|197
4181492526730009|01|27|739
4181490993347968|02|26|344
5189213019286401|08|26|775
5189224274818283|02|26|646
5255411893704130|02|26|837
4141444359309251|05|26|532
5276858624853492|07|26|295
4181110595535931|09|26|334
5255003668358547|12|26|841
4141504574917228|10|26|805
4575541082715459|03|26|302
5189128287245329|12|26|371
5189111359219091|10|26|278
5276173395591234|12|26|601
4181555802709903|05|26|423
4141529827101262|12|26|130
4141725032057576|04|26|879
4575025609268184|08|26|196
5276781647468439|11|26|839
4181164041116192|03|26|398
4181143274616987|03|26|424
4141135045458458|06|26|499
4141438946923863|12|26|299
4181575326937913|07|26|602
4242651975582594|09|26|359
5276065892880948|01|27|138
5189290815636120|10|26|458
5276214814888635|03|26|977
4242850851458776|10|26|192
5057592744470169|08|26|275
5255632936243691|03|26|389
5255756979103957|06|26|268
5189518460111753|08|26|653
5276532518730179|09|26|112
4141738725486903|09|26|802
4181002335202890|10|26|672
4181700414291102|05|26|350
5189686503453068|06|26|746
4575998675354312|05|26|641
4141346176496643|04|26|474
4141702557095430|08|26|538
4575422945517699|12|26|119
5255657758893612|04|26|139
4181428882426568|10|26|877
5189412182555549|12|26|517
5057259681092337|07|26|573
4575579510386576|12|26|826
4141078961790803|03|26|820
5057609161218291|12|26|810
4141867529243614|04|26|757
5255926296277517|03|26|472
4242280810595478|07|26|968
5255162581569802|03|26|616
4242797865671383|04|26|420
4575629736415210|03|26|647
4181172032703258|01|27|515
5255120955898512|07|26|792
4575019103566938|10|26|292
5276626756192728|11|26|757
4141833200064885|09|26|409
5255700213123074|12|26|493
5276975131435132|04|26|173
5276139357770983|12|26|681
4181035850941807|11|26|340
4575194531231288|07|26|823
4181266780329629|12|26|368
5276140689860419|08|26|484
5189267025142230|11|26|728
5255019836503442|05|26|948
4242694418803680|12|26|348
4242739813001727|11|26|122
5276261842737615|06|26|321
5057506898692949|11|26|985
5189625731055501|05|26|300
4575333743233415|10|26|821
4141221728220108|12|26|976
4575537068334059|10|26|904
4242372383644153|05|26|106
4141399212088296|02|26|444
4181387421019955|04|26|848
4242391894265217|01|27|656
4242769597985811|04|26|473
4575050976348740|02|27|799
5057355820020138|02|26|669
4242564559385963|03|26|252
5276693300279310|04|26|252
4242402352120941|08|26|517
4181623337154266|12|26|492
5255734927722905|01|27|950
4181729026583309|06|26|213
4181657095030375|08|26|116
4181449657116598|04|26|134
4575981269118236|07|26|827
4575951505500315|01|27|821
5276994928307719|09|26|898
5276567606968489|05|26|188
4141985430198345|03|26|629
5057274818212302|12|26|808
5057993446457985|04|26|878
4575970151080703|06|26|576
5189656777146342|02|27|675
5255545563725246|10|26|342
5057127464197765|11|26|723
5276516317132729|04|26|913
4575825104435877|08|26|433
4141763074853222|05|26|508
4575021598851999|07|26|801
5057781734064476|01|27|467
5276844820693304|05|26|798
5255358582033182|05|26|710
4141482346748306|11|26|664
5255679751636566|08|26|375
4242443520816853|02|26|187
5276031838943851|04|26|841
4575888908964625|04|26|199
5255920819689613|11|26|734
4575890093369636|04|26|863
4141654633738410|11|26|766
4181594609218388|07|26|632
4575087776173738|01|27|107
5189250142450025|11|26|534
4575229054653201|12|26|614
4242933278447505|03|26|933
5057272254285071|09|26|696
4181319823297137|03|26|986
4242007932175321|05|26|711
5057404266622237|04|26|680
5255739634010833|08|26|420
4141945267954905|03|26|685
4141721426887355|04|26|195
4242951326687146|12|26|544
5276420675105676|09|26|512
4575697350002226|03|26|826
4141991701235055|09|26|740
4181151252820737|10|26|318
4141783611806632|11|26|457
5057618550616197|04|26|584
4575291325646067|04|26|704
4575119541745977|10|26|295
5276672553030240|09|26|767
5276422532635481|03|26|556
5255133998464358|11|26|437
5255068637733849|05|26|503
5189250924793675|10|26|827
5276401024020105|03|26|791
4141515983416875|12|26|734
5189719648538889|07|26|615
4181878728376833|03|26|504
5189776987670004|01|27|583
4181250432156788|02|26|930
5255783533364289|09|26|714
4141983679687508|05|26|461
5189514992260895|03|26|947
5057317771053443|04|26|952
5057608192938281|12|26|385
5255965595363024|06|26|165
5189311304120614|11|26|943
5057348401064641|12|26|743
4141967160891091|03|26|472
4141289022145511|11|26|280
4575633555012504|09|26|763
4242149877370101|11|26|858
4575862305788085|07|26|950
5057257006921438|08|26|514
4575979269230365|09|26|420
5189480758826099|02|26|927
4242950291311211|11|26|845
4242869421113182|12|26|237
5057422848094287|06|26|537
4575776236871325|12|26|984
5255957804921692|04|26|423
5189680448128778|07|26|816
4141194554261670|04|26|708
5255339607565754|03|26|160
4181957443728054|05|26|703
5276429454018992|02|26|706
5255041317565740|03|26|914
4575155877510460|10|26|440
4181530732674501|01|27|154
4575710624569167|10|26|585
4242452680124131|09|26|335
4575951606345305|12|26|101
5189781882901785|09|26|746
4242449301844048|09|26|792
4181659722666811|11|26|575
4242254696563686|11|26|160
4575119527113703|07|26|821
4575825579177715|10|26|101
5255588709638188|09|26|775
5189383587073661|12|26|177
4141830082729023|03|26|503
4575857373437227|09|26|340
5255734504246161|09|26|906
5276862182833516|10|26|919
4181161506772550|07|26|355
4141546774793628|02|27|746
5057229990707545|04|26|975
4181454742550165|11|26|839
4575884580300840|08|26|409
5057300106686301|08|26|631
4575429781824477|12|26|871
4575028578169607|03|26|606
5189453731740992|09|26|668
4575345055999730|11|26|242
5057061521021231|09|26|282
5189393037466167|03|26|317
5057251794582809|02|27|925
5189138494479694|09|26|648
5276429263635184|02|26|141
4181357529333723|04|26|563
5276530084068511|10|26|974
4242970346479664|05|26|940
5057902520998624|09|26|647
4181502162134181|06|26|792
5057362087924564|03|26|960
5057655723638377|12|26|697
4181379063889910|11|26|636
4242261797224464|12|26|200
4575398820436827|02|27|147
4575643450789023|10|26|768
4141967958115919|06|26|359
4242094757650075|11|26|236
4181895990829786|04|26|605
4575836621068331|10|26|315
5189733614664181|03|26|925
5189708779951540|11|26|349
4181631900580189|11|26|887
5057173479152296|02|26|776
5255581994424810|12|26|418
5189996419971941|11|26|212
4575271319607226|04|26|746
4181903350929806|02|26|873
4181012195178296|10|26|289
4141575701123997|03|26|312
5255124210707336|09|26|103
4242198413281165|09|26|823
5189572625563432|05|26|382
4242591716599285|09|26|922
5057027532133216|10|26|706
5276674111000640|06|26|563
4181955316236205|04|26|927
4242483936288974|11|26|390
4242044282969854|02|26|829
4242168183497283|04|26|739
5189706441941568|08|26|128
5057513604408370|05|26|999
5276002538566854|01|27|998
4181759816212116|07|26|827
4575772622698356|03|26|628
4575824747329258|05|26|320
5276846588359382|01|27|215
5255317306607473|10|26|798
5189576767325542|10|26|506
4242841635232710|04|26|694
5276191839568071|10|26|752
5189557626602941|11|26|972
4575111215553720|12|26|369
5276976770270343|10|26|322
4575931685873195|03|26|458
5057700382174254|10|26|381
5255489538944105|09|26|180
5255329708774470|11|26|607
5255608586323777|11|26|968
5276073670300964|09|26|127
4141112327547142|10|26|572
4141680682598918|05|26|144
4141501956184179|06|26|783
4242128177825451|04|26|456
4181954284046886|02|26|306
5057363426055664|09|26|209
5276244844282921|07|26|556
4181594795400105|09|26|229
5255911258654622|12|26|123
5189798710660961|03|26|331
4181293236159897|03|26|327
5057536952836801|01|27|381
5276959874210886|01|27|601
4575669711762574|05|26|120
4181878895538967|10|26|853
4141497689263630|10|26|979
4242383818337792|06|26|896
4141953094567833|08|26|557
5189072156948474|09|26|948
5189854403092705|07|26|255
4242830372441576|12|26|362
4181741030394730|08|26|148
4575469877568901|07|26|327
5057086789930229|07|26|497
4575264751753822|04|26|251
4181782997827262|09|26|227
4575989075208463|07|26|381
5057095010819747|10|26|884
5057657144884440|03|26|970
4242339975290422|02|26|638
4242740518256426|03|26|720
4242960967068862|02|26|530
4141276179448426|12|26|525
4181925633890794|01|27|779
5255109947264933|09|26|231
5276792554943173|08|26|659
5057625720867808|03|26|245
4141041672388309|10|26|801
5276061434584478|09|26|303
4575212462482231|05|26|696
4181030524173580|01|27|227
4575788026633047|04|26|304
5255705009385316|05|26|309
4181046333915938|12|26|678
4242167851991999|12|26|170
5255023710118202|04|26|766
4181691776716606|09|26|985
5189868576415550|06|26|219
5189718422575430|07|26|383
5057701295929990|12|26|177
5255223825015646|01|27|217
4575175325627401|06|26|875
5255082417547097|01|27|312
4141731924113121|08|26|488
4181951853206834|08|26|996
4141066943308521|12|26|100
5276657682384469|08|26|870
5255552412656788|11|26|705
4575210031063961|05|26|513
4242708630870192|07|26|462
5255213503966541|03|26|312
4575676208961817|07|26|781
4181633391024453|06|26|715
4575804170232955|03|26|909
5057251515302164|10|26|614
4181190296949847|01|27|975
5189337785358910|03|26|294
5057841939841001|10|26|554
5255401861299106|02|26|332
4575932608648441|12|26|122
4141147882570089|11|26|213
5189364134073438|04|26|932
4181417902948214|06|26|985
4181719873134819|10|26|131
5276143174483036|01|27|829
5276798943894019|04|26|699
4141751344199351|10|26|116
5276123234399992|12|26|513
4575332705469546|11|26|586
4181108176119083|05|26|327
4141480749372948|11|26|589
5057827845219010|04|26|594
5276007270000954|06|26|222
5189752989110893|11|26|644
4575626956111446|03|26|425
5057578030344895|07|26|992
5276184138840705|12|26|785
4242166948484620|01|27|742
4181903834345306|04|26|297
5255391671318321|07|26|614
4141869661283002|01|27|141
5276636816769712|08|26|260
4575459087318668|03|26|928
4242981032663024|02|26|719
5276942037933602|03|26|170
5276079422714915|06|26|184
4181748099720069|02|26|862
4181189299414858|08|26|801
4575719872656022|01|27|122
4242662496044295|08|26|854
4242008522796104|12|26|812
4181463841266359|11|26|732
4181208323661589|09|26|915
5189707872781325|05|26|101
5189661844026600|12|26|175
5057074701507275|04|26|546
5276159651828303|11|26|511
5276281650358080|10|26|227
4575801994858262|07|26|688
4141519785143943|01|27|464
5057947580194309|02|26|414
5189085426100452|10|26|305
4242426599489272|06|26|999
5189798823963476|08|26|762
5276059805408749|03|26|204
5255350074730425|06|26|717
5255167620803294|04|26|890
5255099988435544|08|26|471
5057243030884651|05|26|372
5189133349407271|12|26|131
4242639359721102|01|27|489
4181521014681934|06|26|687
4141255314584634|08|26|725
5276889686245285|11|26|523
5057506402255555|11|26|924
4575736319566184|05|26|128
5057961329527182|05|26|327
4575149796933093|04|26|729
4141035095230296|03|26|623
5189757455353901|12|26|453
4181646689010398|08|26|752
4242695693848167|03|26|652
5057994472963961|01|27|524
4181750758378254|02|27|724
4181881883473494|03|26|977
5276621202491857|05|26|316
5255243112800625|10|26|730
5189545519892745|09|26|419
4141120735943340|05|26|341
4181355124185498|11|26|997
4141613868755242|09|26|415
4181239165624146|05|26|364
5276036543113195|04|26|303
5189673620251617|05|26|932
4141705490491996|04|26|219
5255842082167764|11|26|495
4242963745066273|01|27|522
4141158936434537|01|27|221
4575781053456275|11|26|733
4141416827748898|08|26|842
4181916797393642|08|26|374
4242569423062482|11|26|418
4181981179168319|01|27|463
5057417580376215|09|26|165
4141477710356736|03|26|880
5057313758720229|08|26|625
4242354648689629|06|26|104
4181196457581337|12|26|929
4242123264020769|08|26|118
5057406751680448|08|26|196
4181844519933505|11|26|457
5189323944117702|11|26|258
4242257895246425|02|27|475
4141901297819824|07|26|426
5057849835287914|10|26|548
4575989777801417|06|26|237
5276827718049929|06|26|817
5276918599225587|06|26|690
5189931289991224|02|26|983
5276996494712750|05|26|604
5255860460709148|04|26|316
4575823498452228|01|27|192
5189612280797071|09|26|864
5189290272324939|12|26|948
5189561113857331|11|26|395
5189490152181108|07|26|244
5189648385853237|11|26|206
4141241332545435|03|26|553
4242258940614823|04|26|834
4181637021598182|01|27|296
4242882349448390|12|26|332
5057041038894627|08|26|172
5255675412976201|02|26|731
5255398919695949|11|26|452
5057798009906702|03|26|794
4181620514435146|04|26|441
5057038607857720|05|26|733
4141456394476333|01|27|847
5057711683521978|03|26|143
5255788771356715|01|27|567
5255930897438551|06|26|349
5276203531910525|09|26|891
4242504892714644|12|26|629
5276472566284060|05|26|436
5057542076904848|12|26|331
4575416935936075|11|26|385
4141625017112752|07|26|246
5189887955749884|08|26|850
5255065435832823|01|27|970
5255350491232724|11|26|682
4575960326093343|11|26|423
5255307711352617|11|26|849
4242880906847749|07|26|790
4141060312848290|10|26|344
4242879330340800|04|26|509
5189743381536488|04|26|618
4575313660625744|03|26|150
4575147740988072|12|26|599
4141410268354217|10|26|122
5189038162818803|04|26|945
5189463420524151|01|27|195
5189342346152331|11|26|179
5255664393406222|09|26|934
4575201713486315|10|26|743
4181650274599864|02|26|644
4242127943779885|09|26|721
5057288901819252|01|27|986
5057940836906436|01|27|503
4575830969033684|12|26|568
4181861936006152|02|27|827
4575819922667811|02|26|994
4242524353537532|01|27|815
4242608831617618|09|26|579
4181595462995731|11|26|875
4181648091698943|07|26|840
4575793506635942|11|26|160
4242011545163708|06|26|563
4141965183330766|10|26|407
4575825657563166|08|26|479
5189198302599943|11|26|348
4181799119776755|01|27|612
5276820937394796|02|26|425
4181023871726837|05|26|103
5276921505267289|08|26|604
5057321179822920|05|26|746
5189421812852283|02|26|382
5057396975346498|08|26|633
5255738724158544|08|26|579
5189544165482968|03|26|600
5189028226602558|01|27|230
5189677388181510|08|26|488
5255789668610925|06|26|775
5276265656608770|05|26|844
4141834521956460|03|26|818
5255909904329946|08|26|702
4141942469741412|05|26|597
5057312223380445|04|26|912
5276656839883639|11|26|136
4181484815926794|04|26|201
4181774193756932|09|26|474
4575384920109332|10|26|207
5255197449973804|10|26|322
4575019293056518|07|26|831
4141396753151632|07|26|746
5057703155401615|08|26|988
5276538294334995|01|27|983
5276520753144636|12|26|528
5057900030181913|03|26|468
4141933518406990|08|26|369
5255555136598640|03|26|332
4141158481956884|08|26|332
4575493786059695|06|26|275
4141165215731863|08|26|312
4181105116964891|07|26|825
5255295099027770|02|26|799
5189116402088914|11|26|311
4181360416783315|12|26|429
5276211201915138|02|26|264
5276162793811369|04|26|301
4181132085014748|12|26|781
5276540289486426|02|26|472
4575061480578557|10|26|353
4181996840393385|02|26|799
4575115587372734|02|26|817
5255124551542532|12|26|742
5057920704406719|02|26|539
5255204154675739|04|26|623
5255387742729017|03|26|274
4242926151576663|05|26|594
4141584822233909|12|26|793
4181093075272334|04|26|874
4181422312029837|06|26|832
4141883847913994|10|26|951
4575369149357689|04|26|706
5276093995612083|05|26|442
4141902101603016|10|26|537
5255906797456836|03|26|259
5276277459374336|05|26|739
4141669190463145|10|26|118
4181609054843306|06|26|835
4141971584836237|12|26|113
4575450836199350|04|26|704
4575522101990935|01|27|693
5276852488794447|07|26|113
5057253945581847|02|26|718
5276271186611110|02|26|715
4575620296906516|11|26|376
5255799101497749|02|26|933
4181453122788031|10|26|374
4141921303259724|12|26|759
5276947181112440|01|27|207
5276374428639814|11|26|437
4141289491123825|08|26|150
5189233621664621|03|26|104
5057459094541488|12|26|179
5189581683674692|11|26|296
4242357094968058|11|26|449
4242278018562365|05|26|175
4575653768340872|02|26|959
5276769648566392|01|27|866
4575994637198152|10|26|808
4242874748973102|07|26|581
4141070151920274|07|26|118
5189277715317844|10|26|762
5255139348293140|06|26|266
4242353208046089|11|26|262
4181729336509028|02|26|490
4141181453108227|08|26|325
5276337920651215|12|26|404
5057825514502351|08|26|532
4575526020090719|02|27|675
4242794749206551|09|26|899
4242597091490099|09|26|980
4575736030267427|07|26|379
5057051327278275|12|26|463
5189250245559854|03|26|165
4141952848150623|08|26|252
4181143174998675|12|26|683
5276056777726363|07|26|934
4181148119084044|06|26|409
4575936460767546|11|26|360
5276592457003426|09|26|893
5255297692231171|12|26|110
4242726814046694|02|26|304
5255968766732910|12|26|215
4141388849697470|10|26|552
5189526791055078|07|26|301
5189588118238530|05|26|489
4181715520894920|01|27|705
4242160447074016|03|26|824
4575244741420260|10|26|621
4141059761112406|12|26|980
4575971550646573|08|26|175
4575320336230106|02|27|204
5057833809165843|01|27|205
4141670796232413|10|26|350
4575110149656682|10|26|568
4181893029516086|01|27|754
5189789083531574|12|26|277
4575738097077590|01|27|714
5255569430678693|08|26|430
4242257718483742|02|26|697
4575130146483898|06|26|146
5189912089737884|12|26|392
5276903005947446|06|26|820
5276201130874720|08|26|869
5189596191126126|07|26|369
5255111191022512|05|26|745
5189500889982535|03|26|150
4141811240195083|02|27|291
5276339461358564|05|26|962
5189447334883415|07|26|702
4242740139516950|02|26|118
5189602415160584|10|26|228
4181399761890655|04|26|328
5057024387591903|10|26|111
5255253219378060|12|26|955
4242373679282443|08|26|475
5057950986984190|05|26|118
5255709793243178|10|26|992
5255635482506353|02|26|335
4141874298672775|12|26|550
4242630078811159|10|26|975
5255000801917221|05|26|319
5189620249252930|05|26|692
4575749261817877|03|26|850
5189053537082217|12|26|583
5276105682775542|09|26|291
5255030779269297|02|26|409
4575284663639554|10|26|654
4181225569742915|08|26|434
4181180351258739|08|26|629
4575500493903328|12|26|858
4141202586243606|05|26|302
5276640834022013|04|26|966
5255456755639296|05|26|279
4575382689095106|04|26|153
5057510795818904|03|26|961
5189475166414801|01|27|300
5057183692764470|01|27|321
5057785771808984|08|26|565
5276731996775843|01|27|525
4141466032404530|12|26|130
4181680386479739|01|27|833
4181628750775364|05|26|600
5255504595980147|11|26|674
4141105988161435|03|26|741
4575386276558608|11|26|186
5189758169353419|04|26|409
4141822339468083|12|26|302
5057694658978839|12|26|508
5189508098538709|04|26|628
5255218931643034|12|26|530
5276869157347679|12|26|119
5189778345229291|03|26|264
5276604775211688|02|26|843
4575564563704909|02|26|891
5255933792078159|01|27|364
5276113188336611|08|26|259
5189126513802350|10|26|721
5189890472051875|12|26|203
5057245415169749|03|26|163
4181832138366892|07|26|670
4575509312315622|01|27|332
4141655548315541|01|27|212
5057064576748039|03|26|366
5276211281209683|08|26|822
4242575010621192|03|26|426
4575011882595592|12|26|399
4575933504525410|01|27|262
5189773549020802|02|27|391
4242253984263850|12|26|463
5255781205359876|05|26|460
4575390891387625|10|26|134
4141638723205091|06|26|889
4575455048850369|05|26|518
4575583972864039|07|26|835
5255003372037189|09|26|536
5255707032577547|01|27|298
4181685060379055|02|26|596
4141714393266885|08|26|697
4242969188807875|12|26|952
4141615359792147|02|27|706
4141988664756630|07|26|544
4141835863198736|02|26|457
4141178546204419|04|26|935
4242844978206556|04|26|620
4141327128533246|11|26|613
4141668679492468|02|27|608
4181276009035998|07|26|155
5057068894011772|06|26|186
4141363807000124|09|26|342
5276138777158795|04|26|656
4181547962589282|11|26|414
5255505567000988|11|26|868
5255184948056448|10|26|746
5189375805321773|05|26|639
4181056008222858|09|26|750
5189474412561234|06|26|843
5189335149768626|08|26|231
5255066888783646|05|26|598
5255667464029732|08|26|569
4181173748080098|03|26|582
5057831895304318|04|26|988
5057375688195178|01|27|610
5255785078062897|02|26|578
5189234408753967|12|26|878
5189285288845299|10|26|802
4181968526607487|11|26|321
4575438300905683|12|26|421
4575236914343436|02|27|750
5057224940808774|09|26|959
5255207745273054|12|26|571
5255495057098942|11|26|743
5255865574994957|07|26|931
5276552151391121|04|26|467
5057599075646127|08|26|663
5255248492990359|07|26|143
5255368652263619|05|26|805
4575939189439975|03|26|628
5189831253631816|09|26|423
5255138946219259|07|26|488
4242862621401796|10|26|278
5189618270977631|09|26|786
4181010605061243|05|26|460
4575568696416992|02|27|956
5255098950040100|01|27|411
4242264133080830|12|26|498
5189431723707112|04|26|728
4181057565214940|09|26|340
4575019644676584|01|27|257
4575754679247816|03|26|359
4242898030471244|06|26|800
5255601395121292|11|26|950
4242755917387374|05|26|993
4242108599773281|06|26|745
5276434144249775|03|26|287
5255553377389506|12|26|694
4141144277464879|07|26|872
5189741481628825|02|26|373
4181616257815544|10|26|753
5276204136295742|02|27|709
5189165025819528|05|26|730
4575129332893654|08|26|651
4575381394762075|04|26|215
5276874484242502|11|26|132
4181423000735099|06|26|472
5057807108502161|10|26|392
4242309959058798|10|26|121
5057708473418738|09|26|131
5255415840951785|07|26|892
4141872740864743|12|26|190
4242409185019539|12|26|608
5057263109061973|03|26|163
5057343010713548|07|26|470
5276859608866211|01|27|760
5189338274202098|01|27|822
5276236596782470|05|26|976
4181399752856665|07|26|379
4181902617963715|11|26|460
5057603749278067|02|26|785
4141597155011577|11|26|945
5276650262365123|10|26|821
5276160780500870|03|26|543
5276416904510850|10|26|106
4141205939390883|03|26|491
4575369566064727|03|26|451
5057311173552706|05|26|674
5276242769922182|08|26|322
5057654917771920|09|26|694
5057781659711309|10|26|777
5057867355580989|04|26|662
4575359482847529|07|26|544
4575807963810143|10|26|293
5276656981400687|03|26|464
4181365822500302|12|26|365
5276173832702758|05|26|141
5057001362821505|12|26|982
5189824515588593|12|26|829
4242964802830262|11|26|346
4242462678861586|09|26|279
4242991818249328|12|26|278
5255927593652196|01|27|927
5255069285567919|04|26|952
4575160721442274|08|26|690
4242417562531950|10|26|289
4575272767112024|02|26|594
4242111805066037|05|26|700
4242941341231830|04|26|524
4242372689299041|12|26|636
5189815429033205|05|26|823
5255042941846415|09|26|992
5276935904892778|02|27|345
4575351185546938|07|26|633
5189612617994698|09|26|436
4575550796889211|10|26|730
5057795433691405|06|26|593
4141827896524137|02|26|152
4242421489657997|10|26|220
4575567202548009|11|26|483
5276477182880209|04|26|608
5189869718919814|01|27|460
4242879265369311|09|26|911
4575928993704831|07|26|968
4575067475118424|08|26|391
5276637697058779|06|26|306
4242066483553195|02|26|110
5189016324230315|02|27|301
4242179453704209|04|26|623
4181258966327139|09|26|409
5057284019665521|01|27|741
4242167329859331|08|26|559
4181083976333962|11|26|644
4242418135021974|11|26|665
5255966728041065|05|26|521
5276594809017344|11|26|723
5189932442648354|10|26|898
5255898625930886|04|26|118
4575863103954549|07|26|199
5255171077477370|04|26|562
4141438744909452|06|26|989
5276705088930656|08|26|491
4181620480772019|06|26|132
5189964494222150|07|26|217
5057460272519676|08|26|584
5276379595574082|02|26|295
5057577525872352|06|26|869
4242992899813727|11|26|420
4575091477705517|05|26|821
5255839557033562|06|26|403
4141998690956237|09|26|653
4181550143877642|05|26|840
4141462328831171|05|26|628
4575687793109290|09|26|973
5189271055546054|03|26|996
4575651922014904|07|26|580
5255348323061782|09|26|400
5255291877069464|09|26|708
5255573893678836|03|26|296
4141743706667810|08|26|539
4141599858705521|03|26|731
4242960306679403|11|26|846
4575899622128488|04|26|876
4242182551929249|08|26|804
4181046781075045|11|26|561
5255676475108658|12|26|511
4242784300519344|01|27|926
4141144448061059|05|26|125
4181358194578501|05|26|176
4181154576595266|11|26|963
4141666448318295|02|26|860
4141513659167997|02|27|579
4575988721869520|11|26|819
4141904609395327|05|26|318
4181692262428250|04|26|235
5057007165148061|01|27|909
5255457361406823|10|26|969
4242475406038335|02|27|787
4181281257678358|05|26|590
4181286887941993|10|26|540
5255914811525909|05|26|301
5189098613727144|12|26|640
4575442469937206|01|27|517
5276097245447992|08|26|795
5189015273858944|12|26|233
5057190293085932|06|26|797
4181439630195256|06|26|477
4181071507018103|07|26|777
4575295846459918|07|26|130
5276484096469749|03|26|912
4575670522793931|04|26|988
4141305723503491|12|26|783
4141313564386208|03|26|947
5189244995887391|09|26|196
5255708421572974|08|26|396
5189122614013294|10|26|900
5276600189856878|01|27|696
5276731929369102|12|26|558
5276970976332858|08|26|801
4141393044302298|05|26|166
5189022055327882|11|26|518
5057370701757435|12|26|949
4181061018199773|01|27|279
4141535393350696|08|26|435
5057328362109296|01|27|256
4181385843900752|01|27|741
4141500893533985|01|27|583
5057329705274276|01|27|934
5189923161081703|07|26|529
4141951260332925|06|26|193
5189306706513622|09|26|583
4141793936724626|09|26|612
4181574402131004|01|27|615
5189350784529621|08|26|195
4141456206526309|11|26|631
5189176672925450|08|26|297
4181659356601027|04|26|471
5276905254857937|01|27|397
5255477165468878|07|26|260
4242144209909627|07|26|274
5189402088645759|12|26|668
5057435429473431|08|26|122
4181883869410920|06|26|375
4181272866189077|04|26|274
5057561049602792|04|26|246
4141287348405585|08|26|680
4242403113012716|06|26|702
4242039689723805|07|26|414
4141584409012916|05|26|473
4181791904893606|01|27|385
4575120395353892|08|26|703
4575378882296566|04|26|202
5057876219433194|02|26|482
4181103448032420|12|26|538
5057268883554275|06|26|799
4141761200859402|07|26|905
5276230139566987|11|26|280
4242670048855027|10|26|492
4242184516329259|10|26|821
5255104251684479|08|26|373
5057799154279044|12|26|320
5057073080590035|05|26|461
4242604033308353|08|26|884
4181117559950881|03|26|127
5276685987551755|04|26|246
5057622789601269|06|26|316
5255537103310670|07|26|949
4575980433342284|10|26|585
5276761030677523|11|26|950
4575939243740988|12|26|902
4242493153278418|02|26|999
5189350419149738|07|26|842
5255147579445636|03|26|778
4242010345556848|07|26|354
4141704981153496|01|27|793
5189100970501979|05|26|510
5057615234611362|09|26|377
4141271386432974|03|26|992
4141269997107761|04|26|537
4242696544250090|10|26|487
5276857431269058|04|26|651
5057423135215577|11|26|760
5057895371197421|07|26|691
4575311079000244|01|27|638
5255738969413729|10|26|792
5057619206178525|10|26|853
4141350041212680|06|26|182
4575000859330513|03|26|314
4242089014870789|06|26|874
5255001629395491|10|26|114
5189082276498367|11|26|553
4242572316818895|10|26|375
4575247914503432|10|26|819
4141325602916697|09|26|833
5276094602582974|08|26|681
4575663858995147|06|26|170
4141544678627521|01|27|544
5255644631967961|01|27|324
5255178469882745|12|26|858
4141231488724462|07|26|622
5189681878486561|12|26|144
5057439999373526|05|26|651
4181241561809024|04|26|104
4141207719767579|02|26|932
4575636923861783|03|26|626
4575555261335350|02|26|889
4141539374223468|08|26|713
5189041303271841|01|27|935
4242171573407714|07|26|645
5057521080201276|05|26|377
5189277480304696|02|26|960
5255907794264660|04|26|140
5255742926332030|10|26|510
4242963570590835|03|26|673
5276709668236971|01|27|558
5057828579091922|01|27|516
5057392365487893|08|26|587
5189057198563225|09|26|823
4181186445699499|09|26|947
5255190723616017|03|26|332
4141299669305245|08|26|466
5189467560066626|05|26|752
4141181455338350|04|26|221
4242651897035150|02|27|620
5057683791977873|05|26|650
4141557679758095|02|26|524
5255263818919578|04|26|630
5255603784356943|03|26|352
4242821617270748|04|26|949
5276441426396315|03|26|847
4141189776747688|07|26|432
5057213028344372|07|26|123
4242652155452897|02|27|389
5255900770051953|05|26|248
4575276028980996|10|26|167
4181979209266715|03|26|144
5189884873956089|08|26|205
5057422801468452|05|26|156
4141403932735705|08|26|291
4141123725814745|02|27|156
5276658136821221|06|26|821
5057166977743798|08|26|549
4242559937900855|10|26|795
4141307667427679|03|26|101
4242388994376662|08|26|925
5255691006444795|11|26|971
5189405743652425|07|26|548
4575463637969871|07|26|910
4575994013496832|12|26|422
4181240164723871|10|26|844
5255662877523264|07|26|334
5255866110533432|05|26|221
4181244920375489|06|26|242
5057160016183819|03|26|809
4575817490222985|09|26|274
5255521719241941|02|26|212
5057609466694642|12|26|850
4575118753926952|08|26|293
4242185886250058|07|26|185
5189051968571211|10|26|681
5189309877526159|12|26|225
5255938612319162|07|26|608
5276394314186787|04|26|637
5189306184952458|02|26|370
4181524984821589|09|26|827
4242235990968572|07|26|450
4575456453116361|04|26|666
5276597621569061|09|26|756
5189675999458103|10|26|117
4181913490273759|10|26|321
4141345398004631|02|26|356
4242972901677187|11|26|169
5189492245173852|09|26|701
5276644066014284|08|26|587
4575736253726448|05|26|391
5276800423581627|03|26|646
5255734026680707|06|26|649
5189063393035142|12|26|457
4141065892048377|11|26|695
4181440412851405|05|26|235
5189488998764657|03|26|636
4242814933996070|10|26|127
5057700410734418|03|26|329
4181498175105294|01|27|507
4141553336544861|05|26|475
4141955963709271|03|26|979
4242091034182401|07|26|744
5276778022834060|09|26|800
5057639704963053|04|26|179
5057656150764942|11|26|722
4242284092758184|01|27|955
5255152161509617|08|26|443
4575661277359069|06|26|346
4141372733537828|07|26|362
4242393468623219|04|26|320
4575594965688400|09|26|258
5255486334426618|06|26|167
4575949266632483|06|26|346
5276445753928962|06|26|264
4575098585000574|12|26|724
4242353458242479|03|26|425
4181943341826026|06|26|816
4575843944454818|02|26|434
5255167113942237|12|26|811
4141975612321054|08|26|612
4181286029503925|04|26|287
4141030449806941|10|26|141
4181846224269299|11|26|841
5255402475864590|04|26|418
4242854036971968|10|26|139
4575916717125169|10|26|483
4141922395746644|10|26|630
4141497162284111|06|26|690
5276965706704376|05|26|923
5255524299244095|11|26|677
4575062745845260|11|26|626
5057725902401432|12|26|516
5255464102649620|09|26|774
4181254178002131|09|26|662
4575783280886035|09|26|540
5057431314418961|01|27|110
4242042340552829|11|26|339
4141473949430475|03|26|969
5189541329531078|02|26|661
4242081906575105|02|26|235
5255059899474594|02|26|615
4141108120042562|12|26|928
5276711850215342|11|26|555
5189455174433837|05|26|108
5057533764083052|07|26|838
4242143748586482|09|26|348
4141733781132582|02|26|244
5189402481697134|11|26|758
4575822890243516|01|27|232
4141019518102381|01|27|200
4141520738627040|12|26|826
5255479779987343|03|26|527
4181465035949302|09|26|563
5189534689351120|06|26|125
4242282890639028|04|26|610
5255810856806446|11|26|434
4141852363309325|07|26|251
5189218082251943|09|26|162
4181745091327844|04|26|624
4575479317483900|07|26|919
5189699913160272|01|27|227
4181531583663767|12|26|318
5057017182809736|03|26|750
4575133757443532|02|26|459
5189809894266762|08|26|719
4141400548707144|11|26|558
4141937909161650|04|26|773
4181279253564010|09|26|203
5255292171107596|06|26|630
5189255424668277|03|26|307
5276736472372866|07|26|241
4575966363524868|04|26|211
5057963181842394|03|26|206
5276165339710227|02|26|398
5189897701266505|10|26|908
4181854324371049|12|26|504
5189173636848753|02|26|301
5189314182052677|09|26|195
4181532311387042|06|26|627
5057887622483395|01|27|415
4181312778839011|03|26|245
4242179633829884|01|27|568
4181005313582498|08|26|129
4181847427829012|07|26|668
5189043908147954|06|26|755
5057603011531086|11|26|685
5255360011521118|05|26|917
4242073701849967|12|26|101
5255359119957505|02|26|362
5057124729874957|07|26|903
5255306069651091|04|26|979
5255409025385901|01|27|855
4181167646007062|05|26|426
5057604061368411|02|26|461
5189111739375928|01|27|609
5255701024395901|07|26|742
5189989449488473|05|26|811
5057820178001865|10|26|469
5255156011791226|07|26|146
5057838155566049|01|27|133
5276391697707585|10|26|661
5057419699834803|02|26|119
5276444179835331|06|26|906
4242045513061486|09|26|268
5255969854408181|05|26|684
5189529774617054|09|26|781
5255736771056314|06|26|623
5189575225516445|01|27|265
5057491413371859|07|26|961
4575183573923993|08|26|451
4242282926646336|02|26|413
5189175923463733|09|26|291
5057314309783666|11|26|721
5276688005837172|06|26|942
4181084561326411|05|26|911
5189401296509161|08|26|129
5255334806513838|12|26|223
4181563797227006|07|26|896
5189630751428067|05|26|845
5255402188155930|05|26|746
4242739970095520|05|26|992
5276522762911740|10|26|233
4141620592855255|11|26|527
5255030719447557|06|26|345
5276383031430784|07|26|750
5276674394301954|12|26|714
4575677412449334|01|27|201
4141251569696629|09|26|288
4141953290715764|08|26|833
4575359053236029|09|26|514
5057666045158309|07|26|371
5189747992901064|05|26|633
4242181332779956|10|26|172
4141283313837696|01|27|222
4181498249443960|04|26|486
4242160553302805|11|26|135
4575639703442063|08|26|179
5276362500965926|08|26|117
4242984521620570|07|26|851
5189028074804272|10|26|687
5276485214495763|10|26|521
5276233206138599|02|26|947
5276259914437130|10|26|360
4242373378855523|07|26|174
5255608992488453|02|26|535
5057955860916184|04|26|694
5057667625735862|09|26|121
4575478844237250|04|26|328
4141889088084080|07|26|627
4181378610123195|03|26|899
4575191228491100|09|26|704
4141746283087872|12|26|598
4575323768507678|10|26|395
5189079086793219|02|26|870
4242432208403084|10|26|830
4242671184120580|03|26|580
4575611530481424|12|26|987
4141251237111886|05|26|762
4575318245388304|12|26|370
4575875341559088|08|26|511
4575070629812603|01|27|783
5057754160889419|06|26|716
5057009830839793|11|26|863
4181614606625854|12|26|734
4181618769263429|05|26|130
4242739805137125|06|26|952
5189969795748522|02|27|110
5057074375501398|11|26|631
4575577727176871|07|26|484
4141473984743170|06|26|523
4141554841264631|09|26|431
4575237181399309|04|26|295
4181547727156765|09|26|280
4181077624294683|10|26|709
4181259895300015|12|26|236
5276145719899485|01|27|357
4141437051729552|08|26|228
4181217670163545|10|26|106
4181922498345873|01|27|195
5276385427556593|04|26|288
5276536871349378|01|27|921
4575442396439151|12|26|472
4242602629634612|06|26|286
5057748950285044|05|26|141
4181510342392702|02|27|229
4242089942097976|10|26|556
4242949466936141|11|26|853
4181186550322291|05|26|956
5057357286307546|05|26|213
5189058051787935|04|26|810
5189532640556159|08|26|812
5189851294927346|05|26|605
4242960107812401|08|26|635
5255879519951188|07|26|323
5057676103921688|08|26|764
4181462691788173|05|26|863
5255761828151322|12|26|713
5255058003850582|10|26|381
5276110925416193|09|26|900
5057795737204004|12|26|539
4141183631668049|05|26|448
5255293842599245|07|26|819
4575885970632825|09|26|847
4181197158459658|02|27|116
4181757226258042|10|26|324
5255748006516269|08|26|374
4575075118711471|10|26|521
4575629532443325|05|26|813
4181657100993237|04|26|731
4242104224136473|06|26|245
4575347219550730|03|26|911
5276476631078423|10|26|847
5255037897055797|06|26|340
5276277094913803|05|26|629
4575812377769331|09|26|559
4181081483943661|12|26|571
4242739768373683|10|26|112
4141777386089036|10|26|188
4575646061230733|07|26|364
4181457943247564|12|26|866
5057322618010259|05|26|851
4242163764129017|12|26|524
4181433088511817|07|26|735
4242663368467911|05|26|298
5189629745476448|10|26|815
4242819161859767|01|27|168
5276085355371854|07|26|332
4181743499053575|06|26|337
4141492437076350|05|26|115
4242532885621484|02|26|792
5057072065300691|03|26|151
4242908481101610|09|26|403
5189086061743531|05|26|755
4575855632180976|04|26|930
4242662448976057|09|26|592
4181603368958181|01|27|904
5189396777996111|03|26|622
4242147984065770|06|26|819
5057539210949598|06|26|797
4575736186070344|07|26|898
4181097914681050|05|26|395
5189360980572457|06|26|672
5189735577810578|05|26|590
5189712361417977|04|26|112
5255800208944151|04|26|432
4181507753973020|05|26|558
5276569504752932|03|26|812
5276266537695390|12|26|979
5255040423893707|10|26|651
4181648923480130|05|26|878
5255410638154528|09|26|624
4575458028895479|05|26|457
4575020915125988|08|26|730
4575698015201591|12|26|997
5255882551612817|05|26|489
4575263678681967|08|26|748
5255590615116069|03|26|568
4575591142926844|01|27|796
4575211433279270|01|27|455
4181427862000104|03|26|903
4181322522942870|05|26|976
5189676433310751|05|26|862
5255061422311079|10|26|128
4141403794704997|04|26|620
5057290102433537|01|27|455
5057475001017719|01|27|281
4575879248708855|02|27|964
4181319807399297|04|26|914
4242245703856303|11|26|908
4242182306678448|01|27|114
5189634316145901|03|26|532
5255488099396101|12|26|969
4181205030193682|06|26|549
4575617555037223|01|27|704
4575562983283082|12|26|918
4141992978346062|11|26|845
4141185207322547|01|27|883
5255593112355602|07|26|230
5057780837069937|02|26|759
4181029455167215|05|26|350
4141687561967205|10|26|116
5276176509716043|11|26|979
4181780211132675|03|26|969
4575713945882319|05|26|427
4141565207126610|09|26|525
5057176658628655|08|26|649
5057895987071507|02|26|246
5255268015402773|06|26|412
5276119007992609|04|26|763
5255129660295856|02|26|781
5255287891246310|07|26|572
5057475705035124|04|26|342
4575619656716259|03|26|181
4242893240495828|08|26|464
5255664971064591|11|26|569
4141780818284936|07|26|311
4181615721500039|11|26|451
5255872056942934|10|26|198
4575650855726377|04|26|825
4242161088228622|05|26|445
5255515465672804|08|26|492
4575301573137980|01|27|353
5057103327020098|06|26|717
4575804734819560|11|26|716
4575165369962467|03|26|779
5189145303622687|12|26|252
5255357497509567|08|26|217
5189929197865043|02|26|322
5255604868106972|01|27|110
4141037941168761|11|26|758
4181752241739662|02|26|629
5255104099968969|05|26|534
5057781425145246|07|26|351
5189152971681789|10|26|452
4181147242546614|12|26|667
4141704930255889|12|26|979
5255711083159007|01|27|787
5057830384318490|06|26|453
4181174644848349|01|27|429
5057939435948245|12|26|705
5057852819693826|08|26|289
4141472940968871|01|27|804
4141616014771351|01|27|608
4242164027555386|03|26|823
4575838545818452|07|26|375
5057726287246830|11|26|408
4141205811901179|01|27|713
4141590510337126|07|26|172
5189947791369840|03|26|278
4141079989607409|09|26|433
5189846066304658|01|27|686
4575093090639164|08|26|186
5276071541075047|08|26|181
5276881466154092|05|26|266
4242433915424488|06|26|894
4141055337767475|01|27|693
4141203514948282|01|27|263
4242637590259924|06|26|661
4141512034972675|04|26|951
5189677026355815|08|26|936
4575001367055576|11|26|566
5189553156313132|12|26|736
4242277775621604|04|26|608
4141158495964791|01|27|530
4575667220379633|08|26|304
5057029626386932|11|26|972
4141641914614659|01|27|997
5057618042317867|05|26|285
4242276979661010|09|26|335
4181176805221430|12|26|473
4242780645961241|08|26|771
5057869286265961|12|26|773
5189850545421240|02|26|912
5057391104147487|12|26|634
5189854302377314|04|26|529
4575908595017089|07|26|794
4575640497658302|05|26|158
4141445612604271|02|26|223
4242337332577549|08|26|538
5276804034929225|07|26|879
5057351090550425|06|26|746
5255639116092095|05|26|121
4242010906979264|01|27|259
4141316086101047|06|26|191
5255670978044577|05|26|424
5255215854385320|12|26|480
4575833472288126|04|26|696
5057000793184327|05|26|378
4242978117590080|03|26|811
4141918495735552|05|26|471
4575861207880420|04|26|124
4141098258590187|09|26|105
4242416955734072|10|26|624
5057005239058738|06|26|210
4141664471584255|06|26|615
5057967405527806|09|26|956
4181606622916986|09|26|783
5189449277063633|07|26|260
4181405796754806|08|26|986
4575031385971462|07|26|187
5255196764479694|07|26|875
4575398243037392|11|26|260
5255952846453739|04|26|378
5276870994549576|12|26|562
5276856934392367|12|26|639
5255473215162751|05|26|567
5057974074138048|06|26|286
4242683832263605|04|26|567
4242418757915743|04|26|853
5255897863545968|05|26|994
4242463743242018|11|26|136
5276980904410569|08|26|940
5255538333116887|12|26|843
5189929587972656|09|26|536
5255335721372689|07|26|624
5255983962067755|12|26|876
5057929395285902|06|26|837
4181885732536666|05|26|387
5057683769149729|01|27|876
4242987442212716|06|26|690
4141124798108601|04|26|217
4575540565250430|06|26|177
5255250496037336|06|26|224
4575027147980635|05|26|945
4242690202147656|02|26|580
5255638673875827|04|26|329
5276492367351934|07|26|979
5276307498790489|11|26|928
5057951504871901|05|26|732
4141822322492926|09|26|462
4575631247900219|12|26|157
4141839411705901|06|26|900
4242387965085526|02|26|274
4141242593182579|05|26|601
5276810917281998|02|26|193
5255698566733673|11|26|954
5276859427175836|09|26|360
5255613760924259|08|26|642
5057769520967804|02|26|523
5276349961777411|02|26|908
5276570882273673|03|26|368
4575910675017179|01|27|680
4181496702333975|06|26|613
5255036679289285|06|26|763
4242129751982205|09|26|384
5189988764859185|01|27|655
5276570250807961|07|26|460
4242130447224580|11|26|372
5189222489071235|04|26|729
4181342803515674|05|26|124
4242559449159610|04|26|896
4575869800237971|04|26|543
4242376087565325|04|26|855
5057908755038325|08|26|425
4181664689863898|02|27|362
5189129666575443|10|26|791
5276054893094030|07|26|969
4242023709867909|06|26|767
5057081024742117|07|26|465
4575754456664407|07|26|251
5189049367448080|11|26|332
5255174242388282|03|26|574
5255556767657218|10|26|425
5276326815575340|01|27|237
5276548372401814|03|26|998
4181799576780464|08|26|495
4141700527007642|08|26|269
4575831351543900|06|26|228
4181904651851731|01|27|129
5057799616059901|11|26|260
4141784998113535|03|26|490
4181562559148954|01|27|560
5255442061636002|01|27|107
5276603615709752|09|26|792
5057935585601683|08|26|273
5276477014364943|07|26|175
4575846754216177|03|26|297
4242947179163011|04|26|360
5255663114361039|09|26|877
4242106997976365|03|26|764
4181285761783018|05|26|869
5255321048411772|01|27|187
4575390852817628|03|26|399
4575296522775650|11|26|191
5057123776089139|05|26|366
4242957535959937|11|26|395
4181026256855006|03|26|813
5189195295942064|11|26|802
5057224491927320|02|27|872
5189822687946342|09|26|206
5057626689387028|03|26|145
5255027558348193|10|26|289
4141366370699461|05|26|173
5189104674640067|10|26|276
4242447603047237|12|26|761
4141998708554214|07|26|828
5255189536222310|01|27|121
5189179183075625|06|26|471
4141103461489886|11|26|679
5189216809862489|06|26|790
4141487926661381|05|26|570
5255680167245307|08|26|990
4141850157408055|01|27|612
5189333441165476|08|26|450
5255459953251773|12|26|137
4242300953075037|03|26|314
5189221671570517|04|26|461
5189305425598880|10|26|426
5057587494735282|01|27|729
5057929935373119|11|26|256
5276293955649675|05|26|580
4575363427419238|02|26|430
5057228504889872|02|27|499
5189116591147117|08|26|825
4242997247141663|09|26|219
5189439165038763|11|26|863
4242884177336200|11|26|559
4575883161961921|01|27|337
5276032645509257|03|26|832
5255174531586562|01|27|605
5276917441290435|07|26|934
4181596096205836|01|27|677
5255114388088353|04|26|883
4575419279713498|03|26|346
5189333736292514|01|27|276
5189384532389574|06|26|584
4575969413962518|07|26|172
4181551831059386|08|26|614
4242179766118345|12|26|743
5276652931116465|05|26|844
4141327491481924|02|27|719
4181960067685196|06|26|433
4242188658906576|04|26|758
5057030812904363|07|26|991
4141003412213031|11|26|910
5276503991859488|01|27|833
5255775130548728|04|26|385
4181366941853168|04|26|341
5276095766800797|12|26|539
4575465478035282|11|26|754
4242820770049311|01|27|501
5189287498439640|03|26|529
4242652548672417|04|26|728
4141529592554117|03|26|530
5189478874324122|09|26|614
5057999171785201|10|26|199
4242081156346710|01|27|665
4242071934869059|12|26|848
5276978964636990|12|26|415
4141936983908390|10|26|976
4575067456336102|10|26|858
4181532002620396|04|26|468
5189947814714071|11|26|982
4575302881728122|05|26|134
5189462178968263|10|26|530
5057531141286463|08|26|582
4242030068816203|12|26|684
5057588118825400|10|26|739
4181342887890985|08|26|752
4575162801625802|03|26|482
5189335541503944|06|26|352
4575516987039775|06|26|160
4242747989416694|02|26|130
4141273579633632|01|27|482
4575275300494296|02|26|114
4141297484213438|08|26|913
5057459019226827|05|26|733
4181937596382453|06|26|654
5057765075335843|02|26|964
4141585882453667|07|26|882
5255883196527329|01|27|541
4242907101634570|10|26|342
5276062217449954|02|26|901
4575170355033760|11|26|936
5189767236979395|08|26|122
5057663881093047|05|26|460
5276683647815546|11|26|296
4141685550622740|12|26|752
5189507027734645|06|26|519
4141313878318509|09|26|618
4242850951161205|12|26|463
4181683258503222|01|27|396
4242006418561731|05|26|164
4575643725710424|04|26|733
5255822883241778|03|26|563
5057386943703987|06|26|906
5057554845007845|02|26|320
5057579868806328|12|26|721
5057824423556822|11|26|727
5276513814500466|06|26|280
5189165916258166|11|26|675
5255706999125183|05|26|476
5276306251561459|08|26|830
5276672236504256|10|26|916
4575843167995687|08|26|518
4181808263318478|08|26|599
4575670756449259|01|27|679
5255298621622639|04|26|714
5057859494107477|01|27|974
5057910326999324|01|27|258
4575747738679177|08|26|186
5255622833606496|05|26|994
5057211768575445|12|26|261
4141542617305555|12|26|423
5276354405430304|03|26|115
5276601618796594|01|27|712
4181871555750600|01|27|371
5057692159641187|03|26|917
5189542701847314|04|26|367
5189518335115526|10|26|552
5255512464625479|07|26|972
4181734833961987|10|26|818
4575233396461513|10|26|376
5189591891888182|09|26|383
4575234993186339|11|26|522
4575982729103271|10|26|945
4242515693535251|09|26|804
5255909208984230|03|26|611
5189695574219241|07|26|886
5057983276680889|06|26|565
4242962068884312|12|26|640
5057809027807192|12|26|785
4141188334286486|09|26|332
4575854149543123|07|26|589
5276080706519970|08|26|844
5189925332516962|11|26|274
5276043113164442|02|27|855
4141903073678028|10|26|200
4181015780597762|11|26|992
4575359633739088|03|26|180
5057035310442923|05|26|815
5255692076040893|07|26|595
5255749229163608|06|26|505
4575193769187709|05|26|811
5189290146851240|03|26|925
5189986429336805|12|26|554
5255060951525547|07|26|912
4141374658053211|08|26|949
5057921072218355|07|26|606
4141307012877529|08|26|984
4242002726546704|05|26|584
4575988327896356|04|26|407
5189018739811648|10|26|551
5189790071510729|09|26|934
5057386719662912|10|26|575
5255320281523343|09|26|118
4141708637183427|11|26|288
4181401839781674|03|26|268
5189761913913207|06|26|721
5276576590541525|03|26|244
4575732929160385|10|26|340
5255763899183812|06|26|827
5276819730359550|03|26|355
4575013919707877|05|26|763
5255212291523514|02|26|105
5255493592324774|03|26|835
4181120006973233|05|26|173
5255473346881543|01|27|212
5189496011814326|07|26|112
5276485236840871|12|26|954
4141391625561126|11|26|881
4181921247281215|04|26|705
4181079131904556|10|26|704
4242570680891399|03|26|707
4575079377049334|05|26|454
5057720151426669|07|26|531
5255568059825635|08|26|265
5255788301281680|06|26|224
4181520252007885|04|26|710
4242588836418669|10|26|612
5255433383291626|02|26|936
4181460492023147|08|26|221
5255492106240526|06|26|428
5057855795205184|01|27|925
4141203456641911|04|26|563
4141931367822028|02|26|993
4242437041608898|11|26|375
4181559187004732|11|26|155
5057968299402619|12|26|891
4141221455390389|10|26|992
4141064677040360|04|26|903
4575028609140213|03|26|964
4575969383931329|03|26|470
4181116520039733|11|26|846
4181059850211417|07|26|688
5255596091998631|12|26|999
5276967504187200|01|27|261
4242081556093151|06|26|109
5255403745211513|06|26|122
4181011859724692|09|26|285
5276744323055797|07|26|680
5276660325678545|02|27|999
4181736971473279|01|27|986
5189134948062236|07|26|664
5276877549303490|08|26|696
5255913021558288|04|26|368
5189346409490959|06|26|337
5057986401575452|12|26|630
4141964659487473|05|26|568
4181658194161715|07|26|159
5276056891019026|08|26|610
4181131235596752|07|26|137
5276364641142662|08|26|759
5276379673198168|09|26|906
4242241525245460|01|27|655
5276885936126150|10|26|878
5276494248919517|06|26|526
4141100593986615|12|26|310
4141259835892898|03|26|174
5276191796539271|05|26|138
5189570714128885|03|26|698
4575427346771696|03|26|669
5255713385864052|01|27|445
4575331475132151|04|26|494
5057510817437550|02|27|892
4181038083311111|01|27|255
4141805161144484|07|26|590
5189469421857078|02|26|435
4242854910662279|10|26|245
5255362985531537|05|26|499
5255245489368110|03|26|143
5255205387202480|11|26|950
4141603965648440|05|26|398
4575390390841106|09|26|718
4181982721933994|08|26|894
5057875273930483|08|26|794
5276451091970518|06|26|719
4575508292537866|05|26|425
4141949288260839|04|26|121
4141577675220791|12|26|683
5057093498320312|09|26|915
4181699577172093|01|27|209
5057254362048807|09|26|698
5255219288456251|03|26|417
5255305012152363|06|26|249
4575174557271418|06|26|735
5276565091144871|04|26|675
4242202000819930|02|26|517
5189418458487234|01|27|406
4575342821296616|12|26|943
5276313814857028|05|26|656
4242164183205529|09|26|753
5276034662169692|07|26|237
5276894045973700|11|26|560
5255858276176452|05|26|179
5189824279270396|10|26|278
5189056397914361|01|27|998
5189475195548769|08|26|911
5276554074156987|11|26|988
4141119028081941|12|26|312
4141382578199014|05|26|154
4242627162944409|03|26|126
5057442167840904|05|26|859
5057129192917563|01|27|542
5189567952323509|01|27|675
4181485799622754|09|26|442
5276566006302463|08|26|430
4181606462679108|12|26|765
4575825119710595|09|26|413
4141528651240097|08|26|306
4575374361192731|07|26|740
4141087767105231|10|26|970
5255549720792313|10|26|741
4141688226710774|09|26|342
5255168606463756|06|26|713
5276509334345283|04|26|761
4575327449719164|06|26|432
5255715931044634|11|26|755
4242742826225424|04|26|954
5255413260032855|06|26|157
4181012116376011|07|26|262
4181897682462074|11|26|258
5057988126203279|10|26|731
4575883742358407|11|26|350
5189455648469987|03|26|146
4575674502251704|12|26|509
5255999941984910|10|26|411
5276722900823449|04|26|458
4181508624780438|04|26|568
4575124831451666|12|26|467
4242610376403800|04|26|968
4575356970035666|11|26|764
4181719510433905|11|26|593
5255848601551016|03|26|883
5189624856937585|03|26|733
5189412114476459|02|26|422
5255822484058431|10|26|185
4181527008255627|05|26|693
5255060571806087|11|26|994
5255876333687642|11|26|495
5057504643205505|01|27|661
4242046404950175|05|26|760
5255733186078843|07|26|494
5189318474948526|12|26|772
4575123908232546|06|26|445
5189999986914385|04|26|209
5255688838294216|01|27|741
5276563898444982|02|26|723
4141582885743194|09|26|612
4575387183715158|03|26|411
5057447619976362|12|26|681
4242707876142183|08|26|759
5057378106577183|01|27|427
5189493485483381|03|26|284
4575059387092011|11|26|153
5276436454716053|08|26|673
5255911599170981|08|26|947
5057769797705747|06|26|195
4181630505507100|02|26|813
5255102581594806|07|26|856
5057413935301735|01|27|554
5057385539972972|10|26|104
5057929498323386|11|26|718
4575983645832928|04|26|611
5276089312159030|02|27|370
5189254478139707|01|27|190
5189009103172865|01|27|283
4242798563634426|03|26|928
5057739816994689|12|26|269
5255092413664127|05|26|241
5255305112566033|03|26|176
5057702539796757|03|26|700
5057607076957458|08|26|204
5276636047398380|10|26|902
4242766412695765|05|26|519
4141484548585551|08|26|755
4242556908422158|03|26|833
5276382276865563|07|26|570
5189361728136050|08|26|106
5276767747295392|07|26|817
5057094658818350|07|26|348
4575984902123878|06|26|288
4141645019890619|10|26|205
4141717047334355|11|26|452
4242342719659431|11|26|732
5255168373657176|01|27|944
4242257647791025|10|26|309
5276742280465868|10|26|338
4242541939392950|09|26|570
4141984778787595|12|26|124
5057064436628348|04|26|919
5255480695075163|11|26|176
5057580277441293|04|26|994
4242845816372088|01|27|792
4242538104537617|08|26|318
4242674806344109|02|27|518
4141880439325454|01|27|203
5255025468382815|09|26|362
5255799825238247|07|26|312
5276480767925811|12|26|739
5189649988237208|10|26|667
5189775976199587|07|26|914
5276793937642425|03|26|698
5255535100444427|08|26|472
5057966175951329|02|26|931
4181279653915341|09|26|449
5057586779471621|06|26|138
4181931591905558|11|26|640
4181511200298288|03|26|134
4181238942942169|08|26|803
5057061746341158|12|26|249
4181941717771057|02|26|585
5189957883988514|08|26|807
4141437763719297|02|26|678
5255187313147940|02|26|627
5276969506401233|10|26|114
5189276395749581|01|27|148
4242752915705210|10|26|585
4141797596503493|04|26|592
4575792561178491|04|26|786
4575416015730828|12|26|932
4181087368907788|10|26|186
5189676760819325|03|26|369
5255376944076277|09|26|675
5276422362135107|04|26|749
5189864318232213|12|26|256
5276379645715206|08|26|840
4575468605269386|06|26|843
5276680319979840|01|27|215
5276016356028656|08|26|534
4242323867176584|05|26|439
4181860445572662|03|26|294
5189475255624153|08|26|500
5276012237656765|03|26|711
5276479034316051|07|26|131
4181252528740020|08|26|320
5189725366742348|01|27|423
4141975335710617|05|26|975
4141406460627921|03|26|123
4575825688192001|07|26|167
5276988769979412|04|26|103
5276280211294933|08|26|544
4141211662107791|05|26|390
4181165009206073|12|26|399
4575687099846975|03|26|266
4141806584866919|06|26|677
4242484602615904|06|26|165
4141810212488831|04|26|291
4181487436617155|02|26|926
4141921592082225|10|26|710
5189787435684224|09|26|428
5255813799462053|09|26|986
5057331577832272|08|26|179
4242367452919551|07|26|736
4575642307492955|11|26|972
5189160871890475|08|26|144
4242309826024098|05|26|772
5255749422868847|12|26|208
4575816646857546|11|26|349
4181715185455983|10|26|618
5057983595624162|10|26|524
5276722222847209|04|26|883
4242105460939488|02|26|214
4575273807851852|07|26|702
5276485043369478|08|26|897
5255370116091727|11|26|802
5255923639764509|10|26|285
5276103053189062|01|27|912
4141768990569240|06|26|980
5057239739434202|04|26|771
4141081673803419|08|26|995
4575867831525208|09|26|475
4141689786169955|11|26|490
4141531582611881|07|26|631
5189521680444640|10|26|723
4242806076105030|09|26|443
4181236832399698|04|26|745
5189231300684969|08|26|107
4181373235152091|08|26|839
4181236416436189|09|26|991
4141234090700805|02|26|991
4242396077507905|02|26|822
4575167639360324|12|26|654
5057230836583769|04|26|928
4575624493521136|07|26|104
5276069089957758|04|26|600
5057408912536055|11|26|641
4181819991900545|07|26|952
4242036305680443|09|26|844
4181034292590686|10|26|694
5189886511582912|03|26|755
5057718369855125|06|26|112
5057976867401111|10|26|656
5255213995086691|01|27|549
4141559818720812|10|26|661
4242874362509752|09|26|527
4141926865460552|02|27|309
5057087100610003|02|26|391
5276387614986666|10|26|120
5255725640156173|03|26|943
5057016815884801|04|26|981
4575006768090643|12|26|674
5057347406919221|05|26|206
5276927684620941|04|26|794
5189064767754003|12|26|510
4181492715811578|09|26|941
4141172616095047|04|26|525
4141288457204223|04|26|183
4575916385637651|09|26|879
5189703089295274|07|26|681
5255791993207138|03|26|542
4181886391077612|10|26|638
5189613660550346|11|26|565
4181782196580316|03|26|942
4242207843538423|01|27|125
4141909498186794|10|26|371
4141214785878967|04|26|395
4141229110385843|08|26|985
5255131927153423|01|27|411
5276741282204689|03|26|933
4181232206051585|07|26|907
5189083376832091|02|26|610
5255875249207636|02|26|545
5255398195760508|08|26|346
4181216934378840|01|27|851
5189883559077806|01|27|421
4575241919264520|06|26|701
5255080537552690|11|26|106
4242923140434716|03|26|536
4181270003021849|07|26|246
4141080523010902|12|26|494
5255312750741910|04|26|680
4181192900170257|03|26|410
4141568511828004|05|26|946
4181475817359091|05|26|912
5189915731027661|09|26|400
5189752642240582|05|26|112
4181115911066271|03|26|895
4242936631719312|02|26|939
4141283757072859|06|26|834
4575893211648709|08|26|239
4575396424859535|08|26|631
4575337546345649|12|26|376
4141679177397844|09|26|477
4141391499059983|01|27|382
5189106175822102|02|26|798
5276182462116155|08|26|553
4181523536360229|07|26|665
5057051358367948|06|26|449
4181148882828692|10|26|333
4242316279697536|06|26|708
5189236504895576|06|26|969
4141258131226041|11|26|783
4575723523020109|05|26|803
4181750189104238|10|26|353
4242799830962426|07|26|271
4242551204858429|07|26|304
4242716196791090|03|26|901
4181484055275670|12|26|440
5189211828394382|05|26|667
4141143534252085|02|27|490
5276587669292676|11|26|193
5189217346325832|03|26|935
5276889875985998|05|26|316
5189004810256564|02|27|335
4181465949522633|11|26|971
4242244931910487|04|26|688
4575059273400799|08|26|612
4141107572003981|12|26|755
4141374355585499|10|26|754
5255132768974174|08|26|626
5189517853043524|11|26|495
5189912542133739|03|26|609
4181630394831298|03|26|299
4242855354847003|05|26|312
5189795817396796|01|27|563
4575075157039701|11|26|617
5276510804433245|10|26|966
4575583042379547|12|26|566
5255687148123107|03|26|861
4575004752286087|10|26|650
5189374191024091|07|26|321
5189618449240077|12|26|487
4141494708571226|06|26|629
5276884822548387|05|26|222
5255252652438225|05|26|882
4242103512841448|01|27|584
4141953628135644|03|26|133
5057279314996019|11|26|945
4575736145166621|10|26|654
4181422049005126|01|27|354
4141462396992178|07|26|576
4181856544235425|05|26|768
5189932564485353|12|26|532
4242347067340971|11|26|321
4181968885860396|11|26|186
4575578343936987|11|26|208
5255985162280609|05|26|398
4242544593563718|06|26|123
5276433952234838|05|26|201
4575132400742951|06|26|200
4242415890557184|02|26|111
4575223358176407|03|26|893
5189249515858012|05|26|339
4575193172586448|10|26|717
4242954227623228|05|26|359
4141455152776306|11|26|951
4575445565807470|12|26|404
4575131534586029|08|26|259
5255570240714447|01|27|793
4181398699936606|02|27|164
5189359909062624|07|26|804
5255761678087899|05|26|694
4181797136129859|03|26|750
4141144317859609|10|26|214
5276645843864198|04|26|262
5057717596513564|10|26|179
4141449305667991|01|27|881
5276958286746685|10|26|941
4242292809941548|12|26|585
4242369258508562|04|26|496
5189402127848976|01|27|866
4575085788413035|01|27|967
4181375701077520|01|27|511
4242103108623572|08|26|387
4141650651594263|06|26|455
4141215330555257|05|26|945
4242243606551568|09|26|320
4181035116997767|10|26|510
4141533704655150|11|26|263
5255586851109768|11|26|774
5276435091002042|02|27|618
5057584734000171|01|27|973
4181279752978729|05|26|522
4141933885808174|05|26|778
5276128700968048|12|26|407
5276003472521327|05|26|997
5255801226786459|08|26|347
5189087126143808|03|26|381
4575790122902847|06|26|209
4181733874777559|02|26|245
5255756460330598|09|26|104
5057711440669391|09|26|973
4575932096015723|02|26|700
4181628588170309|11|26|603
4181549148555732|12|26|472
5276312489879390|07|26|841
4181430868329899|01|27|278
4181670772222868|06|26|498
5255763232969414|10|26|882
4242920979184230|04|26|391
4181634837738789|09|26|975
5276943044667423|05|26|170
5255671876872978|11|26|985
5057660887251827|01|27|694
5276893379125416|01|27|223
5057907096995664|10|26|701
5189857950724943|01|27|618
4242906296100454|09|26|828
4575255795662086|04|26|600
4575060664245009|10|26|855
5255658984240677|04|26|808
5255324821309775|09|26|234
5189548177164084|12|26|536
5255685415887206|12|26|147
5255049737604205|10|26|515
5276249708215925|03|26|166
5057461863363151|04|26|180
4242645476177144|01|27|330
4141167981670648|07|26|272
4181234460040122|06|26|996
4242270093183720|03|26|303
4242324693833521|11|26|744
4575279332694873|08|26|254
5276225963138382|07|26|431
5057227119913978|05|26|172
4575945244095348|12|26|417
5255503758954758|12|26|138
4242834377056991|05|26|363
5276980338883316|07|26|671
4141143635411218|07|26|372
5189370623608626|02|27|268
5057197011272247|03|26|982
5255086904192796|06|26|120
5255502113373308|05|26|197
5189231167815896|06|26|725
5189489995788897|06|26|783
4242477646730531|08|26|959
5255116883857950|03|26|340
4141010552978299|06|26|718
5255056395903563|04|26|598
4575493351690379|12|26|333
5189971908039567|10|26|648
5189740829935231|05|26|822
4575409798109385|10|26|801
5255908547822820|06|26|634
4141248979577407|05|26|489
4141754177841156|08|26|478
5255058240408921|02|26|625
4141577417657037|08|26|930
4141075142798861|01|27|965
4181241236245612|05|26|625
4575579658970355|11|26|509
5057191211858889|06|26|564
5255893793121921|08|26|884
5189981337143641|02|26|265
4141630545782134|04|26|511
4242149810900907|05|26|189
5057292423954225|07|26|579
4141378639370065|05|26|895
5189131516304388|03|26|757
4141003614610745|03|26|561
4575875865026209|09|26|255
4242743883871910|07|26|888
5189222080541032|11|26|679
5255945135004981|06|26|644
5189053508160141|12|26|260
5255899103153181|07|26|454
5057459758999253|09|26|408
4575086569323625|12|26|194
4575078407134744|10|26|212
4141747384374490|08|26|200
5189352508581599|04|26|959
5276015154825438|12|26|595
5276674493104267|02|26|874
4181889486999997|04|26|853
4181544626059927|02|26|400
5255678518903533|05|26|683
4181633387080790|05|26|725
4141336019715689|04|26|414
5255247806585244|08|26|216
5276463886450549|03|26|738
4181377897919044|02|26|817
4181934243097402|05|26|684
5255521565863731|12|26|589
4242829740013026|02|26|555
5057692806627514|02|27|209
5276875961003986|08|26|736
5276807938039504|04|26|257
5057716266314550|01|27|247
4242844860743153|05|26|912
5057832634151226|03|26|270
4575387537849703|09|26|423
5057224973646679|05|26|260
5276747332443136|03|26|322
5057203641735049|06|26|897
4141020386740351|07|26|172
4575995258319258|11|26|103
4141992567932611|04|26|798
4242617399027516|06|26|923
4141998188965567|01|27|463
5276752462189988|06|26|676
4181517863532566|09|26|474
4242386484646834|01|27|152
4181070425269764|01|27|981
4575657156615019|01|27|849
5276891396238618|09|26|281
5189620868393296|04|26|524
5057724393644972|09|26|998
5057201413502811|09|26|631
5276212784734870|05|26|580
4242846292693930|01|27|480
5276827409211077|07|26|630
4575106493331005|02|26|594
4181477395804787|04|26|444
4242758104450096|12|26|711
4575792863142898|01|27|493
5276017192977676|02|26|296
4575210202194603|03|26|451
5057201613674063|03|26|656
5189221067290050|12|26|558
4141522299280706|04|26|336
4181810346411312|10|26|269
5255404999498970|12|26|111
4181182465925369|10|26|992
5276885443376009|01|27|343
5255156640962552|01|27|121
5255929096950432|10|26|849
4141415357726738|10|26|953
5255818865728766|06|26|311
4141186005775464|12|26|519
5057027076306384|02|26|605
4575753237325338|09|26|663
4181444621213993|08|26|209
5189605489786986|10|26|440
4181659071158824|04|26|548
5255805827288708|08|26|470
5255071437151402|05|26|506
5255307029233996|09|26|873
4181920883945182|03|26|795
5189927074545308|03|26|137
5057090658542552|01|27|287
4181739303133884|12|26|810
4181563656254547|11|26|698
4242279849455878|06|26|617
5276862805196739|10|26|862
4141444867128987|10|26|248
4242861723353848|03|26|106
5189182542896095|04|26|214
4242289420982729|08|26|631
5057539464514700|05|26|843
5057575184470203|02|26|282
4242096764844633|03|26|714
5189205966424795|08|26|935
5255901841437817|02|27|131
5255967114639694|03|26|386
4242958261965825|09|26|165
4181007256540095|07|26|324
5255499185023848|07|26|470
5189613939854156|08|26|394
5189266447297093|08|26|513
5255661716427190|01|27|481
4181538570850430|09|26|743
5057282367062747|11|26|388
5189939482773026|07|26|658
5255081519380498|01|27|670
5255758845946916|10|26|439
4141174028428121|01|27|716
5189256269367504|02|26|307
4181146916544947|11|26|473
4242625944079239|05|26|243
5255942503131009|04|26|440
4575587632635259|05|26|260
5189671828563346|10|26|480
4141043997255114|04|26|247
5057694908116123|03|26|234
4242358741104410|09|26|387
5255964416566907|09|26|587
5057903986275317|11|26|819
4181121837102349|04|26|281
4242721045943488|09|26|790
5189477706701630|02|27|664
4141076166499956|06|26|381
5189402709661045|11|26|180
5255617281319105|06|26|581
4575110696316912|03|26|580
4575990772181458|10|26|921
5255753843790044|01|27|421
5189204694208109|10|26|956
5276822455901713|12|26|334
5189729896872740|05|26|271
4242108109096868|12|26|229
4575804834874838|11|26|544
4575871963694485|09|26|800
4141660048778792|08|26|501
4575579658678974|10|26|358
5276660662296224|01|27|290
5276990060540075|12|26|971
5189447029362022|03|26|325
5189951973089804|02|26|693
5189550996101388|01|27|734
4242123645858929|11|26|920
5057830274480335|07|26|912
5255273887628737|04|26|789
4575385481693309|09|26|937
5276776460140461|01|27|386
5276431123522149|07|26|344
5276542920748024|07|26|695
4575220835050247|08|26|633
4181637408337105|12|26|476
5189500256743205|04|26|632
4141152483276466|09|26|143
4181327978577336|01|27|115
5189704375898920|09|26|149
4575662410697563|09|26|955
5276064130061627|04|26|913
5057956322775721|01|27|377
4181321179278844|06|26|347
4575985526661771|03|26|217
5255429026935942|04|26|533
4575541289801235|11|26|988
5276746546067772|05|26|960
5189627751424005|07|26|171
4141933793794862|05|26|879
4242513833044540|07|26|937
4575536319980447|12|26|328
5057738579543733|06|26|196
5255602801537980|06|26|537
5189513745935993|04|26|144
5057480451129089|10|26|299
5276818739833458|11|26|630
4575100483936766|03|26|658
5255290166859510|04|26|334
5276942167106342|09|26|243
5057141820748880|10|26|968
5057266488661198|06|26|109
5255327983401371|06|26|508
4575816193163009|04|26|687
4242161449982818|10|26|997
5189290265450402|11|26|159
5276163952360867|09|26|694
5276293648105374|03|26|273
4575642072602754|07|26|594
4242468933740044|09|26|352
5276516319734928|05|26|110
5189511092927043|04|26|641
4141765829949247|10|26|773
4575565630201209|02|26|832
4575266977739048|01|27|428
4181652649648921|10|26|566
4575837175142316|02|26|536
4141659559497727|02|26|286
4575304465590225|03|26|790
5057367965049541|08|26|647
4575895280497512|01|27|415
4181074537953745|07|26|596
5189377213453123|11|26|725
4575532256741272|10|26|700
4575976612805539|12|26|400
5276231507769500|11|26|122
5057645420133632|03|26|253
4575093788689737|11|26|164
5189378568456984|05|26|547
4141434500041465|07|26|374
5276653616191575|11|26|967
5189753122546548|06|26|283
4575468265788204|09|26|460
5057089354009858|03|26|234
4141001317168680|10|26|676
4181619596440388|09|26|294
4181305105615955|11|26|131
5189910866098033|10|26|581
4181965478328146|02|26|142
4141094836106463|02|27|876
5189599081385281|01|27|983
5255363398647647|01|27|248
5255800221428612|03|26|300
4141336218020832|02|26|120
5189236405218548|11|26|854
4181176776629884|07|26|144
4141781325052865|03|26|790
5276081238734566|07|26|313
4575726851655446|06|26|312
4181988990026188|10|26|471
5255711643912507|02|26|922
4242639866216059|03|26|714
4242569896223306|10|26|105
5255427957044205|05|26|131
4141632307065021|09|26|895
4141062735726095|08|26|726
5276271468010098|10|26|529
4575572303411727|03|26|455
5057429342267426|06|26|165
4242236412476871|05|26|667
4242231059674268|10|26|485
5276148237453785|02|27|504
4242459181892397|08|26|809
5255666691339096|06|26|459
5276018891482307|08|26|686
5189163432844114|04|26|723
5255205126850359|08|26|351
4141720616256470|07|26|517
5189231519220092|08|26|590
5276327715420066|03|26|473
4141154723761679|05|26|376
4575076484178014|02|27|961
5255688075126907|05|26|868
5255284611179095|12|26|448
5189842670719100|11|26|233
4141406645158024|10|26|683
4575864360049841|09|26|431
5255953300926368|03|26|426
5276443068758257|01|27|831
5255879120174014|11|26|486
4242775299348505|04|26|263
4181779687153157|01|27|355
4242644230482593|09|26|126
5255138738861409|05|26|272
4575818059479834|10|26|560
4141192937031273|06|26|222
5255944605845544|05|26|264
4181873529672449|04|26|238
4181770618130943|11|26|851
4181615643516071|08|26|778
4141595067967670|07|26|728
5276254184461928|07|26|738
4242933446560353|08|26|904
4575500607018443|09|26|536
4575529479094703|05|26|938
4242975325800988|12|26|160
4181850572649854|11|26|637
5255527649465526|06|26|556
5189571945428425|02|27|449
5276634976104721|11|26|218
4181448600525251|11|26|125
4141729789516552|06|26|778
4575570641227797|09|26|173
4242881625583581|11|26|762
4181005333300079|03|26|456
4181346885796557|03|26|160
4242047891820327|06|26|249
5057042505257140|02|26|233
4141633459672507|11|26|624
5276360206814844|07|26|709
4181078061918081|08|26|805
4141294221100598|05|26|935
5276939266434310|05|26|926
5276047142525192|09|26|340
4181118196212081|08|26|790
4181243139801657|10|26|592
5255010744242397|11|26|725
5057031927080586|01|27|635
5255856142470232|12|26|327
4575963548759808|02|27|712
5255237648449485|01|27|277
4575793427299109|08|26|776
4575926798501154|02|27|197
5276892541681447|04|26|811
5276010660873477|10|26|424
4181857665024200|04|26|356
4242088526612846|02|26|736
4181482453326715|07|26|587
4242694307665406|08|26|351
5276672550310751|06|26|544
5276525450756988|01|27|730
5189638251487889|10|26|797
5255275384779665|04|26|456
5255621213498433|07|26|971
4575587607397844|04|26|751
5057655283527739|09|26|647
4141813686594589|06|26|148
5057796574159608|02|27|401
4242579955574192|04|26|825
5276149729060872|01|27|246
4181943850920970|02|26|402
5255159172365103|07|26|544
5276143979236449|10|26|399
5276484771824663|10|26|657
4141474141320266|04|26|414
5255526270713204|04|26|574
4141832340776960|10|26|225
4181032437885664|01|27|265
4242574772553750|06|26|495
5189870642185423|01|27|832
4575357594119878|06|26|339
4242376066802186|01|27|651
5276812660678123|11|26|685
4181222704981219|05|26|424
5255741379077050|02|26|510
4181446025881549|09|26|999
4242722456193407|11|26|915
4575704091706972|01|27|165
5276398054928571|10|26|321
4242525548711247|01|27|891
5057750827147845|03|26|899
4242421863038731|06|26|655
4242693936034919|09|26|804
4181254338031780|02|26|962
5276927030411508|07|26|750
5255521130531433|09|26|863
4575957817544487|10|26|164
5255071282629171|11|26|258
5057002171878868|08|26|996
4141848674779875|07|26|853
4575375344174365|12|26|956
4575856392193225|12|26|578
4242656045505111|01|27|188
5255395490209124|10|26|905
4242994864427533|04|26|945
5276535424817527|06|26|247
4181563540238508|03|26|418
4575085531016572|02|26|172
4181349581528845|03|26|824
5057404273584891|05|26|294
5189084405059300|08|26|296
5189525863590269|06|26|149
4242375455690996|02|26|510
4575232646592739|03|26|287
5189780234152972|02|26|810
4575326793789302|05|26|690
4575427324225533|01|27|955
4242368658221909|03|26|651
5276643570261761|10|26|815
4141585694561855|10|26|508
4242837447701439|03|26|815
5276881296590101|12|26|604
5255231253064481|02|26|848
5057722997887856|02|26|749
5255672824638917|06|26|425
5189221309457467|11|26|106
4181399976175876|11|26|384
4181761916061369|06|26|545
4242491031434310|09|26|750
4575728456475477|06|26|856
5255295582448897|06|26|362
4181227770853044|09|26|108
5255290221301458|06|26|923
5255986374302694|01|27|510
5255705095641440|04|26|198
5189460176620696|07|26|304
5189695039943831|01|27|509
4575474529666467|10|26|673
4181445588671966|01|27|648
5057617203792652|09|26|370
5276499064014509|11|26|506
4181718885796847|06|26|881
5189492119159615|02|26|196
5189132171616876|05|26|741
5255998798896599|05|26|929
5255199965484182|02|27|251
4181320800297892|07|26|355
4141009783498481|01|27|271
4141309636365675|01|27|230
5189136432076200|03|26|375
5057851707151467|10|26|215
4141363938276924|07|26|372
5057924735207385|09|26|943
5276247911962945|04|26|449
4141060908431279|05|26|200
5255141036526054|07|26|452
5189849989903721|03|26|617
5255093891393957|10|26|784
4141521678298099|03|26|320
4141649882280916|06|26|871
5057883564329480|03|26|507
5276727265105027|07|26|558
5057069479563286|01|27|657
4141602663293814|01|27|740
4242760977103414|07|26|349
4181361370409863|06|26|781
4181482343321926|08|26|518
4575839188502114|08|26|155
5057353499286130|02|27|983
5255482833664668|05|26|787
4181520803191113|08|26|905
4575839034976322|04|26|551
4242415160927042|11|26|423
4141622362904917|11|26|586
4181589965002541|05|26|777
4242837614219579|06|26|833
4181709733166465|09|26|590
4242432583305607|12|26|995
5255890679179874|10|26|233
4242930892437268|11|26|584
5255202203577070|12|26|577
4575706722146312|08|26|318
4141094505294285|02|27|296
4575317868029120|12|26|750
5255494969046073|02|26|502
5057655686480759|08|26|595
5276530295297412|12|26|118
5057625266055461|07|26|197
4181499135424759|03|26|200
5276073153892123|05|26|970
4141879873010176|08|26|286
5057934511724487|11|26|755
4575189009965318|11|26|288
5057494311482125|03|26|729
5255544599773809|03|26|588
4141510294431242|06|26|293
4181033818171229|11|26|920
4242261074098490|06|26|301
5057696773577354|04|26|139
4575038458037246|04|26|709
5189739660338646|02|26|845
4181555938840275|07|26|881
4575278014955610|03|26|789
5189140418292302|04|26|742
5189050377931305|08|26|787
5276975228685680|10|26|651
4242418236520544|09|26|231
5255816534428370|03|26|545
4181007900840743|07|26|135
5255111660485000|05|26|358
4575729514568402|11|26|724
5189698372050842|07|26|167
5189070097187749|05|26|508
4242224533819583|04|26|778
5276853280582212|05|26|486
5276378714073497|09|26|117
5189076642487476|09|26|917
5189465477271701|02|27|634
5189027004475302|08|26|239
5189344670744774|08|26|306
4242632335311353|05|26|650
4141736420954258|12|26|820
5255385234723597|11|26|986
4575004783312621|06|26|836
5189169130268936|10|26|764
5057505853304631|06|26|505
4575702414575652|02|26|485
4181515226749737|01|27|942
4575827377906550|12|26|319
5255585072132013|10|26|916
5057591458065447|08|26|205
4242067650040685|02|27|763
5189401538643794|01|27|267
4575687883186570|02|26|528
4575075452964272|07|26|307
5189314187383903|07|26|345
4575534534440735|12|26|696
5189922262656124|09|26|452
5189249230425790|09|26|551
4181423692719989|02|27|665
4242180389548975|12|26|888
5057037865315769|10|26|317
4242586747237004|07|26|249
4575287609424171|03|26|947
5255297817085320|09|26|322
4181017040795384|10|26|494
5057821515539963|10|26|256
4141996248106362|10|26|746
5057801554280919|05|26|526
5276779827577714|09|26|665
5057739642809572|02|26|859
5276554911043604|11|26|801
5189350053916475|11|26|615
4181167977254622|11|26|744
4141046405724308|04|26|841
5189864384137908|11|26|144
5057556699440519|10|26|755
4242093043557375|06|26|969
5057247496702273|12|26|262
4242194519051362|03|26|568
5189282871218885|04|26|877
4575377813392981|08|26|268
4575042169620498|09|26|344
5189669460666161|04|26|156
4242002604976999|01|27|572
4141513367478025|05|26|961
5057372425462250|04|26|909
5255332626093882|06|26|415
5255701546550975|01|27|642
4181112711691838|12|26|440
4181497609294914|06|26|177
4242150030150489|04|26|742
5057765316251700|07|26|839
4242323306246725|08|26|422
4242186921940323|01|27|726
4141408307512456|10|26|665
5276146718209551|03|26|173
5276309686204521|02|26|615
4575450164747739|02|27|725
5189641896620864|05|26|249
4181607087868746|11|26|481
5255181548871135|10|26|129
4242128272032433|07|26|246
5255122554852411|02|26|572
4242540157778734|08|26|290
4181762354781211|10|26|298
5189660287500816|03|26|239
4141101213330465|04|26|979
5057159952198880|12|26|362
4575682477895157|09|26|388
5255503885355259|09|26|364
5276092778293525|07|26|258
5057891107753769|01|27|142
5057474306346147|01|27|999
4141875656164982|03|26|250
5189019493852513|06|26|656
5276205731058757|11|26|946
4141480088859752|05|26|866
5189653053711626|02|26|570
5189091788650969|07|26|942
4141785653014397|07|26|909
4242616573401752|05|26|103
4575657535871119|08|26|245
4575337428794195|07|26|411
4141055867522704|12|26|836
4181391466799141|10|26|118
5276944780506270|01|27|188
4141500631802353|12|26|612
4181691164962499|04|26|209
4575330558643324|03|26|574
5189354880180990|08|26|397
4181478945221175|09|26|730
4141000701764542|03|26|878
4181211889416315|01|27|822
5057120049108738|06|26|801
5276488281245178|06|26|742
4242730544458070|04|26|369
4242490072797494|04|26|219
5276244045277654|06|26|510
4181514166242977|05|26|609
4242795234018237|11|26|616
5255800087126599|12|26|111
5276117200596490|06|26|596
5189905050596974|01|27|280
5057920799637731|11|26|337
4575468101333652|09|26|764
5255271644215533|05|26|794
5189242696007376|09|26|984
4141178338056100|02|26|173
4575332701107462|08|26|187
5189127726446118|03|26|756
4242433122027157|04|26|840
5255197664700304|04|26|672
5057211084082357|08|26|446
5276404280911934|02|26|911
5189959882321887|07|26|451
4242184368348597|01|27|569
5057737928347630|06|26|275
4141785914056682|03|26|615
5276490878550929|06|26|169
5276335483622011|01|27|338
5057444128851137|06|26|814
5189711704401284|07|26|825
4242198127067371|12|26|173
5057771523454830|07|26|906
5189869617976113|11|26|960
4181755084078163|12|26|905
5255930293589296|07|26|125
5276149374614916|05|26|819
4575913628849334|12|26|835
4141670485981999|05|26|177
4242304820826622|03|26|563
4181783844156582|08|26|882
5276581997732883|06|26|149
5255678196409514|03|26|814
4242909062936135|12|26|210
4141479712797438|01|27|885
5189628652101965|02|26|902
4575008000187682|03|26|950
5189911043442631|04|26|387
5057502877937926|03|26|795
5276295146320777|07|26|466
4181570691340181|01|27|416
4181461143649025|06|26|271
5255377024491626|02|26|781
5255926119347885|02|26|870
5189496685088017|12|26|924
5255938599931161|02|26|374
4141312351051819|06|26|286
5057587173759967|12|26|587
5276235921128763|08|26|104
5189240161954395|09|26|523
5255017032630399|01|27|302
4141300082948080|07|26|434
5189112691238617|11|26|364
4575040856583607|07|26|109
5189541207422929|01|27|245
4242013767157509|04|26|159
5057842667316398|01|27|743
5057231638688608|11|26|170
4242979164687548|03|26|196
4181235554850243|10|26|691
5255439044808740|07|26|274
5276906820783854|06|26|604
4181815446128641|06|26|946
5057464446963653|10|26|387
5255725328872737|03|26|288
5057141928155095|09|26|615
4181027953339872|02|26|678
4141220574133035|04|26|839
5255336516080347|10|26|508
5057815941179824|02|27|618
5276389683242310|11|26|775
5255939104898994|05|26|244
